ID,category,correct_result,min_ipsae,max_ipsae,avg_ipsae,max_iptm,min_iptm,avg_iptm,max_ptm,min_ptm,avg_ptm,max_rc,min_rc,avg_rc,multimer_frac_tm0.0,multimer_frac_tm0.1,multimer_frac_tm0.2,multimer_frac_tm0.3,multimer_frac_tm0.4,multimer_frac_tm0.5,multimer_frac_tm0.6,multimer_frac_tm0.7,multimer_frac_tm0.8,multimer_frac_tm0.9,hm_frac_tm0.0,hm_frac_tm0.1,hm_frac_tm0.2,hm_frac_tm0.3,hm_frac_tm0.4,hm_frac_tm0.5,hm_frac_tm0.6,hm_frac_tm0.7,hm_frac_tm0.8,hm_frac_tm0.9,highest_match_all_hits,highest_tm_all_hits,stoich_all_hits,highest_match_multimers,highest_tm_multimers,stoich_multimers,highest_match_homomultimers,highest_tm_homomultimers,num_contacts_with_max_n_models,num_unique_contacts,mean_contacts_across_predictions,min_contacts_across_predictions,best_num_residue_contacts,best_if_residues,best_plddt_max,best_pae_min,best_contact_score_max,buried_apolar_area_mean,buried_polar_area_mean,total_interaction_area_mean,fraction_buried_apolar_area_mean,fraction_buried_polar_area_mean,buried_apolar_area_min,buried_polar_area_min,total_interaction_area_min,fraction_buried_apolar_area_min,fraction_buried_polar_area_min,buried_apolar_area_max,buried_polar_area_max,total_interaction_area_max,fraction_buried_apolar_area_max,fraction_buried_polar_area_max,structural_consensus_mean,structural_consensus_min,structural_consensus_max
22oc_A-9gvh_B,hard_negative,0,0.0,0.010737,0.002147,0.2117027342319488,0.1822006702423095,0.1948738574981689,0.7309149348029389,0.7219520424459578,0.7266445068955175,0.3153455205985654,0.2904165243870578,0.3012279873776387,0.8291,0.8291,0.8257,0.8225,0.7353,0.6522,0.6818,0.8,1.0,0.0,0.1961,0.1961,0.1943,0.1893,0.2941,0.2609,0.2727,0.2,0.0,0.0,2ds2-assembly1,0.8209,heteromultimer,2ds2-assembly1,0.8209,heteromultimer,5xe8-assembly1,0.7523,3,67,14.0,4.0,33,24,72.0,10.253245,141.59,967.4099999999996,693.936,1661.346000000001,0.582304950323412,0.4176950496765874,638.8899999999994,528.3499999999995,1355.0300000000009,0.4714950960495333,0.3899175664007433,1288.3099999999995,942.4700000000004,2175.390000000001,0.5922202455651625,0.4332418554833844,0.778533,0.75252,0.81174
29sb_A-9jm8_A,hard_negative,0,0.0,0.0,0.0,0.2030514478683471,0.0786427855491638,0.130020922422409,0.6362729470234847,0.591608143834119,0.6094361048074506,0.2896957476993747,0.1812358572061548,0.2259039588994174,0.616,0.616,0.616,0.6161,0.6008,0.4985,0.4104,0.25,0.1023,0.0556,0.2144,0.2144,0.2144,0.2146,0.1975,0.1548,0.0916,0.0903,0.0795,0.0278,9tar-assembly1,0.9514,monomer,6w6x-assembly4,0.9311,homomultimer,6w6x-assembly4,0.9311,3,16,4.0,0.0,14,15,81.0,12.70443,100.31,577.0099999999999,459.56600000000014,1036.572,0.5566521187143776,0.4433517401589085,408.54,344.1099999999997,752.6399999999994,0.5428093112244902,0.4572039753401359,661.8900000000003,558.4900000000007,1191.5200000000004,0.5555005371290453,0.4687206257553381,0.671092,0.62456,0.82502
29sb_A-9m9g_A,hard_negative,0,0.014177,0.330596,0.117495,0.6549279689788818,0.3735556304454803,0.4692301273345947,0.7778209829243885,0.6790986390372304,0.7130689899922459,0.6795065717679832,0.4346642321638303,0.517997899866125,0.7548,0.7548,0.7548,0.7591,0.7579,0.7491,0.7505,0.7701,0.7913,0.7621,0.1198,0.1198,0.1198,0.12,0.1128,0.0907,0.0699,0.0747,0.0761,0.0677,9tar-assembly1,0.9563,monomer,4zft-assembly1,0.9375,heteromultimer,6w6x-assembly4,0.9339,29,46,39.0,34.0,44,33,91.0,3.3054957,514.88,834.7300000000001,594.8900000000003,1429.625999999999,0.5838799797989129,0.416115823299241,825.3100000000004,574.9300000000003,1400.2499999999982,0.5894018925191941,0.4105909658989473,842.5799999999999,610.9899999999998,1447.0199999999986,0.5822863540241329,0.4222401901839645,0.995449,0.99187,0.99906
29sb_A-9lp2_A,hard_negative,0,0.0,0.011086,0.002217,0.241999015212059,0.1697191596031189,0.2123711258172989,0.6184145248673317,0.5931417690910372,0.6095510497631206,0.3172821171431136,0.2544036815007026,0.2918071106064632,0.6544,0.6544,0.6544,0.6505,0.6282,0.5739,0.553,0.2877,0.1333,0.0933,0.2114,0.2114,0.2114,0.2075,0.1891,0.1188,0.0629,0.089,0.0778,0.0267,9lp2-assembly1,0.9917,heteromultimer,9lp2-assembly1,0.9917,heteromultimer,6w6x-assembly4,0.9342,5,26,6.0,1.0,13,17,82.0,12.691933,79.59,818.3819999999996,566.5840000000001,1384.9679999999996,0.590903183322647,0.4090953726006667,652.2299999999996,511.6800000000003,1224.3999999999996,0.5326935641947074,0.4179026461940546,882.0299999999997,589.5899999999992,1471.619999999999,0.5993598891018064,0.4006401108981935,0.743203,0.59634,0.97911
22gu_A-8hnr_A,hard_negative,0,0.014623,0.016736,0.01561,0.2793493866920471,0.23908132314682,0.2573985606431961,0.6808879957255165,0.6711872886077501,0.6758132631897682,0.3596395388819017,0.3255711992014457,0.3410815011525104,0.6651,0.6651,0.6647,0.6611,0.6538,0.6262,0.6117,0.6275,0.6769,0.4,0.1162,0.1162,0.1152,0.1142,0.1071,0.1098,0.1288,0.2186,0.1744,0.2,8hnr-assembly1,0.9678,monomer,4j2k-assembly3,0.9509,homomultimer,4j2k-assembly3,0.9509,3,112,43.0,33.0,52,41,78.0,6.8021526,602.85,1010.4959999999996,478.2520000000004,1488.746,0.6787564836446242,0.3212448597678854,932.2299999999996,364.7099999999991,1296.9399999999987,0.718791925609512,0.281208074390488,1134.8799999999992,681.8400000000001,1816.7099999999991,0.6246896863010606,0.3753158181547966,0.7992459999999999,0.67805,0.98148
22gu_A-8s89_A,hard_negative,0,0.0,0.0,0.0,0.2827117443084717,0.1285556852817535,0.1818201392889022,0.6455880213399924,0.4584585199456967,0.5466326018056539,0.3552869997147758,0.2171662561515144,0.2547826317922526,0.7139,0.7139,0.7139,0.7077,0.6853,0.6552,0.5706,0.2222,0.0,0.0,0.1144,0.1144,0.1144,0.089,0.0647,0.0578,0.0601,0.1944,0.0,0.0,8s89-assembly1,0.958,monomer,4zlr-assembly1,0.7609,homomultimer,4zlr-assembly1,0.7609,1,1,0.0,0.0,1,2,62.0,13.75382,3.72,1487.5359999999996,779.4719999999998,2267.0039999999995,0.6561682290812014,0.3438335353620902,1069.3799999999992,402.6299999999992,1472.0,0.726480978260869,0.2735258152173908,2293.859999999997,1334.590000000002,3628.449999999997,0.6321872976064157,0.3678127023935849,0.5060640000000001,0.44668,0.59372
7acw_A-7acw_B,heterodimer,1,0.654621,0.758232,0.704472,0.8161476850509644,0.7345695495605469,0.7773640394210816,0.761699185181506,0.6926124960341485,0.7295370407880302,0.8052579850770727,0.7261781388552672,0.7677986396944714,0.9412,0.9412,0.9394,1.0,1.0,1.0,1.0,0.0,0.0,0.0,0.2353,0.2353,0.2424,0.1667,0.0,0.0,0.0,0.0,0.0,0.0,8bby-assembly2,0.6024,heteromultimer,8bby-assembly2,0.6024,heteromultimer,7jl6-assembly1,0.3395,95,173,128.0,117.0,137,77,98.0,0.84251845,1967.28,2596.0500000000006,1208.196,3804.248,0.6824081921052468,0.3175912821666726,2346.9900000000007,1119.71,3522.6800000000003,0.6662512632427585,0.31785742673192,2827.4000000000005,1272.5999999999997,4067.93,0.6950463749376219,0.3128372415454541,0.876669,0.8386,0.90812
7a67_A-7a67_B,heterodimer,1,0.721051,0.781522,0.764636,0.8659624457359314,0.8312448859214783,0.8555214643478394,0.8664060965445592,0.838118988828082,0.8549284308171694,0.864359821311326,0.832619706502799,0.8554028576417055,0.7497,0.7497,0.7497,0.7577,0.7752,0.6735,0.6591,0.8333,1.0,0.0,0.3458,0.3458,0.3458,0.3461,0.4495,0.3469,0.25,0.0,0.0,0.0,8k20-assembly1,0.8045,heteromultimer,8k20-assembly1,0.8045,heteromultimer,7cre-assembly1,0.6281,78,90,85.0,83.0,88,60,99.0,0.7980826,2166.73,1760.1179999999997,1000.456,2760.574,0.6375913125313794,0.3624086874686206,1712.9399999999996,959.92,2721.4300000000003,0.6294264412459624,0.3527263240281763,1806.0499999999995,1043.2000000000007,2799.22,0.6451975907574252,0.3726752452468905,0.988788,0.98206,0.99483
7b29_A-7pqw_A,hard_negative,0,0.0,0.013349,0.00721,0.2824248671531677,0.1816569715738296,0.2246210753917694,0.7499390845096845,0.7111538735076188,0.7290436498898624,0.3759277106244711,0.2875563519605875,0.325505590291388,0.5186,0.5186,0.5164,0.5128,0.4959,0.4639,0.1902,0.1667,0.3333,0.3333,0.3605,0.3605,0.3598,0.3699,0.3774,0.3448,0.0829,0.0,0.0,0.0,7b2a-assembly1,0.9137,monomer,7b26-assembly1,0.9071,heteromultimer,6ubo-assembly1,0.6867,6,6,1.0,0.0,5,9,66.0,12.541586,28.24,1412.422,679.7200000000005,2092.144,0.6751074495828202,0.3248915944600373,1153.1400000000003,391.0799999999999,1544.2200000000012,0.7467459299840693,0.2532540700159301,1862.7700000000004,836.340000000001,2659.57,0.7004026966765307,0.3144643683001392,0.8288059999999999,0.80957,0.85428
7b29_A-9jm8_A,hard_negative,0,0.0,0.012024,0.00678,0.2263540029525756,0.1670884042978286,0.2028916001319885,0.6780484849418874,0.6501037727311268,0.6653118449489475,0.3151721908265286,0.2647294247522666,0.2953756490953803,0.5333,0.5333,0.5323,0.5335,0.5176,0.4757,0.205,0.2857,0.5,0.5,0.3172,0.3172,0.318,0.3176,0.3306,0.3333,0.095,0.0,0.0,0.0,7b2a-assembly1,0.9106,monomer,9jm8-assembly1,0.9085,heteromultimer,6ubo-assembly1,0.6864,2,46,15.0,6.0,24,24,75.0,9.160972,189.76,1110.5860000000002,781.2440000000003,1891.8240000000003,0.5870450951039843,0.4129580764384002,972.8600000000006,730.1900000000005,1720.0400000000009,0.5656031255087092,0.4245191972279715,1207.4499999999998,855.4400000000005,2062.890000000001,0.5853196244104141,0.4146803755895855,0.8529769999999999,0.78472,0.93215
7djx_A-7fia_A,hard_negative,0,0.0,0.015917,0.00552,0.2374461889266967,0.1218333840370178,0.1712634563446045,0.5107025912698651,0.4642488315593526,0.4818403726355181,0.2920974693953304,0.1903164735414848,0.2333788396027872,0.9708,0.9708,0.9708,0.9735,0.978,0.9779,0.9777,0.9602,0.9548,1.0,0.0292,0.0292,0.0292,0.0229,0.0055,0.0037,0.0037,0.0057,0.0065,0.0,9g9n-assembly1,0.9087,heteromultimer,9g9n-assembly1,0.9087,heteromultimer,7obf-assembly1,0.8636,1,16,5.0,0.0,8,11,78.0,10.477039,199.72,653.7320000000003,641.4320000000004,1295.1620000000007,0.5047492128397837,0.4952523313685855,583.7200000000012,558.8400000000001,1231.4100000000017,0.4740257103645418,0.4538212293224835,778.710000000001,785.5100000000002,1394.0200000000004,0.5586074805239528,0.5634854593190916,0.574963,0.47588,0.6654
7djx_A-9lx1_A,hard_negative,0,0.0,0.011933,0.004733,0.1727987676858902,0.125651329755783,0.1537248581647873,0.6202850597228502,0.5982750240190381,0.6086757303681873,0.2622960260932822,0.220176068608434,0.2447150326054673,0.9364,0.9364,0.9364,0.9355,0.9385,0.9394,0.9638,0.98,0.9672,1.0,0.3068,0.3068,0.3068,0.3015,0.2749,0.2136,0.0604,0.01,0.0164,0.0,2vyr-assembly1,0.9075,heteromultimer,2vyr-assembly1,0.9075,heteromultimer,5e03-assembly1,0.8448,3,45,12.0,8.0,17,14,70.0,11.417984,199.68,481.8380000000001,591.2400000000001,1073.0739999999994,0.4490258826511502,0.550977844957571,420.0799999999999,484.2699999999995,1049.5199999999986,0.4002591660949772,0.4614204588764389,565.25,643.5799999999999,1121.6100000000006,0.5039630531111524,0.5738001622667412,0.695008,0.66265,0.73911
7djx_A-9ded_A,hard_negative,0,0.0,0.012595,0.004799,0.2008772790431976,0.1352965533733368,0.1665837407112121,0.5540424314544381,0.5216938037711778,0.5318344661124739,0.2715103095254457,0.2131928972947914,0.2396338857914645,0.8576,0.8576,0.8571,0.8945,0.9594,0.976,0.9819,0.9355,0.9259,0.0,0.2395,0.2395,0.2403,0.1953,0.1168,0.012,0.012,0.0645,0.0741,0.0,3zhk-assembly1,0.8911,homomultimer,3zhk-assembly1,0.8911,homomultimer,3zhk-assembly1,0.8911,21,21,4.0,0.0,13,15,72.0,13.169835,79.15,810.7399999999996,792.914,1603.6500000000003,0.5055591930907614,0.4944433012190938,772.5599999999995,672.9499999999998,1470.5,0.5253723223393401,0.4576334580074803,843.2799999999997,980.34,1823.6100000000008,0.4624234348352989,0.5375820487933274,0.606422,0.56692,0.64625
29sb_A-7vc7_A,hard_negative,0,0.0,0.011232,0.002246,0.3606401085853576,0.2539329528808594,0.318867164850235,0.8704532034509458,0.8553663370154706,0.8648056743648483,0.4626027275584753,0.3742196297077816,0.4280548667531576,0.6035,0.6035,0.6025,0.5934,0.5627,0.5534,0.5522,0.4108,0.4083,0.0789,0.2331,0.2331,0.2333,0.2125,0.2339,0.2397,0.2201,0.3434,0.3964,0.0658,7vc6-assembly1,0.9972,monomer,5ae6-assembly1,0.9625,homomultimer,5ae6-assembly1,0.9625,2,2,0.0,0.0,2,3,82.0,13.81987,22.86,618.9640000000011,736.0500000000014,1355.0099999999998,0.4567966288071683,0.5432063232005679,474.3100000000013,482.6500000000015,956.9499999999972,0.4956476304927141,0.504362819374056,724.510000000002,853.5500000000011,1507.239999999998,0.4806865529046489,0.5662999920384293,0.981518,0.97219,0.99776
7dmf_A-9lm8_A,hard_negative,0,0.0,0.0,0.0,0.141278401017189,0.1212833449244499,0.1296487733721733,0.5098762979151342,0.499579387633025,0.505836316427132,0.2129385983403562,0.1988550868664829,0.204886281983165,0.7922,0.7922,0.7904,0.7705,0.6552,0.5455,0.375,0.375,1.0,0.0,0.2727,0.2727,0.2751,0.2514,0.3621,0.303,0.375,0.375,1.0,0.0,9k89-assembly1,0.8128,homomultimer,9k89-assembly1,0.8128,homomultimer,9k89-assembly1,0.8128,0,0,0.0,0.0,0,0,0.0,0.0,0.0,1102.774,1033.5820000000003,2136.356,0.5161939302251123,0.4838060697748879,508.5699999999997,619.3799999999992,1234.119999999999,0.4120912066897871,0.501879882021197,2807.5,1857.920000000002,4665.419999999998,0.601767900853514,0.3982320991464868,0.59092,0.51166,0.68396
7dnm_A-7dnm_B,heterodimer,1,0.869059,0.873013,0.871616,0.8779846429824829,0.8741030693054199,0.8761858224868775,0.8968852954720123,0.8933597679158634,0.8953596805791321,0.8817647734803888,0.8779544090275087,0.8800205941053283,0.7634,0.7634,0.7634,0.7618,0.8349,0.8608,0.8158,0.9412,1.0,1.0,0.2708,0.2708,0.2708,0.2701,0.375,0.3665,0.3947,0.0,0.0,0.0,7dnn-assembly2,0.9263,heteromultimer,7dnn-assembly2,0.9263,heteromultimer,8qrz-assembly1,0.6815,70,101,85.0,79.0,79,56,98.0,0.97123843,2135.69,1656.404,1165.7420000000002,2822.143999999999,0.5869310708454284,0.4130696378356316,1597.84,1105.1299999999992,2769.899999999998,0.5768583703382799,0.398978302465793,1683.2000000000007,1219.6200000000008,2852.619999999999,0.5900540555699677,0.4275438018383105,0.994981,0.99252,0.99736
7eet_A-9p6w_A,hard_negative,0,0.0,0.017563,0.011855,0.3200686275959015,0.2483307719230651,0.2864222109317779,0.7771642688892767,0.7581360188092078,0.7687939434255714,0.4114877558545765,0.3502918213002937,0.3828965574305366,0.6188,0.6188,0.6188,0.6142,0.5,0.4434,0.1319,0.25,0.0,0.0,0.506,0.506,0.506,0.5111,0.3764,0.3373,0.0824,0.1316,0.0,0.0,2qha-assembly2,0.9448,monomer,9gki-assembly1,0.7464,homomultimer,9gki-assembly1,0.7464,2,62,18.0,4.0,34,34,72.0,6.6841526,155.08,1044.9119999999996,765.0880000000004,1809.996,0.5773007233165154,0.4227014866331199,918.6400000000012,582.9400000000005,1579.7700000000004,0.5815023705982523,0.3690030827272326,1141.4399999999987,910.1000000000004,1943.91,0.5871876784419026,0.468180111219141,0.8556570000000001,0.81489,0.95455
7eqx_A-7eqx_B,heterodimer,1,0.838307,0.872718,0.856801,0.8924585580825806,0.8668352365493774,0.8811060786247253,0.9355708978252744,0.9289260792408168,0.9330292052591274,0.901061858400982,0.8792534050876655,0.8914907039516058,0.5449,0.5449,0.5412,0.5238,0.4293,0.4234,0.232,0.2242,0.2039,0.2133,0.3211,0.3211,0.3221,0.3076,0.3069,0.2519,0.08,0.0673,0.0534,0.0267,7eqz-assembly1,0.9884,heteromultimer,7eqz-assembly1,0.9884,heteromultimer,6i6z-assembly1,0.9369,53,94,72.0,68.0,78,64,97.0,1.1055883,1936.37,1462.6739999999995,1152.7959999999998,2615.4799999999987,0.559237310168688,0.4407588664413417,1386.3999999999996,1112.4599999999991,2545.779999999999,0.5445875134536371,0.436981985874663,1601.579999999998,1213.050000000001,2802.55,0.5714724090560377,0.4328379511516302,0.994456,0.98978,0.99873
7et0_A-7et0_B,heterodimer,1,0.0,0.781679,0.441914,0.825783908367157,0.1672692447900772,0.5454407721757889,0.8509128864499091,0.5737199736312842,0.7330104229112494,0.8308097039837075,0.2485593905583186,0.582954702322881,0.5766,0.5766,0.5725,0.8722,0.6923,0.625,0.625,0.625,1.0,0.0,0.2599,0.2599,0.2586,0.1353,0.0,0.0,0.0,0.0,0.0,0.0,7esz-assembly1,0.8968,heteromultimer,7esz-assembly1,0.8968,heteromultimer,9i8k-assembly1,0.3772,80,157,70.0,0.0,130,112,95.0,1.2369847,952.47,2011.2680000000007,2099.076,4110.346,0.4893184174762907,0.5106810959466673,1833.73,1592.3899999999994,3490.699999999997,0.5253187039848745,0.4561807087403675,2208.590000000004,2621.3100000000013,4829.910000000004,0.4572735309767681,0.542724398591278,0.7123090000000001,0.58013,0.95421
7drb_A-7drb_B,heterodimer,1,0.0,0.682513,0.21185,0.8225024938583374,0.2858976125717163,0.5359531819820404,0.8316224332051317,0.7003184431858522,0.7585305826168233,0.8243264817276964,0.3698649799900522,0.580468662108997,0.5352,0.5352,0.5348,0.5121,0.503,0.4436,0.2703,0.2074,0.0714,0.0256,0.1777,0.1777,0.1779,0.1454,0.1403,0.0669,0.0338,0.0369,0.0357,0.0,7drc-assembly1,0.9642,heteromultimer,7drc-assembly1,0.9642,heteromultimer,3b7m-assembly5,0.8533,38,135,51.0,0.0,115,95,92.0,2.0671558,538.28,2079.8460000000005,1813.426,3893.267999999997,0.5342159851312579,0.4657850422832441,1548.9399999999987,1239.1500000000017,2788.0899999999965,0.5555559540760882,0.4444440459239131,2583.34,2097.949999999997,4681.279999999999,0.5518447945860963,0.4481573415817891,0.886684,0.81029,0.97395
7f5k_A-8uvv_A,hard_negative,0,0.0,0.0,0.0,0.2256769835948944,0.1494306623935699,0.1815232753753662,0.7212932611286904,0.6983304307422983,0.7102470982084693,0.3248002391016536,0.2592106160633156,0.2872680399419868,0.7768,0.7768,0.7756,0.7541,0.7531,0.7587,0.7572,0.1243,0.2368,0.0,0.0486,0.0486,0.0469,0.0422,0.0405,0.0379,0.0374,0.0508,0.2368,0.0,8uvv-assembly1,0.9756,monomer,2ya5-assembly1,0.8842,homomultimer,2ya5-assembly1,0.8842,12,12,2.0,0.0,12,13,75.0,12.99857,116.49,895.8260000000002,777.1099999999999,1672.9439999999995,0.5354787727503135,0.4645164452605707,662.1700000000001,721.9099999999999,1384.09,0.4784154209625096,0.5215773540737956,1041.1900000000005,865.75,1906.949999999997,0.5459975353312893,0.4539972206927299,0.7808029999999999,0.7463,0.85371
7fdo_A-7fdo_B,heterodimer,1,0.804935,0.823253,0.81328,0.8404604196548462,0.8252242803573608,0.8314948916435242,0.8606231438407665,0.8528628548427577,0.8566865624113472,0.8444929644920303,0.8307519952544402,0.8365332257970888,0.642,0.642,0.6385,0.6905,0.585,0.6159,0.4783,0.5833,1.0,0.0,0.3056,0.3056,0.3005,0.4226,0.305,0.3551,0.1087,0.0833,0.0,0.0,7fdl-assembly3,0.8069,heteromultimer,7fdl-assembly3,0.8069,heteromultimer,1w0t-assembly1,0.7023,44,55,49.0,46.0,51,40,99.0,1.0028245,1587.23,1040.8640000000005,508.02999999999975,1548.9000000000003,0.67200206598231,0.3279940603008584,1027.3099999999995,459.4499999999998,1486.7700000000004,0.6909676681665619,0.3090256058435398,1046.2900000000009,526.1700000000001,1569.960000000001,0.6664437310504728,0.3351486662080561,0.951879,0.93793,0.98794
7f28_A-7f28_B,heterodimer,1,0.931401,0.937424,0.934768,0.9470325112342834,0.9362509250640868,0.9419537782669068,0.950404492567366,0.9381366594483724,0.947063812301758,0.9477069075009,0.936628071940944,0.942975785073877,0.9681,0.9681,0.9681,0.9662,0.9644,0.9678,0.9621,0.9786,0.98,0.0,0.6968,0.6968,0.6968,0.6898,0.6832,0.6931,0.7669,0.8429,0.836,0.0,6kxf-assembly1,0.8965,heteromultimer,6kxf-assembly1,0.8965,heteromultimer,2rjt-assembly1,0.8953,150,175,163.0,162.0,163,121,99.0,0.8401065,1392.95,3414.722,1396.6740000000002,4811.394,0.7097157289550596,0.2902846867248868,3403.55,1389.010000000002,4796.2800000000025,0.7096228743943217,0.2896015245148326,3428.120000000001,1406.119999999999,4822.380000000001,0.7108772017136766,0.2915821648231783,0.996426,0.99381,0.99918
7fia_A-9hsa_A,hard_negative,0,0.0,0.0,0.0,0.1389757990837097,0.1184079647064209,0.1255915805697441,0.4869616405407062,0.4765328876351337,0.4820573272007328,0.207515440497978,0.1905641642380398,0.1968847298959418,0.8033,0.8033,0.8033,0.7738,0.7619,0.8462,0.0,0.0,0.0,0.0,0.2787,0.2787,0.2787,0.3214,0.6667,0.8462,0.0,0.0,0.0,0.0,9hsa-assembly1,0.7192,monomer,1i4z-assembly1,0.5265,homomultimer,1i4z-assembly1,0.5265,1,1,0.0,0.0,1,2,71.0,14.394212,16.32,947.2619999999996,751.506,1698.7660000000008,0.5576177060289641,0.442383471296223,704.9900000000016,657.1300000000001,1507.6600000000035,0.4676054282795855,0.4358608704880401,1254.3799999999992,807.4099999999999,2061.779999999999,0.6083966281562533,0.3916082220217483,0.71766,0.5955,0.86167
7fgz_A-9kvu_A,hard_negative,0,0.0,0.0,0.0,0.127360463142395,0.0929853469133377,0.10858034491539,0.7166871240693609,0.7130139482732114,0.7152021193828644,0.2447214243170703,0.2169910671853124,0.2299046998088848,0.3988,0.3988,0.3993,0.3858,0.3553,0.3109,0.1829,0.0927,0.08,0.0,0.1512,0.1512,0.1499,0.1523,0.1485,0.1531,0.0569,0.0397,0.08,0.0,9kvu-assembly1,0.9761,monomer,1o4z-assembly2,0.8635,homomultimer,1o4z-assembly2,0.8635,0,0,0.0,0.0,0,0,0.0,0.0,0.0,591.086,744.8739999999995,1335.9679999999994,0.4424402380895353,0.5575537737430835,378.5699999999997,526.1099999999988,904.6999999999972,0.4184481043439824,0.5815297888802923,806.3299999999999,915.3099999999996,1721.6499999999978,0.4683472250457415,0.5316469665727649,0.7822,0.73631,0.88689
7fgz_A-9fw7_A,hard_negative,0,0.0,0.0,0.0,0.1568294465541839,0.1221390217542648,0.1452294498682022,0.5988874260073433,0.5831902329000527,0.5908604386043281,0.2432856976198276,0.2143492639834224,0.2343556476154273,0.5271,0.5271,0.5224,0.3808,0.249,0.1782,0.0588,0.0423,0.0952,0.0,0.2407,0.2407,0.2427,0.1634,0.1255,0.136,0.0588,0.0423,0.0952,0.0,9fw7-assembly1,0.9337,monomer,1o4z-assembly1,0.8639,homomultimer,1o4z-assembly1,0.8639,0,0,0.0,0.0,0,0,0.0,0.0,0.0,886.3380000000001,825.3780000000003,1711.722000000001,0.5178048771938432,0.482191617564067,522.2199999999993,593.5300000000007,1115.760000000002,0.4680397218039707,0.5319513156951312,1219.0200000000004,984.3500000000004,2117.420000000002,0.5757100622455626,0.4648817901030497,0.6403489999999998,0.57008,0.73891
7fia_A-9tpf_A,hard_negative,0,0.0,0.0,0.0,0.1435525119304657,0.108217254281044,0.1241810485720634,0.6163381748489473,0.6045079736991428,0.6108765746894037,0.2378699870740239,0.2079460910755362,0.2215201537955315,0.5898,0.5898,0.5884,0.4043,0.3772,0.3756,0.3756,0.3805,0.3707,0.4333,0.0898,0.0898,0.0876,0.0686,0.0405,0.0381,0.0381,0.0386,0.0431,0.0208,9tpe-assembly1,0.9864,heteromultimer,9tpe-assembly1,0.9864,heteromultimer,1ifu-assembly1,0.9082,0,0,0.0,0.0,0,0,0.0,0.0,0.0,1094.6499999999996,863.4020000000004,1958.04,0.5590539519110945,0.4409521766664625,906.8799999999992,693.630000000001,1600.489999999998,0.5666264706433657,0.4333860255296827,1429.7099999999991,1239.2199999999991,2668.9300000000003,0.5356865860101235,0.4643134139898758,0.673894,0.60953,0.7852
7fia_A-9jwt_A,hard_negative,0,0.0,0.089081,0.017816,0.453260064125061,0.1263805031776428,0.2108764082193374,0.7148266164205361,0.5416692780371206,0.6146599816476329,0.5055733745841561,0.2094382581495384,0.2916331229049965,0.5656,0.5656,0.5656,0.5588,0.5465,0.4018,0.3587,0.3545,0.2689,0.0435,0.3668,0.3668,0.3668,0.3655,0.3739,0.3196,0.3016,0.3077,0.2406,0.0435,9jwt-assembly1,0.9771,monomer,3ksm-assembly1,0.9033,homomultimer,3ksm-assembly1,0.9033,39,39,8.0,0.0,39,35,87.0,7.5303497,263.58,1034.244,869.6200000000001,1903.8579999999995,0.54323589259283,0.4567672589027124,804.789999999999,661.6600000000017,1472.6800000000003,0.5464798870087181,0.4492897302876399,1397.8600000000006,970.25,2344.219999999997,0.5963006885019333,0.413890334524917,0.6530290000000001,0.58356,0.70194
7kuw_A-8zxg_A,hard_negative,0,0.0,0.0,0.0,0.2259469628334045,0.1601805537939071,0.185008293390274,0.7880286608451559,0.7788941970174785,0.7838782155314272,0.3383633024357548,0.2840750253900396,0.3047822778185047,0.4627,0.4627,0.4578,0.4492,0.4502,0.4305,0.3693,0.2857,0.2222,0.0,0.4179,0.4179,0.4187,0.4185,0.418,0.4068,0.3527,0.2857,0.2222,0.0,8zxg-assembly1,0.9098,monomer,5u8o-assembly2,0.8131,homomultimer,5u8o-assembly2,0.8131,0,0,0.0,0.0,0,0,0.0,0.0,0.0,1230.085999999999,634.4440000000006,1864.5280000000007,0.6597305055220404,0.3402705671354897,1093.2199999999991,511.1400000000013,1604.3700000000026,0.6814014223651637,0.3185923446586513,1316.539999999999,775.3700000000008,2036.75,0.6463925371302315,0.3806898244752673,0.90055,0.8584,0.95023
7ldf_A-8hnr_A,hard_negative,0,0.0,0.234164,0.051588,0.5265599489212036,0.1705460846424102,0.2659744322299957,0.7981109809215909,0.6954008924638124,0.7253471542602474,0.5808701553212811,0.2755170462066907,0.3578489766360461,0.6761,0.6761,0.6754,0.6742,0.6324,0.6318,0.695,0.7077,0.6957,0.4,0.2413,0.2413,0.2418,0.2125,0.1691,0.1674,0.195,0.2,0.163,0.2,8hnr-assembly1,0.9625,monomer,4j2k-assembly3,0.9461,homomultimer,4j2k-assembly3,0.9461,1,89,19.0,2.0,46,32,83.0,3.4496586,398.68,978.8980000000004,665.0280000000002,1643.922,0.5954649916480225,0.4045374415574463,754.1200000000008,566.4399999999996,1377.0000000000018,0.5476543209876542,0.4113580246913572,1426.92,843.9000000000005,2270.820000000001,0.6283721298914045,0.3716278701085951,0.774977,0.73751,0.81826
7m5t_A-9ups_A,hard_negative,0,0.0,0.0,0.0,0.2275501489639282,0.0908008962869644,0.1337025135755539,0.5082417848741186,0.4312805609001607,0.4703745570244143,0.2836884761459663,0.1588968292096036,0.2010369222653259,0.9126,0.9126,0.9126,0.9122,0.8725,0.8039,0.72,0.6,0.0,0.0,0.6205,0.6205,0.6205,0.6582,0.3873,0.6471,0.28,0.5,0.0,0.0,1x90-assembly3,0.7312,homomultimer,1x90-assembly3,0.7312,homomultimer,1x90-assembly3,0.7312,4,30,7.0,0.0,26,23,74.0,11.186842,207.34,554.3819999999998,826.884,1381.2620000000002,0.4013590470164239,0.5986438488860186,486.4099999999999,721.6899999999996,1208.1000000000004,0.4026239549706147,0.5973760450293845,622.8899999999994,959.09,1504.1900000000005,0.4141032715281973,0.6376122697265637,0.653126,0.60097,0.80161
7e5z_A-7e5z_B,heterodimer,1,0.905689,0.91494,0.911999,0.9325060844421388,0.9295444488525392,0.93075692653656,0.9087017236674731,0.9054320628941286,0.9070998359045184,0.9273664104942148,0.924721971660857,0.926025508410152,0.8605,0.8605,0.8605,0.8591,0.9299,0.9517,0.9479,0.9683,0.8462,1.0,0.0443,0.0443,0.0435,0.0135,0.0,0.0,0.0,0.0,0.0,0.0,8j83-assembly1,0.982,heteromultimer,8j83-assembly1,0.982,heteromultimer,8pvm-assembly1,0.3929,202,260,232.0,229.0,233,163,99.0,0.93038213,2312.73,3762.323999999999,2877.24,6639.569999999994,0.5666517560625165,0.4333473402645053,3664.209999999999,2815.9399999999987,6529.459999999999,0.5611811696526205,0.4312669041544016,3928.659999999996,2929.899999999998,6858.559999999998,0.5728112023515136,0.4271887976484858,0.970327,0.96582,0.98406
7mcc_A-8qrx_A,hard_negative,0,0.012271,0.016292,0.014495,0.3197624087333679,0.2346018850803375,0.2732498407363891,0.7062537258782096,0.6690612444879209,0.6874101835382896,0.3970606721623363,0.3217136434634765,0.3560819092967692,0.7952,0.7952,0.7952,0.7774,0.75,0.7612,0.7177,0.5912,0.0,0.0,0.503,0.503,0.503,0.4105,0.3843,0.3326,0.3038,0.2044,0.0,0.0,6wvs-assembly1,0.9489,monomer,4mrt-assembly1,0.7971,heteromultimer,9d2z-assembly1,0.7612,1,100,23.0,16.0,30,29,81.0,7.4322653,303.04,676.3900000000003,375.3899999999996,1051.7779999999998,0.6430919832892497,0.3569099182527108,531.1799999999994,193.8800000000001,725.0599999999995,0.7326014398808371,0.2673985601191629,759.5600000000013,585.1099999999997,1344.67,0.5648672164917796,0.4351327835082211,0.757693,0.72974,0.79024
7fia_A-9gly_A,hard_negative,0,0.0,0.0,0.0,0.2008698284626007,0.1366970986127853,0.1521223038434982,0.7653825678257085,0.7490316430046617,0.7553520062287532,0.3137723763352222,0.2605958700656008,0.2727682443205492,0.4901,0.4901,0.4901,0.4864,0.4835,0.454,0.3036,0.1651,0.1655,0.0842,0.4389,0.4389,0.4389,0.4439,0.4597,0.4364,0.2883,0.159,0.1655,0.0842,9gly-assembly1,0.9961,monomer,2xyb-assembly1,0.9872,homomultimer,2xyb-assembly1,0.9872,0,0,0.0,0.0,0,0,0.0,0.0,0.0,1372.9299999999998,970.4460000000006,2343.378000000001,0.5858764569779178,0.4141226895532859,678.3799999999992,547.960000000001,1226.3400000000038,0.5531744866839515,0.4468255133160455,2071.529999999999,1344.960000000001,3416.4900000000016,0.606332815257764,0.3936671847422355,0.8109870000000001,0.75443,0.9023
7mcc_A-9jm8_A,hard_negative,0,0.0,0.0,0.0,0.2065838426351547,0.1068775355815887,0.1509045749902725,0.6798078154923661,0.5841000056693023,0.6395546654159618,0.301228637206597,0.2023220295991314,0.2486345930754104,0.9195,0.9195,0.9195,0.8827,0.8697,0.8351,0.7603,0.2105,0.0769,0.3333,0.8305,0.8305,0.8305,0.7492,0.728,0.7128,0.7273,0.1053,0.0,0.0,6wvs-assembly1,0.9516,monomer,9jm8-assembly1,0.9108,heteromultimer,1wa3-assembly1,0.705,10,10,2.0,0.0,10,11,76.0,12.588274,90.7,848.1280000000003,570.576,1418.7060000000006,0.5978180116246776,0.4021805786399717,702.75,394.2800000000007,1097.0300000000009,0.6405932381065236,0.3594067618934764,965.83,675.4800000000005,1593.050000000001,0.6062772668780009,0.424016823075233,0.7443869999999999,0.71321,0.83498
7mn2_A-7uwy_A,hard_negative,0,0.0,0.0,0.0,0.1346432566642761,0.0908479988574981,0.1097443372011184,0.5141158124896403,0.4500695416145475,0.4891987634529255,0.2105377678293489,0.1673233260475188,0.1856352224514798,0.9527,0.9527,0.9527,0.9584,0.9684,0.9784,0.9881,0.9879,0.9783,0.0,0.1175,0.1175,0.1175,0.1149,0.1119,0.1123,0.0866,0.0947,0.0408,0.0,7uwy-assembly1,0.9261,monomer,1qjh-assembly1,0.8478,homomultimer,1qjh-assembly1,0.8478,1,17,4.0,0.0,9,10,72.0,13.224674,135.16,718.6720000000001,582.0680000000002,1300.7360000000003,0.5525118086990749,0.4474912664829758,593.7700000000004,488.8500000000004,1090.5300000000009,0.5444783729012499,0.4482682732249457,797.7899999999995,670.25,1468.0400000000009,0.5434388708754523,0.4565611291245467,0.700131,0.62345,0.85577
7mn2_A-8cws_B,hard_negative,0,0.011733,0.013457,0.012509,0.1674437969923019,0.1341860592365265,0.1467590987682342,0.5213798766426933,0.4727620492960875,0.5067975859086357,0.2382310129223802,0.2032379986958874,0.2187667961963145,0.974,0.974,0.974,0.974,0.9748,0.98,0.9827,0.9865,0.9856,0.0,0.0678,0.0678,0.0678,0.0679,0.0672,0.0582,0.0529,0.0219,0.0115,0.0,6i6e-assembly1,0.8603,homomultimer,6i6e-assembly1,0.8603,homomultimer,6i6e-assembly1,0.8603,2,81,25.0,20.0,32,32,68.0,8.708992,213.8,1094.114,498.3119999999999,1592.4240000000002,0.6870745479847076,0.3129267079622009,940.1099999999996,301.9399999999996,1242.0400000000009,0.756907990080834,0.2431000611896552,1178.9800000000005,608.7799999999997,1787.7599999999984,0.6594733073790674,0.3405266926209336,0.691355,0.60248,0.93166
7mn2_A-7mwq_A,hard_negative,0,0.0,0.013141,0.009931,0.2697649300098419,0.2141850590705871,0.2407414466142654,0.7076973465849925,0.6685667504578794,0.6901455338876928,0.3546000083720001,0.3050613973480456,0.3306222640689509,0.9576,0.9576,0.9576,0.9575,0.9683,0.9813,0.9879,0.9857,1.0,1.0,0.0528,0.0528,0.0528,0.0521,0.0389,0.0177,0.006,0.0052,0.6,0.0,7mwq-assembly2,0.9688,heteromultimer,7mwq-assembly2,0.9688,heteromultimer,6i6e-assembly1,0.8144,3,36,13.0,8.0,17,16,67.0,9.118389,196.75,1183.988,738.6619999999996,1922.650000000001,0.6158104699243229,0.3841895300756763,1133.38,686.5299999999988,1820.5299999999988,0.622554970255915,0.3771044695775402,1292.38,830.329999999999,2122.7000000000025,0.6088378009139297,0.3911669100673661,0.8382720000000001,0.7761,0.9377
7mn2_A-8qrx_A,hard_negative,0,0.0,0.014414,0.002883,0.2003286778926849,0.1163585484027862,0.1473412007093429,0.5055793119572877,0.4469299776086992,0.4691971135771859,0.2613788047056055,0.1824728342439688,0.2117123832829116,0.8904,0.8904,0.8904,0.8992,0.9092,0.9274,0.9264,0.9429,0.9726,0.0,0.0305,0.0305,0.0305,0.0287,0.0239,0.0213,0.0221,0.0291,0.0411,0.0,1qjh-assembly1,0.8256,homomultimer,1qjh-assembly1,0.8256,homomultimer,1qjh-assembly1,0.8256,1,33,7.0,1.0,26,23,70.0,8.518974,214.75,756.6160000000002,515.8760000000002,1272.4899999999998,0.5945948494683655,0.4054067222532203,433.40000000000055,381.1199999999999,814.5400000000009,0.5320794558892137,0.4678959903749349,979.7700000000004,686.8200000000006,1666.58,0.5878925704136618,0.4121134298983551,0.584845,0.5407,0.65113
7mn2_A-7s9v_B,hard_negative,0,0.0,0.0,0.0,0.2955235242843628,0.1440207362174987,0.1915110260248184,0.7150706166112717,0.6986838711557747,0.7069992870579095,0.3794329427497446,0.2549533632051539,0.2946086782314366,0.9732,0.9732,0.973,0.9888,0.9888,0.9888,0.9888,0.9869,1.0,0.0,0.0249,0.0249,0.0203,0.0041,0.0041,0.0041,0.0041,0.0052,0.3333,0.0,7s9v-assembly1,0.8905,heteromultimer,7s9v-assembly1,0.8905,heteromultimer,1qjh-assembly1,0.8054,0,0,0.0,0.0,0,0,0.0,0.0,0.0,1439.214,1309.4799999999996,2748.696000000001,0.523598826498092,0.4764004458841571,1048.8600000000006,969.8399999999984,2018.7200000000007,0.5195668542442736,0.4804232384877535,1771.579999999998,1955.57,3727.1500000000015,0.4753176019210381,0.5246823980789609,0.836373,0.80474,0.86916
7mcc_A-8agy_A,hard_negative,0,0.0,0.0,0.0,0.2103398144245147,0.1112064719200134,0.146716895699501,0.6632401942819494,0.625287289498853,0.6402716366472413,0.3009198903960017,0.2153266457000653,0.2454278438890491,0.4434,0.4434,0.4425,0.3553,0.3292,0.5387,0.489,0.1111,0.0833,0.25,0.3837,0.3837,0.3828,0.2866,0.2585,0.476,0.4626,0.0556,0.0,0.0,8agy-assembly1,0.956,heteromultimer,8agy-assembly1,0.956,heteromultimer,3csv-assembly1,0.7284,0,0,0.0,0.0,0,0,0.0,0.0,0.0,972.8760000000004,893.4519999999997,1866.328,0.5212781461779498,0.4787218538220504,558.3900000000012,557.7299999999996,1116.119999999999,0.5002956671325679,0.4997043328674336,1396.5400000000009,1278.67,2558.8300000000017,0.5457728727582528,0.4997088513109504,0.6845549999999999,0.63923,0.754
7mwq_A-9hsa_A,hard_negative,0,0.0,0.012841,0.002568,0.326659232378006,0.1660975664854049,0.2181268334388733,0.7049533420285349,0.6460791479948271,0.6655131265306367,0.4023180543081117,0.2620938827872894,0.307604092057226,0.7846,0.7846,0.7846,0.7819,0.8092,0.8,0.75,0.0,0.0,0.0,0.3846,0.3846,0.3846,0.3883,0.3893,0.6,0.25,0.0,0.0,0.0,9hsa-assembly1,0.7176,monomer,8vx7-assembly1,0.6716,heteromultimer,8vea-assembly1,0.6577,1,36,11.0,2.0,26,27,70.0,9.271926,134.94,1277.1100000000006,904.1100000000006,2181.2220000000007,0.5855020717744458,0.4144970113083401,1062.0200000000004,841.460000000001,1920.8999999999976,0.5528762559217042,0.4380550783486917,1425.170000000001,989.3900000000012,2397.760000000002,0.5943755838782863,0.4126309555585215,0.849276,0.74955,0.94965
7mwq_A-9m9g_A,hard_negative,0,0.0,0.011135,0.00445,0.2080795764923095,0.1742714196443557,0.1930352956056595,0.6988204594755822,0.6629583932410756,0.681845064314904,0.3040322618390112,0.2720088143636997,0.2907972493475084,0.8251,0.8251,0.8251,0.8317,0.8407,0.8436,0.8517,0.8785,0.8808,0.8717,0.1026,0.1026,0.1026,0.1037,0.0918,0.0723,0.0613,0.067,0.0715,0.0758,4ddg-assembly2,0.9302,heteromultimer,4ddg-assembly2,0.9302,heteromultimer,4zpz-assembly1,0.9199,2,55,18.0,10.0,25,20,79.0,9.799936,269.45,818.3579999999998,495.564,1313.9299999999998,0.6228322665591013,0.3771616448364829,715.8299999999999,392.4400000000005,1108.2799999999988,0.6458927346879856,0.3540982423214358,901.21,607.7399999999998,1508.9599999999991,0.5972391580956424,0.4027542148234546,0.84206,0.77255,0.97143
7mwq_A-7fgz_A,hard_negative,0,0.0,0.0,0.0,0.1710322797298431,0.1209059879183769,0.1452318415045738,0.5785234026036596,0.5678116515066061,0.5724689421606209,0.2525305043046064,0.2108454484085934,0.2306792616357832,0.462,0.462,0.4599,0.4192,0.3219,0.1738,0.08,0.0368,0.0952,0.0,0.1473,0.1473,0.1461,0.1589,0.1457,0.1311,0.07,0.0368,0.0952,0.0,7fgz-assembly1,0.9682,monomer,1o4z-assembly2,0.8645,homomultimer,1o4z-assembly2,0.8645,0,0,0.0,0.0,0,0,0.0,0.0,0.0,1127.274,1086.574000000001,2213.8499999999995,0.5091916796530932,0.4908074169433346,1021.2299999999996,992.6399999999994,2013.8799999999967,0.5070957554571279,0.4928992790037145,1257.7000000000007,1213.670000000002,2369.91,0.5306952584697313,0.5121164938752957,0.640739,0.56414,0.76852
7osw_A-7djx_A,hard_negative,0,0.0,0.015994,0.010558,0.261299192905426,0.1712038516998291,0.2094395548105239,0.6835268376562882,0.6581433345894727,0.6696657180251497,0.3457447218555984,0.2694938652349984,0.3014847874534491,0.9676,0.9676,0.9676,0.9676,0.9672,0.9672,0.9686,0.9695,0.9655,1.0,0.0171,0.0171,0.0171,0.0153,0.0096,0.0096,0.0078,0.0152,0.0172,0.1,8sfz-assembly1,0.9149,heteromultimer,8sfz-assembly1,0.9149,heteromultimer,6jri-assembly1,0.9018,1,24,5.0,0.0,11,14,67.0,7.7824774,69.58,791.0119999999997,426.5379999999999,1217.5520000000008,0.6496741001616352,0.3503242571980495,683.0099999999993,325.59000000000015,1053.4000000000017,0.6483861780899928,0.3090848680463259,903.75,643.4099999999999,1547.17,0.5841310263254845,0.4158625102606694,0.78833,0.73855,0.84395
7osw_A-8gac_A,hard_negative,0,0.0,0.014004,0.007578,0.1797818839550018,0.1406234949827194,0.1593418419361114,0.6463793344524638,0.6332396424614313,0.6403898792886047,0.2723480529905273,0.2391467244784618,0.2555514494066101,0.8299,0.8299,0.8299,0.8229,0.8086,0.806,0.8667,0.9167,0.8,0.6667,0.2268,0.2268,0.2268,0.24,0.2222,0.3731,0.4667,0.5,0.2,0.0,8gab-assembly2,0.951,heteromultimer,8gab-assembly2,0.951,heteromultimer,8gad-assembly1,0.8174,1,47,12.0,2.0,19,18,68.0,8.609667,99.96,906.388,515.8840000000002,1422.2719999999997,0.6372817576384827,0.3627182423615176,844.0299999999997,406.09000000000106,1262.6900000000005,0.6684380172488888,0.3216070452763551,986.8000000000002,630.5799999999999,1534.9899999999998,0.6428706375937304,0.4108039791790174,0.795085,0.71256,0.9254
7osw_A-8y33_A,hard_negative,0,0.0,0.014003,0.007922,0.2426161617040634,0.1782366335391998,0.2166285812854766,0.7203679967077223,0.6642202165999378,0.683766815132637,0.3381665287047952,0.2777147954988504,0.3100562280549088,0.963,0.963,0.963,0.9701,0.9701,0.9699,0.9699,0.9259,0.0,0.0,0.0296,0.0296,0.0296,0.0299,0.0299,0.0301,0.0301,0.0556,0.0,0.0,8y33-assembly1,0.8617,monomer,6fzn-assembly1,0.7914,homomultimer,6fzn-assembly1,0.7914,0,0,0.0,0.0,0,0,0.0,0.0,0.0,1196.9639999999995,865.1539999999999,2062.1220000000003,0.5804525629424444,0.4195454973081126,1047.6099999999997,809.9799999999996,1872.8200000000013,0.5593757008148134,0.4324921775717895,1289.79,918.3499999999996,2208.15,0.5841043407377217,0.4158911305844257,0.795538,0.73212,0.89317
7osw_A-8gjg_A,hard_negative,0,0.016432,0.043273,0.027514,0.4111253023147583,0.3117203116416931,0.3683881878852844,0.798657311822689,0.7812463672416361,0.7920503609726248,0.4878577613200809,0.4056255227616817,0.4531206225027525,0.8417,0.8417,0.8417,0.8426,0.8619,0.9065,0.875,1.0,1.0,1.0,0.5167,0.5167,0.5167,0.5191,0.5414,0.6355,0.1875,0.0,0.0,0.0,8gjg-assembly1,0.9491,heteromultimer,8gjg-assembly1,0.9491,heteromultimer,8e0m-assembly3,0.6841,4,50,17.0,0.0,33,30,70.0,4.528392,313.71,1296.106,897.2459999999999,2193.356,0.5909236804239714,0.4090744958866686,1019.5,667.3100000000004,1686.7999999999993,0.6043988617500595,0.395607066635049,1445.039999999999,1001.9999999999992,2406.0599999999995,0.6005835265953465,0.4164484676192611,0.908229,0.83023,0.97195
7osw_A-9cic_A,hard_negative,0,0.014921,0.018798,0.016377,0.2833599150180816,0.2342515289783477,0.2579502046108246,0.5858935431377355,0.552136860490825,0.5709509817072957,0.3438666406420124,0.2978285952808432,0.3205503600301188,0.7789,0.7789,0.7789,0.7797,0.7886,0.756,0.2787,0.3846,0.0,0.0,0.101,0.101,0.101,0.1013,0.096,0.1536,0.1803,0.3846,0.0,0.0,1smg-assembly1,0.7972,monomer,3ucw-assembly1,0.7541,homomultimer,3ucw-assembly1,0.7541,1,40,10.0,2.0,18,20,65.0,6.4943285,252.94,1274.996,527.8619999999997,1802.8599999999992,0.7072074370722079,0.2927914535793128,1204.8499999999997,431.9500000000007,1738.079999999998,0.6932074472981685,0.248521356899568,1308.5800000000008,577.1299999999992,1859.23,0.70382900448035,0.3104134507296027,0.764302,0.64238,0.85964
7osw_A-9dm3_A,hard_negative,0,0.01339,0.01577,0.014798,0.2522950172424316,0.2075453400611877,0.2352422654628753,0.6445756779404321,0.5373589641395657,0.5972963019795439,0.3307511493820317,0.2735080648768633,0.3076530727662091,0.4879,0.4879,0.4879,0.4858,0.4873,0.2658,0.1707,0.0,0.0,0.0,0.3306,0.3306,0.3306,0.332,0.339,0.1329,0.1382,0.0,0.0,0.0,9dm3-assembly1,0.7289,monomer,8jh6-assembly1,0.6747,heteromultimer,6w6x-assembly3,0.6735,1,22,6.0,0.0,11,13,62.0,8.136111,172.46,1699.5940000000005,663.3559999999994,2362.9500000000003,0.7192678643221397,0.28073213567786,1440.8599999999997,498.329999999999,1953.2700000000004,0.7376655557091438,0.2551260194443159,2076.4500000000007,877.3399999999992,2953.790000000001,0.7029782076586352,0.2970217923413645,0.78325,0.72283,0.86489
7ox5_A-7ox5_B,heterodimer,1,0.776283,0.786361,0.781859,0.8146563768386841,0.8042276501655579,0.8081635713577271,0.8355437467330659,0.8235763245229685,0.8289280740583426,0.8188338508175605,0.8080973850370401,0.8123164718978503,0.7512,0.7512,0.75,0.7349,0.7528,0.8114,0.8175,0.7263,0.9091,0.0,0.11,0.11,0.1106,0.0839,0.0762,0.072,0.0873,0.0632,0.0,0.0,7ox1-assembly2,0.8489,heteromultimer,7ox1-assembly2,0.8489,heteromultimer,4nzd-assembly4,0.7763,49,71,58.0,53.0,65,54,96.0,0.9351603,1196.61,1341.426,638.9420000000002,1980.368,0.6773619852471866,0.3226380147528138,1298.8999999999996,594.119999999999,1894.64,0.685565595574885,0.3135793607228809,1453.6099999999988,675.9500000000007,2129.540000000001,0.6825934239319281,0.3174159677676871,0.98137,0.97213,0.98843
7pqw_A-9e9n_A,hard_negative,0,0.01285,0.013617,0.013237,0.2842075228691101,0.2375610619783401,0.2582707464694976,0.7769775079547301,0.7660197447602399,0.7711144248085106,0.3827615198862341,0.3432527985347201,0.3608394821373002,0.4169,0.4169,0.4169,0.3692,0.2617,0.246,0.2218,0.2086,0.1322,0.0,0.1836,0.1836,0.1836,0.1759,0.1334,0.1266,0.1222,0.12,0.0632,0.0,5z5b-assembly3,0.9912,monomer,2dxp-assembly1,0.8581,heteromultimer,3ezz-assembly1,0.852,0,0,0.0,0.0,0,0,0.0,0.0,0.0,1045.5179999999998,503.2159999999998,1548.739999999999,0.6750765138112274,0.3249196120717486,867.1000000000004,351.15999999999985,1218.2599999999984,0.71175282780359,0.2882471721964115,1250.0500000000002,625.7699999999995,1875.84,0.6663947884680996,0.3335945496417602,0.831939,0.79591,0.90613
7pqw_A-8ga7_A,hard_negative,0,0.0,0.0,0.0,0.1840587556362152,0.128574252128601,0.1615973889827728,0.8181107375941588,0.7682394771898203,0.7951751998761163,0.3062989721781263,0.2608014690989866,0.2883129511614416,0.6856,0.6856,0.6844,0.7104,0.6977,0.6429,0.625,0.8,0.5,0.0,0.1364,0.1364,0.1369,0.1403,0.2326,0.3571,0.375,0.4,0.5,0.0,8ga7-assembly1,0.9716,monomer,8gel-assembly1,0.8309,homomultimer,8gel-assembly1,0.8309,0,0,0.0,0.0,0,0,0.0,0.0,0.0,180.98600000000005,124.41399999999994,305.4040000000008,0.5926117536116081,0.4073751489829852,1.889999999999418,1.8499999999985448,3.760000000002037,0.502659574467658,0.4920212765950911,418.34999999999854,273.3100000000013,658.3899999999994,0.6354136605963014,0.4151186986436634,0.914056,0.90652,0.93466
7q72_A-7q72_B,heterodimer,1,0.493014,0.633438,0.584719,0.684683084487915,0.6249773502349854,0.6636489272117615,0.8416026436528312,0.8288547826701302,0.834110255801406,0.7148503485942963,0.6657528367220144,0.6977411929296904,0.6338,0.6338,0.6254,0.3013,0.152,0.0707,0.0,0.0,0.0,0.0,0.1943,0.1943,0.1889,0.109,0.072,0.0303,0.0,0.0,0.0,0.0,4lt6-assembly1,0.8379,monomer,5w0b-assembly4,0.58,homomultimer,5w0b-assembly4,0.58,87,106,95.0,93.0,98,62,94.0,1.2440127,1126.6,2445.504,1600.7760000000003,4046.271999999999,0.6043844803315251,0.3956174967970519,2277.699999999997,1390.7700000000004,3668.459999999999,0.6208872387868473,0.3791154871526473,2864.1899999999987,2009.59,4873.769999999997,0.5876744286250686,0.412327623174668,0.9514280000000002,0.9343,0.98063
7qil_A-7osw_A,hard_negative,0,0.0,0.017199,0.008109,0.2581968903541565,0.1533860564231872,0.1896903991699218,0.7435136522118226,0.7181737471974243,0.7262960701955455,0.3552602427256897,0.2663435945780347,0.2970115333750466,0.4565,0.4565,0.4384,0.2479,0.1562,0.1474,0.1573,0.1566,0.2069,0.0,0.187,0.187,0.1918,0.1322,0.0938,0.0947,0.1011,0.1084,0.2069,0.0,4gig-assembly1,0.8881,monomer,1mi8-assembly1,0.8646,homomultimer,1mi8-assembly1,0.8646,3,52,17.0,1.0,28,22,73.0,7.191222,177.55,802.0200000000002,466.55,1268.5700000000002,0.6322236849365822,0.3677763150634178,738.0700000000006,427.75,1165.8199999999997,0.6330908716611491,0.3669091283388517,865.52,536.1700000000001,1401.6900000000005,0.6174831810172005,0.3825168189827992,0.831682,0.7826,0.97984
7qil_A-9tpf_A,hard_negative,0,0.014167,0.416304,0.129474,0.6936354041099548,0.4397292733192444,0.5359579205513001,0.8444568392577014,0.7547320586448232,0.7879950384717909,0.7237996911395042,0.5027298303843601,0.5863653441353982,0.5408,0.5408,0.5367,0.3554,0.3299,0.3299,0.334,0.3397,0.359,0.4419,0.0971,0.0971,0.0941,0.0624,0.0509,0.0509,0.0498,0.051,0.0559,0.0449,9tpe-assembly1,0.9877,heteromultimer,9tpe-assembly1,0.9877,heteromultimer,1ifu-assembly1,0.9102,33,62,47.0,43.0,46,38,90.0,3.28591,434.39,767.3840000000002,650.9119999999996,1418.2960000000005,0.5410605402539386,0.4589394597460611,741.2500000000009,625.4499999999989,1385.8600000000006,0.5348664367252107,0.4513082129508021,821.590000000001,688.1399999999994,1509.7399999999998,0.544193039861169,0.455800336481778,0.990835,0.98016,0.99728
7qil_A-7ue2_A,hard_negative,0,0.0,0.0,0.0,0.1913457214832306,0.1204034462571144,0.1603188022971153,0.6546080100731236,0.4865306417876769,0.5735440293785118,0.2821932946109742,0.2100538617129003,0.2429638477133946,0.6484,0.6484,0.6492,0.6126,0.5714,0.3832,0.1739,0.1628,0.2333,1.0,0.15,0.15,0.1525,0.158,0.1694,0.1617,0.1087,0.1047,0.2,0.0,7ue2-assembly1,0.9134,heteromultimer,7ue2-assembly1,0.9134,heteromultimer,1mi8-assembly1,0.8553,0,0,0.0,0.0,0,0,0.0,0.0,0.0,1014.2140000000004,936.4379999999998,1950.6560000000004,0.5199348321795335,0.4800631172282553,710.3199999999997,701.0599999999995,1411.3899999999994,0.503276911413571,0.4967160033725616,1254.6100000000006,1267.5299999999988,2522.130000000001,0.4974406553191152,0.5025633095835657,0.817543,0.72897,0.90465
7r49_A-7r49_B,heterodimer,1,0.72232,0.758679,0.746127,0.8455991148948669,0.8270707130432129,0.8407098770141601,0.8866790414287827,0.8697946243748348,0.8788339074013211,0.8538151002016502,0.8356154953095374,0.8483346830915923,0.7629,0.7629,0.7624,0.8037,0.7966,0.8,0.8339,0.8342,0.8983,1.0,0.1794,0.1794,0.1798,0.1755,0.1948,0.2031,0.2159,0.3264,0.6271,0.8889,3hyk-assembly1,0.9384,homomultimer,3hyk-assembly1,0.9384,homomultimer,3hyk-assembly1,0.9384,33,44,38.0,36.0,40,31,96.0,1.2726924,945.12,904.1399999999998,493.824,1397.961999999999,0.6467557773387262,0.3532456533153263,889.2399999999998,475.5499999999993,1364.7800000000009,0.6515628892568761,0.3484444379313875,921.4399999999996,514.5699999999997,1422.829999999998,0.6476107475945833,0.3616524813224351,0.998207,0.99678,0.99939
7pqw_A-7vgc_A,hard_negative,0,0.0,0.022777,0.012273,0.5173500180244446,0.2516101896762848,0.4130166411399841,0.8799581415590857,0.8554161689309256,0.8686950182283641,0.5898716427313728,0.372371385527213,0.5041523165576602,0.6553,0.6553,0.6548,0.657,0.6575,0.6625,0.6768,0.6594,0.3468,0.3493,0.4805,0.4805,0.4796,0.4812,0.4812,0.4838,0.4756,0.462,0.0173,0.0068,7vgb-assembly1,0.9751,monomer,1e8n-assembly1,0.9361,heteromultimer,5o3x-assembly1,0.9276,0,0,0.0,0.0,0,0,0.0,0.0,0.0,2409.704,1904.714,4314.421999999999,0.5585230188423851,0.4414760540345846,1600.7999999999977,936.4900000000016,2537.3,0.6309068695069554,0.3690891892957088,2902.0200000000023,2350.1100000000006,4936.399999999998,0.5878818572238885,0.4760777084515034,0.942416,0.9208,0.97851
7rt7_A-7rt7_B,heterodimer,1,0.798662,0.854432,0.84,0.9167076945304872,0.888637363910675,0.9092166185379028,0.8846905541413153,0.856648225420749,0.8770842969971456,0.9103042664526528,0.8822395362126899,0.9027901542297516,0.9249,0.9249,0.9252,0.9538,0.8072,0.5556,0.0,0.0,0.0,0.0,0.0904,0.0904,0.0893,0.0564,0.3253,0.1111,0.0,0.0,0.0,0.0,4ql5-assembly1,0.5374,homomultimer,4ql5-assembly1,0.5374,homomultimer,4ql5-assembly1,0.5374,75,94,84.0,83.0,84,63,98.0,1.0396273,1127.71,1081.6760000000002,1207.1739999999998,2288.8519999999994,0.472584509614427,0.5274146165850828,1066.4599999999991,1164.0699999999997,2245.1799999999985,0.4749997773007063,0.5184751333968771,1109.300000000001,1235.84,2316.039999999999,0.4789640938843895,0.5336004559506747,0.9811789999999998,0.96741,0.98981
7rmy_A-8iqs_B,hard_negative,0,0.0,0.629122,0.125824,0.7821662425994873,0.1776834428310394,0.3114804744720459,0.7280068871447393,0.5761440615165931,0.6231012488507007,0.7713343715085378,0.2631271763265396,0.3738046293477769,0.9456,0.9456,0.944,0.945,0.9552,0.9651,0.9655,0.9174,1.0,0.0,0.2068,0.2068,0.1936,0.1022,0.0359,0.0302,0.0345,0.0661,1.0,0.0,7uni-assembly1,0.8192,homomultimer,7uni-assembly1,0.8192,homomultimer,7uni-assembly1,0.8192,78,78,16.0,0.0,78,68,92.0,1.579987,561.84,1998.8500000000008,1010.322,3009.1740000000004,0.6642520505627127,0.3357472848030722,1414.2400000000016,878.5400000000009,2292.779999999999,0.6168232451434513,0.3831767548565503,2735.6000000000004,1302.4599999999991,4038.0700000000033,0.6774523472847173,0.3225451762847098,0.6520199999999999,0.59802,0.77265
7rb3_A-7rb3_B,heterodimer,1,0.828094,0.845672,0.833688,0.925889492034912,0.921091854572296,0.923502254486084,0.909113756617902,0.9026904480491352,0.9062869536910302,0.9221882088583704,0.917411573267664,0.9200591943270734,0.6219,0.6219,0.624,0.6111,0.6192,0.6183,0.6106,0.6079,0.6115,0.5882,0.4088,0.4088,0.4128,0.4533,0.465,0.4637,0.4567,0.4421,0.2734,0.0,7mx2-assembly1,0.9869,heteromultimer,7mx2-assembly1,0.9869,heteromultimer,2ge3-assembly2,0.8434,86,130,106.0,103.0,109,89,98.0,0.98984164,2231.25,2303.727999999999,1285.06,3588.7859999999987,0.6419240378222608,0.3580765194692579,2277.0200000000004,1230.989999999998,3538.3399999999965,0.6435277559533574,0.3479004278842619,2323.289999999997,1332.3199999999997,3648.8699999999953,0.6367149281832458,0.3651322190157505,0.993162,0.98549,0.99778
7s5l_A-9lni_A,hard_negative,0,0.0,0.426025,0.092351,0.6662615537643433,0.1228196397423744,0.3030081316828727,0.677156144615677,0.6006822133629994,0.6448337193946024,0.6684404719346101,0.2253290544909564,0.3713732492252187,0.591,0.591,0.5894,0.5441,0.4591,0.4411,0.375,0.3281,0.0,0.0,0.3532,0.3532,0.3558,0.3466,0.4308,0.4411,0.375,0.3281,0.0,0.0,9lni-assembly1,0.9411,monomer,9hqb-assembly1,0.7511,homomultimer,9hqb-assembly1,0.7511,25,25,5.0,0.0,25,21,84.0,3.7657492,270.95,1018.6059999999998,677.5480000000007,1696.1499999999992,0.6005400465760695,0.3994623117059228,875.3600000000006,395.8099999999995,1271.1699999999985,0.6886254395556863,0.3113745604443151,1186.3600000000006,1141.5200000000004,2327.869999999999,0.5096332698990927,0.4903710258734383,0.688855,0.63811,0.80231
7s5l_A-8vc8_A,hard_negative,0,0.0,0.0,0.0,0.2281630784273147,0.1096294373273849,0.1372620180249214,0.6841144517224064,0.6266491283718332,0.6494723123787274,0.319353353086333,0.2166476700652358,0.2397040768956826,0.6452,0.6452,0.6398,0.524,0.4551,0.4665,0.3632,0.3147,0.0,0.0,0.4247,0.4247,0.4243,0.396,0.452,0.4633,0.3632,0.3147,0.0,0.0,8vc8-assembly1,0.9502,monomer,9hqb-assembly1,0.7492,homomultimer,9hqb-assembly1,0.7492,0,0,0.0,0.0,0,0,0.0,0.0,0.0,1099.5639999999992,963.086,2062.65,0.5330831697088693,0.4669168302911303,960.1899999999988,644.2200000000012,1610.5499999999956,0.5961876377634977,0.4000000000000018,1272.8500000000004,1169.1299999999992,2402.91,0.5297118909988308,0.4865475610821875,0.6754640000000001,0.65528,0.72321
7s9v_B-9y5f_A,hard_negative,0,0.0,0.0,0.0,0.2503941059112549,0.1696838289499282,0.2071584105491638,0.7414189651932933,0.7256007710123636,0.7331201200620854,0.3473238511124673,0.2840308561986013,0.3123507524517481,0.7952,0.7952,0.7536,0.0,0.0,0.0,0.0,0.0,0.0,0.0,0.3735,0.3735,0.4203,0.0,0.0,0.0,0.0,0.0,0.0,0.0,5e9e-assembly1,0.3035,monomer,5cgm-assembly1,0.2923,homomultimer,5cgm-assembly1,0.2923,0,0,0.0,0.0,0,0,0.0,0.0,0.0,566.3459999999992,585.3639999999999,1151.7059999999983,0.4917452891623383,0.5082581839462509,192.38999999999945,76.61000000000058,269.0,0.7152044609665406,0.2847955390334594,1027.0600000000013,1313.3899999999994,2340.449999999997,0.4388301395030881,0.5611698604969134,0.864574,0.8357,0.89268
7s9v_B-9i38_A,hard_negative,0,0.0,0.0,0.0,0.2470630854368209,0.1468642503023147,0.1939954370260238,0.7098471777653488,0.687369667901523,0.6957384709036035,0.337216651708873,0.2549870349172799,0.2943440438015398,0.8651,0.8651,0.8522,0.8776,0.8333,0.6667,0.5,0.0,0.0,0.0,0.4841,0.4841,0.4957,0.5102,0.6667,0.6667,0.5,0.0,0.0,0.0,2gsc-assembly1,0.6267,homomultimer,2gsc-assembly1,0.6267,homomultimer,2gsc-assembly1,0.6267,0,0,0.0,0.0,0,0,0.0,0.0,0.0,866.3620000000003,507.1580000000009,1373.5180000000007,0.6307613005435676,0.3692401555713144,562.6899999999987,266.9300000000003,1004.1300000000048,0.5603756485713962,0.2658321133717736,1302.9199999999985,648.9700000000012,1748.1699999999985,0.7453050904660299,0.371228198630569,0.8559420000000001,0.81385,0.91718
7t03_A-8qsx_A,hard_negative,0,0.0,0.01146,0.002292,0.1700067073106765,0.0893518179655075,0.1291087299585342,0.563871512114372,0.5241355674555297,0.5442511748211587,0.2487796682714156,0.1763085678635119,0.2121372189310591,0.6798,0.6798,0.6807,0.6719,0.6914,0.7298,0.7295,0.6531,0.0,0.0,0.0791,0.0791,0.0792,0.0735,0.0586,0.0606,0.0593,0.2449,0.0,0.0,8c5v-assembly1,0.7898,heteromultimer,8c5v-assembly1,0.7898,heteromultimer,8tn1-assembly1,0.7102,5,44,10.0,0.0,21,19,83.0,12.754741,183.15,508.5959999999997,604.5999999999998,1113.196,0.4568791120341788,0.5431208879658208,448.5399999999991,502.3299999999999,984.039999999999,0.4558148042762484,0.5104772163733186,562.8599999999997,753.0,1315.8600000000006,0.4277506725639501,0.5722493274360492,0.599853,0.54443,0.68176
7s9v_B-8k7o_A,hard_negative,0,0.0,0.0,0.0,0.2143009901046753,0.1476618647575378,0.1668888479471206,0.6313580454388608,0.6067065413130569,0.6231972669628476,0.2968540910144478,0.2394708000686416,0.258150531750266,0.7193,0.7193,0.7013,0.7307,0.7169,0.6977,0.5909,0.25,0.0,0.0,0.4932,0.4932,0.5275,0.5835,0.5608,0.532,0.3636,0.25,0.0,0.0,8k7o-assembly1,0.9694,monomer,8k7m-assembly1,0.771,homomultimer,8k7m-assembly1,0.771,0,0,0.0,0.0,0,0,0.0,0.0,0.0,1293.1160000000011,1409.268,2702.3820000000023,0.4785096999609973,0.521491040126821,781.3000000000029,693.1100000000006,1474.4100000000035,0.5299068780054402,0.4700931219945598,2303.57,2320.9399999999987,4624.5,0.4981230403286841,0.5018791220672503,0.706411,0.67513,0.74882
7t03_A-8znu_A,hard_negative,0,0.0,0.011365,0.002273,0.2384783625602722,0.0800634995102882,0.1727605894207954,0.6658808634297977,0.6190329296014851,0.6453247282673038,0.3239588627341773,0.1878573855285276,0.2672734171900971,0.6768,0.6768,0.6768,0.6741,0.661,0.718,0.7239,0.8936,1.0,0.0,0.0788,0.0788,0.0788,0.0794,0.064,0.0705,0.062,0.1277,0.0,0.0,6ch8-assembly1,0.8307,heteromultimer,6ch8-assembly1,0.8307,heteromultimer,2omb-assembly1,0.7921,38,38,8.0,0.0,25,25,82.0,12.024742,197.87,626.202,711.2779999999999,1337.482,0.4681947121531355,0.5318037924996373,536.4500000000007,605.7200000000012,1179.619999999999,0.4547650938437812,0.513487394245606,725.0,885.4400000000005,1559.0399999999972,0.4650297619047627,0.567939244663384,0.7682730000000001,0.7168,0.88265
7t03_A-9dsh_A,hard_negative,0,0.0,0.0,0.0,0.1641293615102768,0.1312703043222427,0.1459571063518524,0.586707937923348,0.5770038438927063,0.5818457637606782,0.248645076792891,0.2207670318475894,0.2331348378336176,0.7179,0.7179,0.7179,0.7162,0.7073,0.7505,0.7517,0.9157,1.0,0.0,0.0799,0.0799,0.0799,0.0789,0.068,0.0675,0.0506,0.0602,0.0,0.0,5x2p-assembly2,0.8425,heteromultimer,5x2p-assembly2,0.8425,heteromultimer,8tn1-assembly1,0.715,0,0,0.0,0.0,0,0,0.0,0.0,0.0,1104.5500000000006,1094.6319999999992,2199.183999999999,0.5022544725680076,0.4977446180037685,752.7000000000007,698.2999999999993,1451.0,0.5187456926257759,0.4812543073742241,1759.16,1660.4799999999996,3419.6399999999994,0.5144284193657812,0.4855715806342187,0.693768,0.63611,0.77227
7s9v_B-8ga7_A,hard_negative,0,0.0,0.0,0.0,0.1833776384592056,0.1486248522996902,0.1651831448078155,0.5358009216383406,0.5080308895988519,0.5178704386959037,0.2538622950950326,0.2206726654490111,0.2357206035854331,0.689,0.689,0.6798,0.654,0.55,0.6429,0.625,0.8,0.5,0.0,0.2529,0.2529,0.2477,0.1754,0.1833,0.3571,0.375,0.4,0.5,0.0,8ga7-assembly1,0.9704,monomer,8gel-assembly1,0.8365,homomultimer,8gel-assembly1,0.8365,0,0,0.0,0.0,0,0,0.0,0.0,0.0,1552.9440000000002,1610.3079999999995,3163.256,0.4909321281616158,0.5090666073185349,941.1900000000024,1073.9500000000007,2015.1500000000008,0.4670570429000331,0.5329379946902215,2434.489999999998,2389.4199999999983,4823.910000000004,0.5046715216494495,0.4953284783505489,0.569231,0.52751,0.64381
7tcr_A-7tcr_B,heterodimer,1,0.850132,0.863494,0.855029,0.9001953601837158,0.8922672271728516,0.8956692457199097,0.9184529222751936,0.914707776581821,0.9164497602959488,0.9038468726020116,0.8967553370546455,0.8998253486351174,0.8447,0.8447,0.846,0.8703,0.8747,0.8789,0.9205,0.9545,1.0,1.0,0.6586,0.6586,0.6596,0.7944,0.821,0.8232,0.7614,0.4091,0.0,0.0,7tcw-assembly1,0.9472,heteromultimer,7tcw-assembly1,0.9472,heteromultimer,8z1i-assembly1,0.733,103,139,120.0,115.0,125,97,98.0,0.8976251,2470.66,2505.648,1366.152,3871.794,0.6471542649221523,0.3528472847470707,2469.6000000000004,1282.9799999999996,3777.0300000000025,0.6538470703171536,0.3396795895187485,2538.6699999999983,1429.8600000000006,3962.09,0.640740114434553,0.3608852903391898,0.998007,0.99602,0.99924
7s9v_B-7ver_A,hard_negative,0,0.0,0.0,0.0,0.2050130814313888,0.1726733446121215,0.1887040168046951,0.5119775785558301,0.4885857985924842,0.4953435831658721,0.2664059808562771,0.2358558354081941,0.2500319300769305,0.4973,0.4973,0.4876,0.3811,0.3196,0.3112,0.3177,0.311,0.0,0.0,0.2372,0.2372,0.2362,0.1473,0.0525,0.0128,0.013,0.0152,0.0,0.0,7vev-assembly1,0.9838,monomer,1xoc-assembly1,0.7967,heteromultimer,4qfo-assembly3,0.7799,0,0,0.0,0.0,0,0,0.0,0.0,0.0,1626.7920000000006,1187.6740000000004,2814.4620000000023,0.5780117123627888,0.4219897088679823,1008.5699999999996,628.1700000000019,1636.7300000000032,0.616210370678119,0.3837957390650875,2503.1100000000006,1587.0400000000009,3965.4200000000055,0.6312345224465497,0.4002199010445296,0.666744,0.56427,0.82206
7tj4_A-7tj4_B,heterodimer,1,0.88217,0.900246,0.890558,0.93147873878479,0.9195481538772584,0.9250659465789794,0.9318346572889706,0.924867011850679,0.928041527849176,0.9315499224856262,0.9206119254719424,0.9256610628330189,0.6941,0.6941,0.6938,0.6798,0.6755,0.6932,0.6339,0.5542,0.1714,0.0,0.2851,0.2851,0.2854,0.2732,0.25,0.3068,0.2634,0.1446,0.1143,0.0,4rn7-assembly1,0.9211,monomer,7rag-assembly1,0.8702,heteromultimer,3czx-assembly1,0.8252,73,82,78.0,77.0,78,58,99.0,0.85880303,1115.75,1108.2099999999998,947.826,2056.035999999999,0.5390032081150331,0.4609967918849671,1089.3300000000008,925.2400000000008,2032.699999999999,0.5359029861760227,0.4551778422787431,1118.54,964.8899999999994,2083.4399999999987,0.5368717121683373,0.4631234880774104,0.992194,0.98747,0.99874
7u61_A-7fia_A,hard_negative,0,0.0,0.0,0.0,0.1436803936958313,0.1216464638710022,0.1337727308273315,0.5070969543771275,0.4770100804276271,0.4984154805722154,0.2163637058320905,0.1977981580545855,0.2067012807763083,0.9456,0.9456,0.9455,0.951,0.9598,0.9666,0.9681,0.9747,1.0,1.0,0.0476,0.0476,0.0455,0.0303,0.0176,0.0154,0.008,0.0051,0.0,0.0,6wfz-assembly1,0.9398,heteromultimer,6wfz-assembly1,0.9398,heteromultimer,1ohq-assembly1,0.7008,0,0,0.0,0.0,0,0,0.0,0.0,0.0,1080.5499999999995,770.5619999999999,1851.1100000000008,0.5837308425755354,0.4162702378572854,656.7700000000004,537.3700000000008,1194.140000000003,0.5499941380407647,0.4500058619592337,1460.4599999999991,1084.489999999998,2544.9600000000028,0.5738636363636354,0.4261324343015202,0.651152,0.6142,0.74289
7u61_A-9kgz_A,hard_negative,0,0.0,0.0,0.0,0.179732859134674,0.1571606397628784,0.1661558419466018,0.5538936395693361,0.5191727421104904,0.5414237358958583,0.2536296645453704,0.2295630602324008,0.2412094207364531,0.8928,0.8928,0.8928,0.9,0.908,0.9381,0.937,0.947,0.8485,0.4444,0.2827,0.2827,0.2827,0.237,0.0276,0.0228,0.0185,0.0066,0.0,0.0,9kgy-assembly2,0.9791,monomer,8jen-assembly2,0.9283,heteromultimer,9o6c-assembly2,0.7175,0,0,0.0,0.0,0,0,0.0,0.0,0.0,1308.807999999999,810.662,2119.4679999999994,0.6175172260208691,0.3824837176121556,1090.0499999999993,643.7099999999991,1733.7599999999984,0.6287202380952382,0.3712797619047617,1577.09,941.4400000000014,2508.480000000003,0.6287034379385118,0.3753029723178978,0.792016,0.72551,0.83817
7u61_A-9dee_A,hard_negative,0,0.0,0.015378,0.00532,0.2014380693435669,0.1663010716438293,0.1790604323148727,0.516571668261003,0.495685877457697,0.5077320389318738,0.2602876309663929,0.2346344138709472,0.2447947536382729,0.9144,0.9144,0.9142,0.9488,0.9577,0.9632,0.9586,0.9735,0.9524,0.6667,0.0709,0.0709,0.071,0.0432,0.0195,0.0134,0.015,0.0,0.0,0.0,7kgu-assembly2,0.9231,heteromultimer,7kgu-assembly2,0.9231,heteromultimer,6jri-assembly1,0.6908,1,6,1.0,0.0,6,8,74.0,12.828477,137.3,1180.5019999999993,871.9099999999995,2052.4100000000008,0.5751784487504927,0.4248225257136728,1134.34,731.6599999999999,1868.2099999999991,0.6071801349955308,0.3916369144796356,1276.4799999999996,922.1099999999988,2173.3,0.5873464316937377,0.4242902498504574,0.703948,0.63967,0.86892
7ur8_A-8ju8_A,hard_negative,0,0.0,0.208123,0.04411,0.4930900633335113,0.1016456186771392,0.2401624023914337,0.7277357788738217,0.5499554449934905,0.6192720043987187,0.5400192064415734,0.1913075839404095,0.3159843227928907,0.7833,0.7833,0.7822,0.7681,0.7121,0.6861,0.4839,0.5,0.0,0.0,0.3648,0.3648,0.3666,0.3851,0.3891,0.5036,0.3871,0.0,0.0,0.0,8ju8-assembly1,0.9098,monomer,4r3u-assembly2,0.713,heteromultimer,3q6c-assembly8,0.6843,51,62,23.0,0.0,57,44,83.0,4.863037,320.38,789.0420000000001,762.7099999999997,1551.754,0.5084839478422483,0.4915147632936661,696.1099999999997,628.9899999999998,1325.4899999999998,0.5251718232502696,0.4745339459369742,923.7700000000004,981.9499999999998,1880.1000000000004,0.4913408861230787,0.5222860486144352,0.7048399999999999,0.6481,0.98443
7s9v_A-9dcz_B,hard_negative,0,0.0,0.0,0.0,0.3102039694786072,0.1906493008136749,0.2326945632696151,0.8137719048918511,0.8075781723729734,0.8099378901172797,0.4104306885291938,0.3143712295278588,0.3481432286391481,0.5952,0.5952,0.5884,0.5934,0.5828,0.5942,0.7692,0.8333,0.875,0.0,0.165,0.165,0.1699,0.154,0.1655,0.0145,0.0,0.0,0.0,0.0,9dd0-assembly1,0.8227,heteromultimer,9dd0-assembly1,0.8227,heteromultimer,7liu-assembly1,0.5105,0,0,0.0,0.0,0,0,0.0,0.0,0.0,646.4,708.0999999999985,1354.5040000000022,0.4772226586263303,0.5227743882631557,382.2000000000044,386.84999999999854,782.7799999999988,0.4882597920233079,0.4942001584097691,993.479999999996,987.2000000000008,1980.699999999997,0.501580249406774,0.4984096531529268,0.925732,0.90207,0.95035
7uwy_A-22oc_A,hard_negative,0,0.0,0.0,0.0,0.2335462719202041,0.1463610678911209,0.1743702083826065,0.7569058203962404,0.7398081879448892,0.7466718695998494,0.3382181816154114,0.2650504919018746,0.288830540626055,0.8193,0.8193,0.8134,0.807,0.8744,0.9239,0.9231,0.9636,0.9091,0.0,0.3544,0.3544,0.3533,0.4968,0.6372,0.6853,0.6923,0.8455,0.9091,0.0,22oc-assembly1,0.975,monomer,6gwk-assembly2,0.8149,homomultimer,6gwk-assembly2,0.8149,15,15,3.0,0.0,12,14,72.0,12.228252,84.01,717.8059999999999,743.3319999999998,1461.1359999999995,0.4912657001127889,0.5087356686851874,679.8400000000001,654.1099999999997,1359.9699999999991,0.4998933800010298,0.480973845011287,775.5799999999999,813.4899999999998,1536.550000000001,0.5047541570401219,0.5294263121928992,0.843657,0.81487,0.89093
7s9v_A-7s5l_A,hard_negative,0,0.0,0.0,0.0,0.2451585531234741,0.2203752249479293,0.2334136068820953,0.721506560028465,0.7158374915484466,0.7187375922776703,0.3392943408084686,0.3195521705685578,0.3304784039612103,0.5688,0.5688,0.5702,0.5767,0.5467,0.5822,0.5,0.5882,0.0,0.0,0.2763,0.2763,0.2817,0.2931,0.3476,0.4836,0.5,0.5882,0.0,0.0,7s5l-assembly1,0.8478,monomer,6tjz-assembly1,0.7209,homomultimer,6tjz-assembly1,0.7209,0,0,0.0,0.0,0,0,0.0,0.0,0.0,1294.686,1360.8079999999986,2655.4919999999984,0.4875503296564256,0.5124504234996752,754.5400000000009,925.0699999999996,1679.5999999999913,0.4492379137890002,0.5507680400095287,1775.75,1721.3399999999965,3497.0800000000017,0.5077807771054706,0.4922220824230488,0.8044359999999999,0.7797,0.84815
7uwy_A-7vqv_A,hard_negative,0,0.0,0.012443,0.002489,0.2344101071357727,0.1518295109272003,0.1818221747875213,0.6540245960348955,0.6273335718024016,0.637703722907742,0.3183330049155972,0.2469303231022405,0.2729984844115655,0.5266,0.5266,0.5266,0.5222,0.5118,0.513,0.4942,0.4936,0.4092,0.0,0.2804,0.2804,0.2804,0.2807,0.2753,0.2723,0.2503,0.2588,0.2136,0.0,7vqw-assembly2,0.9429,monomer,4dss-assembly1,0.8995,heteromultimer,4pom-assembly5,0.8906,4,61,15.0,1.0,38,33,78.0,9.193034,170.99,710.372,717.2619999999997,1427.6319999999996,0.4975876136147131,0.5024137873065327,606.2399999999998,630.8800000000001,1300.7800000000009,0.4660588262427155,0.4850013069081626,831.2699999999995,808.0099999999993,1639.2799999999988,0.5070945781074618,0.4929054218925381,0.7865659999999999,0.7213,0.92797
7ur8_A-7vbq_B,hard_negative,0,0.0,0.0,0.0,0.1614766418933868,0.1071384400129318,0.1354635447263717,0.7557186194308416,0.7470128604415568,0.7519772122764721,0.2803250374008778,0.2356249584716169,0.2587662782363918,0.7469,0.7469,0.7467,0.7295,0.7054,0.5563,0.524,0.6781,0.8925,1.0,0.348,0.348,0.3483,0.3716,0.3419,0.5016,0.4945,0.6644,0.8817,0.9286,7vbq-assembly1,0.9552,heteromultimer,7vbq-assembly1,0.9552,heteromultimer,7eyt-assembly2,0.9196,0,0,0.0,0.0,0,0,0.0,0.0,0.0,843.8359999999997,737.396,1581.2299999999989,0.5336579751206341,0.4663432897174987,396.9599999999991,571.5799999999999,1049.7799999999988,0.378136371430204,0.5444759854445699,1255.8099999999995,968.2600000000002,2224.079999999998,0.5646424589043562,0.4353530448545021,0.8339030000000001,0.78737,0.93054
7uwy_A-8znu_A,hard_negative,0,0.0,0.015682,0.003136,0.2565516829490661,0.171268954873085,0.2109099507331848,0.7137447160295367,0.6895164686137809,0.7011964602033489,0.3471294627481814,0.2757256836484212,0.3089672526272177,0.8697,0.8697,0.8697,0.8696,0.9423,0.9853,0.9877,0.9726,1.0,0.0,0.2983,0.2983,0.2983,0.3065,0.2887,0.3068,0.1111,0.1096,0.0,0.0,6ch8-assembly1,0.8245,heteromultimer,6ch8-assembly1,0.8245,heteromultimer,3u7a-assembly1,0.7185,1,19,4.0,0.0,12,13,71.0,12.372122,120.69,652.4700000000003,648.816,1301.2840000000003,0.5014047663692169,0.4985967705742942,468.75,554.2600000000002,1083.3999999999996,0.4326656821118702,0.5115931327302939,1064.300000000001,760.1699999999992,1713.2299999999996,0.6212242372594464,0.4437057487902963,0.832825,0.75684,0.9006
7uwy_A-8qkd_A,hard_negative,0,0.0,0.0,0.0,0.2215638905763626,0.1170155256986618,0.1556224048137665,0.8003420086210578,0.6710133873055677,0.7422660615047627,0.3373195141853016,0.227815098020043,0.2729511361519657,0.7837,0.7837,0.7808,0.808,0.8238,0.9259,0.9796,0.9697,0.0,0.0,0.457,0.457,0.4566,0.5139,0.5205,0.7407,0.8673,0.8333,0.0,0.0,8qkd-assembly1,0.9865,monomer,4x9d-assembly1,0.7535,homomultimer,4x9d-assembly1,0.7535,0,0,0.0,0.0,0,0,0.0,0.0,0.0,353.5719999999998,370.3180000000011,723.8839999999997,0.4884373739438915,0.5115709146769389,256.8399999999983,308.8100000000013,565.6599999999999,0.4540536718169897,0.5459286497189149,487.8900000000013,423.3500000000004,798.3499999999985,0.6111229410659512,0.5302812049852835,0.93496,0.89394,0.98197
7s9v_A-7s9v_B,heterodimer,1,0.755449,0.822341,0.787918,0.846258282661438,0.8112519383430481,0.8353215098381043,0.8768743857880215,0.8497492590867761,0.8660832409016358,0.8519230720428583,0.8189514024917938,0.8414738560508107,0.6041,0.6041,0.5792,0.5586,0.5354,0.5686,1.0,1.0,1.0,0.0,0.1823,0.1823,0.1683,0.1035,0.0909,0.0196,0.0,0.0,0.0,0.0,7s9w-assembly1,0.8979,heteromultimer,7s9w-assembly1,0.8979,heteromultimer,7liu-assembly1,0.5116,201,368,278.0,263.0,283,223,92.0,1.0795038,1438.33,6494.187999999999,5140.898000000001,11635.082,0.5581557568739094,0.4418445869139557,5966.709999999999,4684.649999999994,10651.350000000006,0.5601834509240609,0.4398174879240651,7101.07,5543.240000000005,12644.309999999998,0.5616020170337489,0.4383979829662517,0.984521,0.97712,0.99367
7vbq_B-7kuw_A,hard_negative,0,0.0,0.0,0.0,0.1510534882545471,0.1015513390302658,0.1252172797918319,0.7735913385260613,0.7641147052820343,0.768680213832931,0.2748857309173976,0.2340640122806195,0.2539098666000517,0.6485,0.6485,0.6485,0.6486,0.6349,0.552,0.5415,0.695,0.9318,1.0,0.5586,0.5586,0.5586,0.5597,0.5465,0.5125,0.5138,0.6879,0.9318,1.0,7eyt-assembly2,0.9216,homomultimer,7eyt-assembly2,0.9216,homomultimer,7eyt-assembly2,0.9216,0,0,0.0,0.0,0,0,0.0,0.0,0.0,685.3160000000004,330.9880000000001,1016.3000000000008,0.6743245104791891,0.3256794253665255,537.8600000000006,160.19999999999982,708.0400000000009,0.7596463476639737,0.2262584034800288,889.0799999999999,479.6000000000004,1368.6800000000003,0.6495893853932254,0.3504106146067746,0.8449760000000002,0.82898,0.90858
7v8w_A-9gvh_B,hard_negative,0,0.0,0.013123,0.009884,0.2669557929039001,0.1988244354724884,0.2452400684356689,0.7804816702260791,0.7635411997703768,0.7754739417039116,0.3693157890349398,0.3117677883320661,0.3512868430893174,0.3803,0.3803,0.3803,0.3588,0.3111,0.3041,0.2834,0.1649,0.8333,0.0,0.3111,0.3111,0.3111,0.2985,0.2894,0.2822,0.2673,0.1434,0.0,0.0,7qjn-assembly1,0.876,monomer,9lh0-assembly1,0.8194,heteromultimer,9bd4-assembly1,0.788,1,59,15.0,0.0,25,23,72.0,11.398028,121.87,743.5900000000001,702.4999999999998,1446.094000000001,0.5142058538379937,0.4857913800900905,634.369999999999,581.1899999999996,1271.630000000001,0.4988636631724625,0.4570433223500539,846.2300000000014,803.7299999999996,1649.9600000000028,0.5128791000993963,0.4871208999006026,0.882822,0.8424,0.94418
7v8w_A-9zdo_A,hard_negative,0,0.013961,0.015147,0.014363,0.346253752708435,0.3175434172153473,0.3370046317577362,0.8308340355444799,0.8278819300231693,0.8293662912200406,0.4426524850326022,0.4196111197769117,0.4354769636501971,0.2739,0.2739,0.2739,0.2739,0.2628,0.2532,0.233,0.1189,0.0737,0.0,0.2524,0.2524,0.2524,0.2524,0.2457,0.2417,0.2275,0.1165,0.0737,0.0,9zdo-assembly1,0.8856,monomer,1iro-assembly1,0.8628,homomultimer,1iro-assembly1,0.8628,1,80,22.0,12.0,29,30,71.0,8.168986,145.46,705.2480000000003,559.1239999999998,1264.3759999999988,0.557783444165344,0.4422133922187706,632.3900000000003,531.1099999999997,1198.2599999999984,0.5277569141922464,0.4432343564835682,809.6800000000003,585.5899999999992,1389.6899999999987,0.5826335369758731,0.4213817470083254,0.930049,0.88977,0.98736
7vbq_B-7pw1_A,hard_negative,0,0.0,0.0,0.0,0.1248903423547744,0.1085955277085304,0.1178320527076721,0.5459657779777753,0.5368313358223906,0.5410766097072315,0.2081215356080673,0.1942426893313024,0.202480964107584,0.5231,0.5231,0.5227,0.5212,0.5135,0.4678,0.4614,0.476,0.5603,0.1773,0.4646,0.4646,0.4642,0.4637,0.4568,0.4272,0.427,0.4451,0.5172,0.1409,4wdr-assembly1,0.988,monomer,4brz-assembly1,0.9649,homomultimer,4brz-assembly1,0.9649,0,0,0.0,0.0,0,0,0.0,0.0,0.0,752.4319999999992,600.5800000000003,1353.0140000000015,0.556115457785358,0.4438830640333356,556.9799999999996,405.3199999999997,1029.8300000000015,0.5408465474884191,0.3935795228338648,925.0499999999992,705.1299999999992,1594.2000000000007,0.5802596913812563,0.4423096223811309,0.639553,0.51642,0.81153
7vfc_A-9ups_A,hard_negative,0,0.0,0.0,0.0,0.1763737499713897,0.1034082621335983,0.1306393310427665,0.7726368548554573,0.7572764250490029,0.7626216123090012,0.2956263709482033,0.2341818947166792,0.2570357872960135,0.7892,0.7892,0.7897,0.7735,0.4926,0.0373,0.0392,0.0408,0.0632,0.0,0.2119,0.2119,0.2115,0.2078,0.0504,0.0373,0.0392,0.0408,0.0632,0.0,7ntl-assembly1,0.9432,monomer,5tkf-assembly6,0.8527,homomultimer,5tkf-assembly6,0.8527,0,0,0.0,0.0,0,0,0.0,0.0,0.0,613.2999999999998,666.6700000000003,1279.9739999999997,0.4791503577416416,0.5208465171948808,404.8199999999997,443.72000000000025,848.539999999999,0.4770782756263702,0.5229217243736309,755.0199999999995,946.630000000001,1609.9500000000007,0.4689710860585727,0.5879872045715709,0.8155490000000001,0.7748,0.86147
7vfc_A-9fwa_A,hard_negative,0,0.0,0.0,0.0,0.230348065495491,0.1069043651223182,0.1695623323321342,0.6124507352567339,0.5579208743996947,0.5850894754503824,0.3067685994477396,0.1971076669777935,0.2526677609557838,0.721,0.721,0.7152,0.6594,0.3409,0.0536,0.0392,0.0405,0.0632,0.0,0.2005,0.2005,0.1825,0.0783,0.0606,0.0536,0.0392,0.0405,0.0632,0.0,9fwa-assembly1,0.9689,monomer,5tkf-assembly6,0.8517,homomultimer,5tkf-assembly6,0.8517,0,0,0.0,0.0,0,0,0.0,0.0,0.0,696.1299999999999,659.7419999999998,1355.8720000000008,0.5134186707889826,0.4865813292110166,529.9699999999993,504.6599999999999,1034.640000000003,0.512226474909145,0.4877638598932946,943.4800000000014,758.2799999999988,1701.7599999999984,0.5544142534787527,0.4455857465212483,0.6859529999999999,0.58027,0.87754
7vfc_A-8dj8_A,hard_negative,0,0.0,0.0,0.0,0.2182471603155136,0.1068271845579147,0.1623556464910507,0.5928297731601071,0.5401515480035074,0.5674401106923485,0.2931636828844323,0.1934920572470332,0.2433725393313102,0.5732,0.5732,0.5726,0.5524,0.4335,0.377,0.379,0.3824,0.4126,0.4561,0.2412,0.2412,0.2402,0.2374,0.2869,0.3217,0.324,0.3263,0.3555,0.398,8u23-assembly8,0.9769,monomer,7sal-assembly1,0.9589,heteromultimer,1mov-assembly1,0.9581,19,19,4.0,0.0,19,18,86.0,12.564333,125.01,764.682,716.7800000000007,1481.4640000000013,0.5161664407640005,0.4838322092200688,657.9699999999993,528.8500000000004,1186.8300000000015,0.5543927942502282,0.4455987799432097,899.630000000001,877.380000000001,1696.1699999999985,0.530389052984077,0.5172712640832003,0.60499,0.5108,0.81451
7uwy_A-9b6m_B,hard_negative,0,0.0,0.0,0.0,0.1768519133329391,0.1462630331516266,0.1655440270900726,0.4566158222789754,0.4216442557214138,0.4425285368296378,0.2312518509138372,0.201339277665584,0.2209409290379857,0.6154,0.6154,0.6115,0.6072,0.6031,0.7035,0.9921,0.9881,0.0,0.0,0.2825,0.2825,0.2782,0.2786,0.2704,0.345,0.7302,0.869,0.0,0.0,6gwk-assembly2,0.7539,homomultimer,6gwk-assembly2,0.7539,homomultimer,6gwk-assembly2,0.7539,0,0,0.0,0.0,0,0,0.0,0.0,0.0,406.837999999999,404.1119999999995,810.9499999999986,0.5016807448054748,0.4983192551945252,-3.637978807091713e-12,20.200000000000728,20.20000000000437,-1.800979607470756e-13,0.99999999999982,928.3499999999984,712.119999999999,1640.479999999996,0.5659014434799576,0.4340924607431976,0.5254730000000001,0.43206,0.83701
7ver_A-8j3q_A,hard_negative,0,0.0,0.01184,0.004677,0.3858371376991272,0.2682409882545471,0.3439350664615631,0.7680383338376324,0.7445223550126585,0.7543658234981031,0.4615995320272184,0.3634972616061694,0.4260212178688711,0.4771,0.4771,0.473,0.3848,0.3155,0.3144,0.3228,0.0921,0.0,0.0,0.2508,0.2508,0.2496,0.1309,0.0316,0.0129,0.0132,0.0132,0.0,0.0,5ipw-assembly1,0.8625,monomer,5u4o-assembly1,0.776,homomultimer,5u4o-assembly1,0.776,1,5,1.0,0.0,5,5,62.0,11.734469,19.46,1197.518,1034.1660000000004,2231.680000000001,0.5365993332377399,0.4634024591339259,755.2099999999991,632.4100000000017,1387.609999999997,0.5442523475616353,0.4557548590742377,1449.3099999999995,1309.7799999999988,2732.260000000002,0.5304436620233793,0.4793760476674979,0.945569,0.89367,0.98363
7ver_A-9m3b_B,hard_negative,0,0.0,0.0,0.0,0.2779805064201355,0.235456109046936,0.24925317466259,0.6954251323026608,0.6700713938807852,0.6858664196047384,0.3614694315966406,0.3225525201625706,0.3365758236510197,0.5102,0.5102,0.5078,0.4501,0.41,0.3638,0.3544,0.1975,0.8,1.0,0.2294,0.2294,0.2281,0.1416,0.0686,0.0343,0.0127,0.0123,0.0,0.0,9m3b-assembly1,0.9263,heteromultimer,9m3b-assembly1,0.9263,heteromultimer,5u4o-assembly1,0.7768,0,0,0.0,0.0,0,0,0.0,0.0,0.0,973.2780000000006,633.9640000000003,1607.242000000001,0.6055578438094573,0.3944421561905424,887.9399999999987,481.7500000000018,1369.6900000000023,0.6482780775211888,0.3517219224788098,1134.8500000000022,731.9300000000003,1866.7799999999988,0.6079184478085274,0.3920815521914745,0.916233,0.86932,0.99274
7vc7_A-9szu_A,hard_negative,0,0.0,0.0,0.0,0.2989479899406433,0.2421823590993881,0.2738859206438064,0.7528041854680084,0.7373419169503459,0.7459709990631055,0.3887372150504736,0.3412142706695796,0.3683029363276663,0.7271,0.7271,0.7259,0.6306,0.5663,0.5231,0.4279,0.5212,0.7867,0.0,0.5664,0.5664,0.5691,0.4897,0.5614,0.52,0.4234,0.5152,0.7733,0.0,9szu-assembly1,0.9242,monomer,8va7-assembly1,0.8541,homomultimer,8va7-assembly1,0.8541,0,0,0.0,0.0,0,0,0.0,0.0,0.0,776.5219999999994,750.1220000000001,1526.6420000000012,0.5086470829441341,0.4913542271206998,655.7199999999975,600.4900000000016,1298.810000000005,0.5048621430386239,0.4623386022589903,919.119999999999,901.8999999999978,1821.0199999999968,0.5047281194056081,0.4952718805943918,0.8129900000000001,0.76262,0.96234
7ver_A-9hsa_A,hard_negative,0,0.0,0.0,0.0,0.2233756184577942,0.1452050358057022,0.177401116490364,0.6865711424833372,0.6642967098082111,0.6746123842584456,0.3115598367278775,0.2511069571200885,0.2768433700439804,0.4486,0.4486,0.4484,0.3623,0.3114,0.3169,0.2532,0.1724,0.0,0.0,0.2219,0.2219,0.2226,0.1097,0.0127,0.013,0.0162,0.0345,0.0,0.0,5ipw-assembly1,0.9087,monomer,3drj-assembly1,0.7498,heteromultimer,5u4o-assembly1,0.7475,0,0,0.0,0.0,0,0,0.0,0.0,0.0,1103.006,731.6059999999994,1834.6160000000004,0.6012190016875465,0.3987788180196833,763.0600000000013,537.710000000001,1300.7800000000025,0.5866172604129829,0.4133750518919417,1544.2199999999991,1092.0099999999984,2636.230000000003,0.5857683130834553,0.4142316869165426,0.8214940000000001,0.70225,0.92345
7vqv_A-8akp_A,hard_negative,0,0.0,0.0,0.0,0.2399453967809677,0.1650395840406417,0.2005432486534118,0.7422389877615847,0.7165801956888742,0.7282907987859237,0.3404041149770911,0.2753477063702882,0.3060927586799143,0.5377,0.5377,0.5377,0.5289,0.4902,0.4793,0.4118,0.4042,0.3799,0.0,0.3341,0.3341,0.3341,0.3295,0.2972,0.2834,0.1777,0.1514,0.1876,0.0,8akp-assembly1,0.9888,monomer,4dss-assembly1,0.8874,heteromultimer,3f3r-assembly3,0.8824,0,0,0.0,0.0,0,0,0.0,0.0,0.0,815.5580000000002,837.2279999999997,1652.782,0.4934455965759551,0.5065568235859296,593.9699999999993,587.1999999999989,1181.1500000000017,0.5028743174025303,0.4971426152478501,938.8999999999996,1053.3499999999997,1978.39,0.4745778132724083,0.5324278832788276,0.849804,0.79538,0.92937
7uwy_A-7zb1_A,hard_negative,0,0.0,0.01076,0.002152,0.3889474272727966,0.2336829602718353,0.311067670583725,0.8609273338920987,0.8391302769747041,0.8518511544890559,0.483343408596657,0.3576899736987564,0.4192243673647912,0.687,0.687,0.687,0.687,0.6848,0.6962,0.683,0.6568,0.3392,0.3401,0.4904,0.4904,0.4904,0.4904,0.4939,0.5,0.4703,0.4462,0.0058,0.0068,7zaz-assembly1,0.9801,monomer,7zb1-assembly2,0.9798,heteromultimer,5o3x-assembly1,0.9257,5,5,1.0,0.0,5,8,65.0,12.125408,21.24,1954.396,2041.02,3995.422,0.4891588422950066,0.5108396559862763,821.2799999999988,873.0799999999999,1694.3600000000006,0.4847139923038779,0.515286007696121,2593.4300000000003,2660.8,5254.239999999998,0.4935880355674658,0.5064100612077104,0.9314250000000002,0.90572,0.95311
7vfc_A-7s9v_A,hard_negative,0,0.0,0.0,0.0,0.2306137979030609,0.1864870488643646,0.2075824975967407,0.7600392730760516,0.7510271433881998,0.7564295994883531,0.3361345660845601,0.2993950677691317,0.3173519179750632,0.6626,0.6626,0.6601,0.6501,0.4573,0.1759,0.0516,0.0537,0.0833,0.2857,0.0829,0.0829,0.0831,0.0553,0.0684,0.037,0.0387,0.0403,0.0625,0.0,7ntl-assembly1,0.9358,monomer,7s9v-assembly1,0.9181,heteromultimer,5tkf-assembly6,0.8511,0,0,0.0,0.0,0,0,0.0,0.0,0.0,656.4580000000002,525.4500000000014,1181.903999999998,0.555424129201696,0.4445792551679344,339.63000000000466,289.5,652.7700000000041,0.5202904545245685,0.4434946458936504,1154.479999999996,819.9599999999991,1946.2200000000007,0.5931909033922143,0.4213089989826425,0.8451129999999999,0.82999,0.89485
7vsi_A-7vsi_B,heterodimer,1,0.697191,0.782326,0.737799,0.7851114273071289,0.7274488210678101,0.7563864707946777,0.8549292192646244,0.8147231626550175,0.8369454198760142,0.7990749856986281,0.7449036893852516,0.7724982606109452,0.5637,0.5637,0.5618,0.5279,0.5096,0.4814,0.2439,0.2759,0.0,0.0,0.2757,0.2757,0.2855,0.2346,0.234,0.1966,0.1951,0.2069,0.0,0.0,5nva-assembly1,0.7853,monomer,3dh4-assembly1,0.7611,homomultimer,3dh4-assembly1,0.7611,22,26,24.0,24.0,25,19,97.0,1.1480725,1100.76,761.6499999999993,132.11599999999925,893.7679999999993,0.8521786414371513,0.1478191208456773,711.0499999999993,99.6299999999992,818.2900000000009,0.8689462171112913,0.1217539014285877,935.619999999999,190.63999999999945,1126.2699999999968,0.830724426647253,0.1692666944871123,0.967588,0.9327,0.98669
7vgc_A-7dmf_A,hard_negative,0,0.0,0.0,0.0,0.2127963006496429,0.1514732241630554,0.18701993227005,0.7388762546331378,0.6832435194161449,0.7057133668367467,0.3068857444029433,0.2662718474335576,0.2907586191833894,0.7241,0.7241,0.7238,0.7159,0.6769,0.6951,0.6802,0.6624,0.3529,0.3551,0.4209,0.4209,0.4214,0.4293,0.464,0.4791,0.4798,0.4658,0.0176,0.0072,7dmf-assembly1,0.9406,monomer,1e8n-assembly1,0.927,heteromultimer,5o3x-assembly1,0.9186,0,0,0.0,0.0,0,0,0.0,0.0,0.0,2597.0979999999995,2542.458,5139.558,0.5053154376310179,0.4946841732304607,1946.5600000000013,1794.2900000000009,3773.6500000000015,0.5158295019410917,0.4754786479933222,3708.689999999999,3672.489999999998,7381.18,0.5024521824423736,0.497547817557626,0.789834,0.7077,0.9026
7wrs_A-7wrs_B,heterodimer,1,0.807755,0.821866,0.814559,0.8342710733413696,0.8196007013320923,0.8273326396942139,0.8100786766101169,0.7988427335640684,0.8064797901684342,0.8290011712348441,0.8154491077784876,0.823162069789058,0.7048,0.7048,0.6988,0.7201,0.6749,0.1386,0.0513,0.0513,0.0556,0.0,0.4206,0.4206,0.4218,0.4623,0.3565,0.1188,0.0256,0.0256,0.0278,0.0,7wai-assembly1,0.9282,monomer,4r3z-assembly1,0.8381,heteromultimer,4p2b-assembly2,0.8376,85,101,92.0,87.0,90,67,98.0,0.8818192,1470.68,1361.6179999999993,1255.1919999999998,2616.8119999999994,0.5203346667624573,0.4796645689487819,1348.4700000000012,1215.4700000000012,2570.6900000000023,0.5245556640435058,0.472818581781545,1384.6299999999974,1294.8499999999983,2679.490000000005,0.516751322079946,0.4832449458665627,0.9645560000000002,0.93469,0.99318
7vgc_A-8uvv_A,hard_negative,0,0.0,0.0,0.0,0.3351885676383972,0.1573383212089538,0.2173716604709625,0.6879720425623541,0.6075376395918723,0.6390709638887326,0.4057452626231885,0.2473781848855376,0.3017115211545165,0.5841,0.5841,0.5838,0.503,0.4994,0.5056,0.5149,0.495,0.3333,0.3224,0.3225,0.3225,0.3225,0.366,0.3704,0.3786,0.372,0.3538,0.058,0.0066,8uvv-assembly1,0.9882,monomer,1e8n-assembly1,0.936,heteromultimer,5o3x-assembly1,0.9277,3,3,1.0,0.0,3,4,76.0,13.887055,48.21,1100.759999999999,1131.415999999998,2232.172,0.4931340416419519,0.5068677503346508,882.5900000000001,941.6399999999994,1828.409999999996,0.4827090204057088,0.515004840271056,1486.3099999999977,1430.979999999996,2917.300000000003,0.509481369759708,0.4905152024131884,0.857306,0.7426,0.98475
7xpc_A-7xpc_B,heterodimer,1,0.0,0.011666,0.002333,0.3127561509609222,0.167510524392128,0.2430226653814315,0.8033499856268737,0.7725439761137154,0.788248475868282,0.4108749178941125,0.2885172147364455,0.3520678274788017,0.8211,0.8211,0.821,0.8066,0.822,0.8919,0.8852,0.9259,0.0,0.0,0.3276,0.3276,0.3275,0.4352,0.7277,0.8829,0.8852,0.9259,0.0,0.0,6ckg-assembly1,0.8149,monomer,5xmb-assembly2,0.7243,homomultimer,5xmb-assembly2,0.7243,24,24,5.0,0.0,20,19,67.0,12.286585,218.26,1003.1800000000004,895.1779999999999,1898.364,0.5284444922048671,0.4715523471789393,653.9899999999998,757.5299999999988,1411.5300000000025,0.4633199436072904,0.5366729718815736,1188.6900000000005,1030.6499999999996,2219.34,0.5356051799183543,0.4643948200816457,0.8627740000000002,0.83018,0.92121
7y6b_A-7y6b_B,heterodimer,1,0.723262,0.793262,0.773852,0.8894225358963013,0.8641288876533508,0.8799965858459473,0.8784193066331094,0.8406752318549744,0.8672084206825147,0.8864756449295769,0.8594381564936756,0.8774389528132609,0.7738,0.7738,0.7738,0.7703,0.7637,0.8276,0.9342,0.875,1.0,1.0,0.3126,0.3126,0.3126,0.3153,0.3184,0.3716,0.5526,0.125,0.0,0.0,7y6c-assembly1,0.9292,heteromultimer,7y6c-assembly1,0.9292,heteromultimer,7s5c-assembly1,0.7005,62,76,68.0,66.0,69,49,99.0,0.8703644,1739.02,1458.926,616.0079999999998,2074.9280000000003,0.7031212649306384,0.2968816267359637,1440.84,582.3299999999999,2023.17,0.7121695161553404,0.2878304838446596,1493.3000000000002,653.7199999999993,2147.01,0.6955254050982529,0.3044792525419068,0.987142,0.97968,0.99558
7y54_A-9jwt_A,hard_negative,0,0.0,0.0,0.0,0.2052107602357864,0.1128584817051887,0.1671184375882148,0.7104586684765245,0.6425827507407064,0.6738739547271835,0.2952849175145834,0.2323785190594559,0.2684695410160086,0.6505,0.6505,0.6505,0.6505,0.6505,0.6037,0.4615,0.4667,0.3511,0.0714,0.2353,0.2353,0.2353,0.2353,0.2353,0.1848,0.2212,0.2366,0.2443,0.0714,9jwt-assembly1,0.9749,monomer,7y95-assembly1,0.9007,homomultimer,7y95-assembly1,0.9007,1,1,0.0,0.0,1,2,69.0,14.786317,12.19,632.5160000000003,540.7839999999997,1173.2960000000014,0.5390932893319329,0.4609101198674494,533.4800000000014,448.4199999999992,1015.760000000002,0.5252028038119244,0.441462550208709,826.6700000000001,592.3900000000003,1417.800000000003,0.5830653124559164,0.4178233883481443,0.8504659999999999,0.73683,0.95669
7y6b_A-8oys_A,hard_negative,0,0.0,0.014845,0.005603,0.3307745456695556,0.1848396807909011,0.2434428006410599,0.7421360728349726,0.6671754741086403,0.7012650552997903,0.413046851102639,0.281306839454449,0.335007251572806,0.7977,0.7977,0.7977,0.7341,0.7164,0.6961,0.5676,0.2667,0.0,0.0,0.6334,0.6334,0.6334,0.5222,0.511,0.5088,0.4054,0.1333,0.0,0.0,8oys-assembly1,0.9528,monomer,2uwj-assembly1,0.7663,heteromultimer,2q1k-assembly2,0.7552,2,135,37.0,26.0,49,41,81.0,8.853373,166.65,910.8760000000002,749.7119999999999,1660.5880000000002,0.5485261847008409,0.451473815299159,661.5199999999995,581.1199999999999,1609.2699999999986,0.4110683726161552,0.3611078315012399,1133.5600000000004,947.75,1725.4900000000016,0.656949620107911,0.549264266961848,0.788273,0.74677,0.98207
7y54_A-9m3b_A,hard_negative,0,0.0,0.013306,0.009348,0.2825953364372253,0.2446998059749603,0.2618984043598175,0.7785112198878849,0.766922289556365,0.7718214489821051,0.3817785131273573,0.3500479202272032,0.3638830132842751,0.8539,0.8539,0.8539,0.8543,0.8477,0.8523,0.7557,0.6083,0.96,1.0,0.4264,0.4264,0.4264,0.4281,0.4223,0.4193,0.4912,0.1667,0.24,0.0,9m3b-assembly1,0.9813,heteromultimer,9m3b-assembly1,0.9813,heteromultimer,4wvr-assembly1,0.8194,1,21,8.0,4.0,11,12,76.0,11.505808,99.92,1131.3879999999997,833.8580000000005,1965.248000000001,0.575697316572768,0.4243016657439672,912.7199999999992,766.4699999999993,1679.1800000000003,0.543551018949725,0.456454936337974,1274.6099999999988,898.3099999999995,2155.7599999999984,0.5912578394626488,0.41670223030393,0.873156,0.82969,0.97921
7yh8_A-7osw_A,hard_negative,0,0.013647,0.017535,0.014745,0.1687725633382797,0.1517330408096313,0.1613093703985214,0.5629769978608661,0.5476982432726832,0.5554506180312011,0.247613450242797,0.2309260813022417,0.2401376199250573,0.7914,0.7914,0.7914,0.7836,0.7881,0.6667,0.52,1.0,1.0,0.0,0.1367,0.1367,0.1367,0.1269,0.0763,0.0833,0.16,0.0,0.0,0.0,9lp2-assembly1,0.803,heteromultimer,9lp2-assembly1,0.803,heteromultimer,9jm3-assembly2,0.6745,3,62,14.0,5.0,25,23,73.0,8.985066,181.83,1115.52,678.242,1793.7619999999995,0.6218885225576193,0.3781114774423809,1038.36,570.7799999999997,1724.0099999999993,0.6022934901769714,0.3310769659108705,1191.8799999999997,836.44,1902.14,0.6265995142313394,0.4397362970128383,0.702957,0.59727,0.86364
7yk3_A-7yk3_B,heterodimer,1,0.82868,0.842845,0.834948,0.890861988067627,0.8766320943832397,0.8855700612068176,0.8985805088432708,0.8918740891076253,0.8948777284602644,0.8924056922227558,0.8799770466924577,0.887431594657507,0.8875,0.8875,0.8866,0.5263,0.25,0.0,0.0,0.0,0.0,0.0,0.1688,0.1688,0.1649,0.4474,0.25,0.0,0.0,0.0,0.0,0.0,7omz-assembly1,0.8651,monomer,3elk-assembly1,0.4853,homomultimer,3elk-assembly1,0.4853,64,78,69.0,66.0,71,56,98.0,0.97184247,1359.84,1280.8019999999997,922.1759999999998,2202.9799999999987,0.5813952010458563,0.4186038910929742,1248.8899999999994,910.1999999999988,2168.82,0.575838474377772,0.4196752150939216,1301.4599999999991,948.9699999999992,2227.709999999999,0.5842142828285547,0.4259845312002009,0.971626,0.95552,0.99839
7ypl_A-7t03_A,hard_negative,0,0.0,0.340373,0.072836,0.6396305561065674,0.1498762369155883,0.2591139197349548,0.7856342023809342,0.5428097170580979,0.5975260555380006,0.6688312853614408,0.2284629329440902,0.326796346895564,0.5452,0.5452,0.5452,0.5414,0.5367,0.4702,0.3824,0.4764,0.56,0.0,0.1057,0.1057,0.1057,0.1066,0.1007,0.1013,0.1034,0.1321,0.09,0.0,7t2y-assembly2,0.9717,monomer,4je4-assembly1,0.8782,heteromultimer,4lsd-assembly4,0.8275,1,64,23.0,10.0,31,25,92.0,2.4561958,468.48,454.124,598.1680000000002,1052.2940000000006,0.4315562000733632,0.568441899317111,370.2399999999998,512.3200000000006,964.880000000001,0.3837161097753082,0.5309675814609072,520.0199999999995,695.4300000000003,1183.8600000000006,0.4392580203740301,0.5874258780599056,0.6859439999999999,0.59193,0.90974
7y8u_A-7y8u_B,heterodimer,1,0.0,0.023544,0.004709,0.4117359519004822,0.1671678125858307,0.2583710283041,0.5088233540695406,0.3452319679210188,0.4297718473143314,0.4311534323342939,0.2029247080792904,0.2926511921061463,0.9154,0.9154,0.9087,0.9008,0.9081,0.9864,0.5,0.0,0.0,0.0,0.1564,0.1564,0.1689,0.1123,0.1003,0.0588,0.5,0.0,0.0,0.0,3d3y-assembly1,0.6142,monomer,3eoq-assembly1,0.6131,homomultimer,3eoq-assembly1,0.6131,2,44,9.0,0.0,36,33,80.0,8.004768,305.22,2532.4320000000007,1506.5119999999988,4038.941999999998,0.6270038044616639,0.3729966907175194,1830.1500000000008,1061.1799999999969,2891.3299999999945,0.6329785946260043,0.3670214053739969,3383.4400000000023,2063.98,5447.43,0.6211075681559932,0.3788905961159665,0.5198950000000001,0.3353,0.7647
7ypl_A-8qrx_A,hard_negative,0,0.0,0.223751,0.091427,0.4724790453910827,0.1472605764865875,0.3278338074684143,0.6469546730241809,0.4412409095685321,0.5675494222882748,0.5073741709177024,0.2060566431029764,0.3757769304323864,0.6313,0.6313,0.6313,0.6244,0.6273,0.6102,0.572,0.5374,0.641,0.0,0.1107,0.1107,0.1107,0.1093,0.1011,0.0949,0.107,0.1317,0.0641,0.0,7t0r-assembly1,0.8641,heteromultimer,7t0r-assembly1,0.8641,heteromultimer,3b83-assembly1,0.8107,2,104,26.0,13.0,43,40,83.0,4.547323,475.66,603.3620000000003,467.02800000000025,1070.3879999999997,0.5636853178473604,0.436316550633976,444.8900000000003,264.7000000000007,838.3700000000008,0.5306606868089268,0.315731717499434,702.2600000000002,881.1100000000006,1578.2199999999991,0.4449696493518017,0.5582935205484666,0.6155489999999999,0.52838,0.85865
7yn3_A-7yn3_B,heterodimer,1,0.0,0.0,0.0,0.3003240823745727,0.1789623349905014,0.2258282512426376,0.6718932264667103,0.5129701291661892,0.5998705169318187,0.3742469788366025,0.2457638938256389,0.3006367043804739,0.7896,0.7896,0.7853,0.8167,0.8171,0.8312,0.838,0.866,1.0,1.0,0.1182,0.1182,0.1191,0.0926,0.0716,0.0662,0.067,0.0948,0.0,0.0,9dks-assembly1,0.9298,heteromultimer,9dks-assembly1,0.9298,heteromultimer,4bpg-assembly1,0.7879,3,3,1.0,0.0,3,5,69.0,13.950232,7.22,660.3620000000003,553.836,1214.1980000000003,0.5438668157911644,0.4561331842088357,437.6100000000006,388.4099999999999,826.0299999999988,0.5297749476411283,0.4702129462610321,922.0700000000016,638.7000000000007,1533.9000000000017,0.6011278440576313,0.4163895951496187,0.628893,0.52191,0.79147
7ypl_A-9gvh_B,hard_negative,0,0.0,0.013064,0.002613,0.206585019826889,0.1292267143726349,0.1535159349441528,0.5662762336111186,0.5037157652952083,0.5379083078514628,0.2785232625837349,0.2097478383117964,0.2303944095256148,0.6803,0.6803,0.6803,0.6794,0.625,0.552,0.4631,0.5052,0.6067,0.0,0.1228,0.1228,0.1228,0.1206,0.1098,0.1015,0.123,0.1198,0.0787,0.0,6o02-assembly1,0.8811,heteromultimer,6o02-assembly1,0.8811,heteromultimer,3b83-assembly1,0.8268,11,80,18.0,1.0,36,33,69.0,8.9083,138.54,1146.486,815.5719999999998,1962.058,0.5843282920280642,0.4156717079719354,739.5899999999992,624.4200000000001,1563.949999999999,0.4728987499600369,0.39925828830845,1637.9899999999998,1069.7699999999995,2262.42,0.7239990806304752,0.4728432386559522,0.640795,0.58529,0.90038
7ytt_A-7ytt_B,heterodimer,1,0.258073,0.746261,0.571111,0.8106077313423157,0.5405130386352539,0.7193932056427002,0.7679629525624718,0.5858288172137369,0.7004496877069655,0.802078775586347,0.5495761943509505,0.7156045020555533,0.5823,0.5823,0.6504,0.675,0.4667,1.0,1.0,1.0,1.0,0.0,0.1443,0.1443,0.1419,0.2125,0.1333,0.0,0.0,0.0,0.0,0.0,7ytu-assembly1,0.8284,heteromultimer,7ytu-assembly1,0.8284,heteromultimer,7n35-assembly1,0.4526,56,147,102.0,76.0,105,69,97.0,0.86682063,1846.63,2220.38,993.178,3213.55,0.6909430380731589,0.3090594513855393,1943.8100000000004,745.1800000000003,2688.9900000000016,0.7228773628760238,0.2771226371239758,2385.9,1131.4899999999998,3500.3500000000004,0.6816175525304611,0.3232505320896481,0.842437,0.75659,0.97355
7ypl_A-8znu_A,hard_negative,0,0.0,0.014765,0.011043,0.2746025919914245,0.1700094491243362,0.2255476057529449,0.6749724065163674,0.6517261592871313,0.6635635996822332,0.3546765548964131,0.2663527911568952,0.3131508045388026,0.729,0.729,0.729,0.729,0.7305,0.7067,0.7137,0.6689,0.63,1.0,0.0827,0.0827,0.0827,0.0827,0.083,0.0842,0.0821,0.1003,0.08,0.0,6p3s-assembly2,0.9129,heteromultimer,6p3s-assembly2,0.9129,heteromultimer,4lsd-assembly4,0.8185,1,86,21.0,4.0,34,29,75.0,7.936117,318.71,751.3419999999999,629.4280000000001,1380.7699999999998,0.5441471063247318,0.4558528936752683,633.6599999999999,434.5100000000002,1124.7599999999984,0.5633735196842,0.38631352466304,868.9599999999991,778.6399999999994,1556.380000000001,0.5583212326038619,0.5002891324740738,0.789205,0.75258,0.96862
7yls_A-7yls_B,heterodimer,1,0.771217,0.869358,0.825469,0.917387843132019,0.8961874842643738,0.9049293398857116,0.935428383438243,0.9228705503949706,0.929126939336139,0.920995951193264,0.9015240974904932,0.9097688597757972,0.7806,0.7806,0.7818,0.817,0.8417,0.9121,0.911,0.9699,1.0,1.0,0.4164,0.4164,0.4182,0.5149,0.5367,0.6016,0.5757,0.3158,0.0,0.0,8h2t-assembly1,0.9873,heteromultimer,8h2t-assembly1,0.9873,heteromultimer,3e99-assembly1,0.7942,104,119,113.0,108.0,116,80,98.0,0.9469474,1595.38,1987.584,1140.1340000000005,3127.719999999999,0.6354737636361314,0.3645255969204407,1976.5700000000013,1112.300000000001,3088.859999999997,0.6399027472918822,0.3601004901484697,1996.8600000000008,1165.2000000000007,3162.07,0.631504046399985,0.3684927911146815,0.9988439999999998,0.99782,0.99955
7yh8_A-9qs1_A,hard_negative,0,0.0,0.0,0.0,0.190713346004486,0.1238677054643631,0.1523588329553604,0.8540858592615027,0.8442051160859374,0.8504817711312459,0.3233113635530639,0.2679351875886779,0.2919834205905375,0.7117,0.7117,0.711,0.7062,0.7029,0.6932,0.7154,0.7025,0.7093,0.6364,0.4098,0.4098,0.411,0.4138,0.413,0.4229,0.4549,0.6774,0.7093,0.6364,9qs1-assembly1,0.9879,monomer,5ts5-assembly1,0.9796,homomultimer,5ts5-assembly1,0.9796,0,0,0.0,0.0,0,0,0.0,0.0,0.0,535.4119999999999,576.7060000000001,1112.11,0.4814379872494627,0.5185692062835513,397.8500000000004,438.7799999999989,836.630000000001,0.4755387686312944,0.5244612313687034,664.3400000000001,736.8300000000017,1312.9000000000017,0.5060095970751767,0.561223246248763,0.8997680000000001,0.88571,0.97723
7zhm_A-7zhm_B,heterodimer,1,0.613857,0.702582,0.652716,0.8321692943572998,0.8032560348510742,0.8135332584381103,0.8649272823377891,0.8271986064807748,0.8454897765075835,0.8387208919533977,0.8080445491770143,0.8199245620520049,0.8018,0.8018,0.7934,0.7778,0.7297,0.8182,0.0,0.0,0.0,0.0,0.2207,0.2207,0.2207,0.237,0.0811,0.0,0.0,0.0,0.0,0.0,2o0q-assembly1,0.5997,monomer,6mj8-assembly1,0.5578,heteromultimer,1yqf-assembly1,0.434,65,94,79.0,77.0,82,66,96.0,1.2401391,988.79,1221.5219999999997,1078.926,2300.44,0.5309949400984159,0.4690085374971744,1191.0999999999997,1028.88,2266.4400000000005,0.525537847902437,0.4539630433631598,1243.91,1120.5200000000004,2342.880000000001,0.5309320152974114,0.47826606569692,0.9957049999999998,0.98983,0.99873
7ypl_A-9b6m_B,hard_negative,0,0.0,0.0,0.0,0.1939684003591537,0.1647798866033554,0.1808888733386993,0.4919394300017916,0.4208045580297233,0.4489208641111714,0.2535626062876813,0.215984820888629,0.2344952714931937,0.5313,0.5313,0.5271,0.5191,0.527,0.4903,0.4268,0.4457,0.5333,0.0,0.1323,0.1323,0.1297,0.1075,0.1054,0.0741,0.1098,0.0543,0.0,0.0,5dft-assembly5,0.8499,monomer,9l14-assembly1,0.8409,heteromultimer,4lsd-assembly4,0.7951,0,0,0.0,0.0,0,0,0.0,0.0,0.0,1332.56,1286.4880000000005,2619.050000000001,0.5087951738225689,0.4912040625417612,490.3899999999994,561.380000000001,1051.770000000004,0.4662521273662469,0.5337478726337497,2014.1200000000024,1843.3499999999983,3804.3800000000047,0.52942135117943,0.4845336165156994,0.505394,0.39895,0.69859
8a82_A-8a82_B,heterodimer,1,0.764053,0.863848,0.838954,0.953292727470398,0.9119793772697448,0.941890299320221,0.909610406837054,0.8798472124059352,0.8987340497453401,0.943684032813944,0.905552944296983,0.9332590494052448,0.2695,0.2695,0.2671,0.243,0.2221,0.2156,0.6696,0.125,0.0,0.0,0.1254,0.1254,0.1258,0.1209,0.0983,0.0928,0.4087,0.0417,0.0,0.0,4gjy-assembly1,0.7152,monomer,6f4s-assembly1,0.7087,heteromultimer,3uyj-assembly1,0.7026,71,123,94.0,91.0,94,64,99.0,0.9040096,2055.44,1729.2539999999997,998.884,2728.137999999999,0.6338586977638229,0.3661413022361773,1657.0599999999995,911.08,2636.5099999999984,0.6285051071302595,0.3455628842674598,1827.67,1116.2099999999991,2843.0099999999984,0.642864428897542,0.3926155729315056,0.977531,0.961,0.99248
8agy_A-9gvh_B,hard_negative,0,0.0,0.013506,0.010177,0.3360266089439392,0.2275529354810714,0.2987726002931595,0.7995902509870241,0.7835816941183625,0.7928954013711706,0.4287073544158654,0.3387586872085297,0.3975971605087617,0.2848,0.2848,0.2826,0.2646,0.2218,0.3932,0.3776,1.0,0.0,0.0,0.1414,0.1414,0.1408,0.1291,0.1289,0.2821,0.2857,0.1667,0.0,0.0,2ds2-assembly2,0.7752,heteromultimer,2ds2-assembly2,0.7752,heteromultimer,3csv-assembly1,0.7192,8,58,13.0,0.0,23,24,67.0,10.611868,114.38,1343.1,1338.3079999999998,2681.409999999999,0.5008931867935155,0.499106067330248,965.3199999999996,1102.9599999999991,2068.279999999999,0.4667259752064518,0.5332740247935481,1645.5300000000009,1454.6899999999987,3074.9999999999964,0.535131707317074,0.4730699186991871,0.909903,0.85746,0.96876
8agy_A-9lni_A,hard_negative,0,0.0,0.023809,0.011856,0.3255440294742584,0.1045959442853927,0.2055952668190002,0.6450056675516596,0.6061808892443415,0.6301791592936691,0.3871922392775787,0.2049129332771825,0.290512045313934,0.3605,0.3605,0.358,0.3225,0.2389,0.3583,0.3232,0.5,0.0,0.0,0.1788,0.1788,0.1766,0.1476,0.1423,0.2667,0.2828,0.5,0.0,0.0,9lni-assembly1,0.9462,monomer,3csv-assembly1,0.7218,homomultimer,3csv-assembly1,0.7218,11,11,2.0,0.0,11,12,71.0,5.7768097,258.11,1242.6159999999995,941.524,2184.144,0.5689258583683127,0.4310723102506064,945.5200000000004,629.0200000000004,1908.3500000000024,0.4954646684308431,0.3296145885188774,1508.5,1164.6500000000017,2345.359999999997,0.6431848415595056,0.4965762185762539,0.651578,0.61445,0.7837
8akp_A-8j3q_A,hard_negative,0,0.015041,0.020963,0.017166,0.3694497048854828,0.3184636831283569,0.3375837624073028,0.8449576880925413,0.8337263087020735,0.839272514398275,0.4639113797747122,0.4215162082431002,0.4379215128054972,0.6661,0.6661,0.6661,0.6573,0.5969,0.6048,0.3043,0.0588,0.0,0.0,0.5017,0.5017,0.5017,0.5026,0.5128,0.518,0.3043,0.0588,0.0,0.0,4wts-assembly1,0.8479,monomer,1aq0-assembly1,0.7409,homomultimer,1aq0-assembly1,0.7409,4,67,27.0,17.0,49,40,72.0,5.1559777,154.49,1262.9759999999997,1045.572,2308.5460000000003,0.5470872142032256,0.4529136521429505,1193.4699999999991,1002.54,2201.050000000001,0.5422275732036976,0.4554826105722266,1318.5500000000002,1080.750000000001,2398.91,0.5496454639815584,0.4505171098540591,0.960085,0.93401,0.99576
8arc_A-8arc_B,heterodimer,1,0.77486,0.802389,0.788778,0.8334718942642212,0.8181746006011963,0.8271193981170655,0.855342372362914,0.846144902985133,0.8504585219127974,0.8367318759171885,0.8237686610779837,0.831787222876212,0.7348,0.7348,0.7348,0.7333,0.7231,0.6978,0.6758,0.8015,1.0,0.0,0.1477,0.1477,0.1477,0.1486,0.1514,0.2338,0.2694,0.3053,0.0,0.0,8fwd-assembly1,0.8052,heteromultimer,8fwd-assembly1,0.8052,heteromultimer,2wqh-assembly1,0.7899,96,124,109.0,108.0,109,81,98.0,0.85367495,1877.54,2657.754,742.2420000000002,3400.0039999999995,0.7816914333041962,0.2183062137573956,2628.55,720.1999999999998,3370.5200000000004,0.7798648279790652,0.2136762280004271,2700.090000000001,785.1199999999999,3448.949999999999,0.7828730483190541,0.227640296322069,0.983716,0.9726,0.99585
8b0u_A-8b0u_B,heterodimer,1,0.538371,0.623777,0.586273,0.9012423753738404,0.8656265735626221,0.8840280532836914,0.8847272213576106,0.8745229313374898,0.880612300550214,0.8969733799014971,0.8674058451175957,0.8833449027369961,0.6272,0.6272,0.6305,0.4462,0.4052,0.8846,1.0,1.0,0.0,0.0,0.4693,0.4693,0.4712,0.4077,0.3966,0.8846,1.0,1.0,0.0,0.0,9eyi-assembly1,0.7874,homomultimer,9eyi-assembly1,0.7874,homomultimer,9eyi-assembly1,0.7874,49,51,50.0,49.0,49,35,96.0,1.3740568,967.28,802.553999999999,572.0680000000008,1374.6220000000008,0.5838361382256347,0.4161638617743645,796.1399999999994,561.9799999999996,1365.7200000000012,0.5829452596432642,0.4114899100840575,811.9299999999985,580.1000000000004,1383.66,0.5867987800471204,0.4192503938828906,0.997613,0.99513,0.99951
7zb1_A-9dd0_A,hard_negative,0,0.0,0.0,0.0,0.1565848886966705,0.1392196416854858,0.1461971491575241,0.702517709865228,0.6843149399036093,0.6955684494823396,0.2655440537363329,0.2497643292143457,0.2560714092224872,0.683,0.683,0.683,0.6812,0.6761,0.6969,0.6862,0.6774,0.3758,0.3359,0.4612,0.4612,0.4612,0.4622,0.4668,0.4843,0.4575,0.4539,0.0061,0.0078,9dd0-assembly2,0.9527,heteromultimer,9dd0-assembly2,0.9527,heteromultimer,5o3x-assembly1,0.9258,0,0,0.0,0.0,0,0,0.0,0.0,0.0,1368.504,1661.255999999999,3029.764000000001,0.4516866660241522,0.5483120137410036,1134.8600000000006,1407.729999999996,2542.5799999999945,0.4463419046794999,0.5536620283334247,1666.66,1859.6500000000008,3476.3700000000026,0.4794253776209087,0.5349401818563617,0.7693859999999999,0.7269,0.92992
8b4o_A-8b4o_B,heterodimer,1,0.84838,0.885564,0.866215,0.920128047466278,0.897581934928894,0.9095340847969056,0.907683594824132,0.8885812531990025,0.8992371757613242,0.9176391569378488,0.8957817985829157,0.9074747029897892,0.7649,0.7649,0.7633,0.8009,0.8247,1.0,1.0,1.0,1.0,1.0,0.293,0.293,0.2933,0.2844,0.4021,0.0,0.0,0.0,0.0,0.0,7nkz-assembly1,0.9509,heteromultimer,7nkz-assembly1,0.9509,heteromultimer,1q0k-assembly2,0.4804,157,203,186.0,171.0,190,141,98.0,1.006355,1167.57,4773.643999999999,1332.646,6106.291999999997,0.781758225777608,0.21824144669138,4474.789999999997,1268.8799999999992,5743.669999999998,0.7790820155057653,0.2209179844942344,4948.129999999997,1386.7600000000002,6334.889999999999,0.781091700092661,0.2189082999073386,0.984512,0.97456,0.99632
8ba1_A-8ba1_B,heterodimer,1,0.737075,0.750666,0.743611,0.8474571704864502,0.8388604521751404,0.8430943131446839,0.8474903250901787,0.8406561319774672,0.8447004597639234,0.847218981137074,0.8392195881356058,0.8434155424685319,0.9108,0.9108,0.908,0.9427,0.625,1.0,1.0,0.0,0.0,0.0,0.2082,0.2082,0.2107,0.2293,0.125,0.0,0.0,0.0,0.0,0.0,5v8w-assembly3,0.6266,heteromultimer,5v8w-assembly3,0.6266,heteromultimer,1zzj-assembly1,0.4248,162,197,176.0,173.0,176,109,98.0,0.80036587,1865.16,2694.34,2024.034,4718.374000000001,0.5710314612618668,0.4289685387381329,2608.51,1970.89,4593.250000000004,0.5679007238883139,0.4290839819300055,2794.449999999999,2078.2200000000003,4872.670000000002,0.5734946138359458,0.4265053861640537,0.991909,0.98641,0.99838
8bgm_A-8bgm_B,heterodimer,1,0.665051,0.774835,0.737286,0.8559698462486267,0.8246609568595886,0.8449464678764343,0.855134238617019,0.8080119810089088,0.8413294773222535,0.8553543132890842,0.8213311616894526,0.8442230697655984,0.7002,0.7002,0.7074,0.5234,0.3529,0.5,0.5,0.5,0.3333,0.0,0.2357,0.2357,0.2422,0.3178,0.2353,0.0,0.0,0.0,0.0,0.0,8fbd-assembly1,0.8712,heteromultimer,8fbd-assembly1,0.8712,heteromultimer,5i7k-assembly3,0.4223,74,110,88.0,85.0,90,74,98.0,1.1040705,1128.71,1835.2979999999995,1236.0760000000016,3071.378,0.5975487224301274,0.4024499752228484,1800.7399999999998,1204.4900000000016,3009.8499999999985,0.5982823064272308,0.400182733358806,1875.73,1306.2000000000023,3151.7700000000004,0.5951354318367138,0.4144337943441312,0.966264,0.93738,0.98851
8boz_A-8boz_B,heterodimer,1,0.0,0.0,0.0,0.1727782040834427,0.156343787908554,0.164976304769516,0.6803391255653121,0.6660010051710197,0.6723497691799898,0.2725860324909668,0.2590118518716359,0.2664509976516108,0.4767,0.4767,0.4737,0.386,0.2493,0.186,0.0,0.0,0.0,0.0,0.3377,0.3377,0.3388,0.2865,0.2301,0.186,0.0,0.0,0.0,0.0,6nkc-assembly1,0.5178,monomer,3d2c-assembly13,0.5069,homomultimer,3d2c-assembly13,0.5069,0,0,0.0,0.0,0,0,0.0,0.0,0.0,2194.096,2059.5979999999995,4253.693999999999,0.51580955282632,0.4841904471736801,1332.0800000000015,1263.0699999999997,2595.1399999999994,0.5132979338301602,0.4867059195264995,2712.7700000000004,2556.07,5248.980000000003,0.5168185056906291,0.4869650865501484,0.751067,0.67934,0.8892
8agy_A-7zb1_A,hard_negative,0,0.0,0.013402,0.00268,0.3189102411270141,0.1512682437896728,0.2168125420808792,0.6616885320539945,0.6417510699017286,0.6526391232268809,0.3874658993124102,0.2504799227127225,0.3039778583100796,0.4354,0.4354,0.4338,0.423,0.4355,0.6181,0.6023,0.6575,0.3392,0.3401,0.2999,0.2999,0.2986,0.2922,0.3027,0.4368,0.4158,0.4475,0.0058,0.0068,7zaz-assembly1,0.9799,monomer,7zb1-assembly2,0.9787,heteromultimer,5o3x-assembly1,0.9249,0,0,0.0,0.0,0,0,0.0,0.0,0.0,3120.172,2705.2880000000005,5825.459999999999,0.5356095484305102,0.4643904515694899,2615.769999999997,2321.869999999999,5076.959999999999,0.5152236771611353,0.4573347042324539,3749.189999999999,3307.7000000000044,7056.889999999999,0.5312807766594064,0.468719223340594,0.689651,0.66111,0.74986
8blw_A-8blw_B,heterodimer,1,0.817601,0.835417,0.826698,0.8492653369903564,0.8376142978668213,0.8438006639480591,0.8478504429506601,0.7860610973849582,0.8153190282330021,0.8436940244695934,0.8341349743322046,0.8381043368050477,0.6485,0.6485,0.649,0.6505,0.6492,0.6111,0.344,0.2439,0.2692,0.0,0.0841,0.0841,0.0841,0.0841,0.0843,0.0245,0.0229,0.0183,0.0,0.0,2gsk-assembly1,0.8226,heteromultimer,2gsk-assembly1,0.8226,heteromultimer,4aip-assembly1,0.7833,129,200,158.0,140.0,149,122,97.0,1.0973978,1170.55,3808.601999999999,2214.965999999999,6023.563999999999,0.6322838107140557,0.3677168533446311,3565.279999999999,2173.640000000003,5738.93,0.6212447268044737,0.3787535307104291,4049.220000000001,2255.229999999996,6304.439999999995,0.6422806783790478,0.3577209078046579,0.9663429999999998,0.95085,0.9767
8c47_A-8c47_B,heterodimer,1,0.0,0.787526,0.589637,0.8885535001754761,0.1305751353502273,0.7166029125452041,0.9145672505285534,0.6966248673782065,0.8650407038606245,0.8937562502460916,0.2437850817558232,0.7462904708082883,0.6165,0.6165,0.6251,0.6978,0.7143,0.873,0.8707,0.8684,0.9,0.9481,0.1774,0.1774,0.1799,0.1833,0.1653,0.1817,0.1706,0.1627,0.1706,0.2,8x19-assembly1,0.9779,heteromultimer,8x19-assembly1,0.9779,heteromultimer,1rdw-assembly1,0.968,59,78,56.0,0.0,69,60,95.0,1.4533539,924.85,1266.8819999999996,778.1380000000001,2045.0240000000008,0.619494930132849,0.3805031138998857,700.9799999999996,509.1600000000017,1210.130000000001,0.5792600794955906,0.4207481840793974,1419.7199999999991,872.4200000000001,2269.73,0.6255017116573335,0.3843717094103705,0.8823129999999999,0.7099,0.99855
8ct8_A-8ct8_B,heterodimer,1,0.650923,0.742405,0.697437,0.8363356590270996,0.7892463803291321,0.8124882936477661,0.8407498310920885,0.8131959818004763,0.8284279430247636,0.8372184934400975,0.794036300623401,0.8156762235231657,0.4531,0.4531,0.4499,0.3613,0.3364,0.3029,0.238,0.2269,0.6774,0.7407,0.2314,0.2314,0.2332,0.2129,0.1862,0.1553,0.1664,0.1493,0.2581,0.2593,5k22-assembly1,0.9414,heteromultimer,5k22-assembly1,0.9414,heteromultimer,5bx1-assembly2,0.9252,37,51,44.0,39.0,47,35,97.0,1.1139259,1264.68,714.568,546.6580000000004,1261.226,0.5665661824288429,0.4334338175711572,565.75,470.6400000000003,1036.4100000000035,0.5458747020966588,0.4541060005210281,780.1100000000006,570.0599999999995,1345.239999999998,0.5799039576581143,0.4237608159138892,0.982007,0.95706,0.99866
8dj8_A-7mn2_A,hard_negative,0,0.0,0.0,0.0,0.1938362419605255,0.1192794889211654,0.1522190481424331,0.699671102617531,0.6758320583291569,0.6832908261276709,0.2950032140919266,0.23061320398477,0.2584334037394807,0.7946,0.7946,0.7946,0.7946,0.7946,0.7956,0.7969,0.7723,0.5318,0.5571,0.1839,0.1839,0.1839,0.1839,0.1839,0.1841,0.1846,0.2131,0.453,0.4878,7sal-assembly1,0.9576,heteromultimer,7sal-assembly1,0.9576,heteromultimer,1mov-assembly1,0.9559,0,0,0.0,0.0,0,0,0.0,0.0,0.0,843.4,779.8499999999998,1623.2580000000005,0.5195723661919422,0.4804227054479323,606.1899999999996,688.4200000000001,1302.16,0.4655265097991027,0.528675431590588,1139.0299999999995,932.4299999999994,2071.4800000000014,0.5498628999555868,0.450127445111707,0.773521,0.69852,0.9106
8dj8_A-7mcc_A,hard_negative,0,0.0,0.0,0.0,0.1764297783374786,0.1173057854175567,0.1538636952638626,0.5760250911886591,0.537355176308022,0.5591709065963683,0.2563488409077147,0.2013156635956498,0.2349251375303637,0.6332,0.6332,0.6332,0.5777,0.5506,0.5234,0.5041,0.4571,0.4629,0.4835,0.5678,0.5678,0.5678,0.5019,0.4765,0.4477,0.4267,0.3687,0.3771,0.4026,4h3m-assembly2,0.9584,monomer,7saj-assembly3,0.9578,heteromultimer,8wgp-assembly1,0.9553,1,1,0.0,0.0,1,2,74.0,6.9727106,4.01,726.5059999999997,684.5960000000002,1411.0999999999992,0.5148508255970521,0.4851505917369432,571.039999999999,600.9200000000019,1219.0699999999997,0.4684226500529085,0.4929331375556793,952.2099999999992,788.3600000000006,1740.5699999999997,0.5470679145337443,0.4529320854662557,0.6026290000000001,0.54833,0.77927
8dj8_A-9n8r_A,hard_negative,0,0.0,0.0,0.0,0.2393433302640915,0.1310003399848938,0.1800027728080749,0.6332402651580398,0.5794455999192709,0.6030431237946026,0.3181227172428811,0.2227821003221428,0.2646108430053805,0.5272,0.5272,0.5272,0.5269,0.5272,0.5266,0.4644,0.4973,0.5068,0.516,0.4699,0.4699,0.4699,0.4702,0.4705,0.4712,0.4164,0.4444,0.4463,0.4576,9n8r-assembly1,0.9733,monomer,7sal-assembly1,0.9574,heteromultimer,1mov-assembly1,0.9563,6,6,1.0,0.0,6,9,83.0,14.319936,65.39,773.0060000000001,818.2559999999997,1591.259999999999,0.4857823360104574,0.5142189208551715,638.7199999999993,711.1399999999994,1447.75,0.4411811431531682,0.4912035917803484,1037.789999999999,971.039999999999,2008.82,0.5166167202636369,0.4833882577831758,0.706361,0.63258,0.92598
8e51_A-8e51_B,heterodimer,1,0.0,0.012934,0.002587,0.4525475203990936,0.1031459048390388,0.2087255895137786,0.6303291009570338,0.4747358248655757,0.519581818133319,0.4881038365106817,0.1774638888443462,0.2708968352376867,0.4672,0.4672,0.4725,0.6321,0.5549,0.5372,0.4978,0.4275,0.2821,0.4091,0.2107,0.2107,0.2171,0.2854,0.3324,0.3716,0.3886,0.3206,0.0513,0.0,7sgx-assembly4,0.9587,monomer,4aq8-assembly1,0.9576,heteromultimer,7n86-assembly1,0.8618,8,45,11.0,0.0,45,39,90.0,8.1185665,211.51,769.6100000000002,768.2920000000001,1537.8979999999988,0.5004298074384652,0.4995727935142647,631.6900000000005,439.7399999999998,1189.8799999999974,0.5308854674420966,0.3695666789928402,1030.1899999999987,1072.7700000000004,1863.0299999999988,0.5529647939109941,0.5758200351041052,0.591899,0.5073,0.96849
8enb_A-8enb_B,heterodimer,1,0.733519,0.760487,0.747041,0.8598344326019287,0.8459773063659668,0.854291558265686,0.8283580738369336,0.8077716173741788,0.8196130213600494,0.8535391608489298,0.839183031360578,0.8473558508845589,0.9394,0.9394,0.9368,0.9583,0.9535,0.9706,0.95,0.75,1.0,0.0,0.2121,0.2121,0.2211,0.3958,0.3721,0.3529,0.3,0.25,0.0,0.0,8enf-assembly1,0.8879,heteromultimer,8enf-assembly1,0.8879,heteromultimer,4x1j-assembly1,0.7532,108,146,129.0,125.0,130,89,98.0,0.8367513,1527.54,2444.732,1470.868,3915.602,0.6243566123421124,0.3756428768807452,2301.79,1313.4699999999991,3615.260000000002,0.6366872645397561,0.3633127354602431,2542.55,1555.6099999999997,4022.579999999998,0.6320694678539645,0.3867194685997545,0.985759,0.96875,0.99689
8ehe_A-8ehe_B,heterodimer,1,0.858439,0.890348,0.877946,0.9120760560035706,0.8906183838844299,0.9038820505142212,0.9053908327249136,0.8961926242620218,0.9019668703414044,0.9103383841956828,0.8917332319599485,0.903499014479658,0.4963,0.4963,0.4898,0.4404,0.3853,0.381,0.3632,0.3548,0.4098,0.0,0.0718,0.0718,0.071,0.065,0.048,0.0408,0.0318,0.0261,0.0109,0.0,1tk2-assembly1,0.8417,heteromultimer,1tk2-assembly1,0.8417,heteromultimer,3vv3-assembly1,0.814,90,194,142.0,124.0,144,92,97.0,0.85904485,1192.76,2232.362,1481.5960000000002,3713.96,0.6010732479617443,0.3989262135294942,2102.8599999999988,1454.34,3570.9900000000016,0.5888731136183517,0.4072652121680541,2336.120000000001,1542.6899999999987,3878.810000000001,0.6022775026361178,0.3977224973638817,0.987796,0.98295,0.99722
8ey4_A-8ey4_B,heterodimer,1,0.748598,0.78953,0.776003,0.8622031807899475,0.8404861092567444,0.8539685606956482,0.8609033992228494,0.8481351331848535,0.8570528172828767,0.8619432244765279,0.8420159140423663,0.854585412013094,0.5501,0.5501,0.5532,0.5399,0.975,1.0,1.0,0.0,0.0,0.0,0.2095,0.2095,0.2053,0.1878,0.4,0.0,0.0,0.0,0.0,0.0,1tfo-assembly1,0.6325,heteromultimer,1tfo-assembly1,0.6325,heteromultimer,5znm-assembly1,0.4426,53,60,58.0,55.0,60,41,99.0,0.99663246,1151.6,815.8299999999999,714.6679999999998,1530.4999999999995,0.5330480235217251,0.4669506697157791,803.6700000000001,649.1499999999996,1452.8099999999995,0.5531831416358646,0.4468237415766685,829.5500000000002,759.0499999999997,1575.7099999999991,0.526461087382831,0.481719351911202,0.980613,0.96249,0.99547
8cem_A-8cem_B,heterodimer,1,0.764695,0.815918,0.790329,0.8934860229492188,0.8654215931892395,0.879269003868103,0.8060738577341364,0.6773526976737904,0.723376407161351,0.8760035899062023,0.8278078140861497,0.8480904845267526,0.6749,0.6749,0.6779,0.6992,0.8596,0.9552,0.9643,0.9762,1.0,1.0,0.1222,0.1222,0.1232,0.0902,0.0702,0.0299,0.0357,0.0,0.0,0.0,2icf-assembly1,0.9244,heteromultimer,2icf-assembly1,0.9244,heteromultimer,6rmt-assembly1,0.6342,287,405,342.0,309.0,370,232,98.0,0.8806239,2120.55,5942.164000000002,4041.1380000000017,9983.301999999996,0.5952102821290995,0.4047897178709012,5782.800000000003,3829.799999999996,9774.089999999982,0.5916458718919115,0.3918318738624263,6138.100000000006,4309.140000000007,10182.259999999997,0.6028229489327526,0.4232007432534633,0.794551,0.62915,0.97417
8fg6_B-22oc_A,hard_negative,0,0.0,0.0,0.0,0.1423962861299514,0.1201517581939697,0.1303605943918228,0.5829807953821045,0.5722731943413811,0.5768585802382696,0.2305131879803821,0.2112191827756235,0.2196601915611122,0.6237,0.6237,0.6202,0.5489,0.6311,0.5,0.4211,0.3333,0.0,0.0,0.3383,0.3383,0.3412,0.3362,0.4836,0.4062,0.3684,0.3333,0.0,0.0,22oc-assembly1,0.9764,monomer,5xe8-assembly1,0.7492,homomultimer,5xe8-assembly1,0.7492,0,0,0.0,0.0,0,0,0.0,0.0,0.0,798.6880000000001,800.7220000000001,1599.416,0.4993622672275381,0.5006339814032122,740.21,644.5699999999997,1384.7800000000009,0.5345325611288434,0.465467438871156,849.4200000000001,1019.2299999999996,1818.0400000000027,0.4672174429605503,0.5606202283778124,0.643233,0.59616,0.79079
8fn9_A-8fn9_B,heterodimer,1,0.0,0.630477,0.191038,0.8219627141952515,0.1663355231285095,0.4876817286014557,0.8722977651136155,0.6449426738903448,0.76376348948599,0.8320297243789243,0.2620569532808766,0.5428980807783625,0.6737,0.6737,0.6737,0.6663,0.6643,0.6474,0.6198,0.6089,0.4795,0.623,0.1509,0.1509,0.1509,0.1432,0.1397,0.1387,0.1388,0.1485,0.3493,0.5902,8fn8-assembly1,0.9587,heteromultimer,8fn8-assembly1,0.9587,heteromultimer,4r9t-assembly1,0.9132,13,39,22.0,0.0,30,29,96.0,1.8901504,763.59,561.8400000000001,532.2779999999999,1094.1059999999998,0.5135151438708866,0.4864958239878038,485.8600000000006,443.4300000000003,929.2800000000024,0.5228348829201094,0.4771758780991726,787.5600000000004,706.0200000000004,1493.5699999999997,0.5273003608803073,0.4727063344871687,0.880638,0.78921,0.98543
8g0k_A-8g0k_B,heterodimer,1,0.783959,0.845306,0.812779,0.9056994915008544,0.8782670497894287,0.8896445393562317,0.884817350117297,0.8597032096303068,0.8743888567813393,0.9015230632241432,0.8760909371836298,0.8865934028412534,0.8559,0.8559,0.8258,0.9535,0.6667,0.6667,0.0,0.0,0.0,0.0,0.1847,0.1847,0.2247,0.3023,0.0,0.0,0.0,0.0,0.0,0.0,6itw-assembly1,0.7808,monomer,8fzz-assembly2,0.5715,heteromultimer,4wib-assembly1,0.3711,47,87,63.0,55.0,77,55,98.0,1.1278843,800.43,1116.3200000000002,993.0000000000005,2109.3180000000007,0.5292326714132245,0.4707682767605454,1004.8599999999988,963.5300000000008,1968.4000000000008,0.5104958341800437,0.4894990855517171,1272.8999999999996,1055.1800000000003,2328.0800000000017,0.5467595615270947,0.4532404384729045,0.985252,0.96503,0.99809
8g0p_A-8g0p_B,heterodimer,1,0.733812,0.74078,0.73666,0.8195716142654419,0.8157745599746704,0.8174564719200135,0.8104048922507189,0.8067911034462962,0.8085486965219875,0.8177382698624973,0.8139778686689956,0.8156749168404083,1.0,1.0,0.0,0.0,0.0,0.0,0.0,0.0,0.0,0.0,0.0,0.0,0.0,0.0,0.0,0.0,0.0,0.0,0.0,0.0,7zsb-assembly1,0.1705,heteromultimer,7zsb-assembly1,0.1705,heteromultimer,,,159,180,171.0,166.0,172,133,99.0,0.89321584,1660.66,5054.988,1443.0760000000002,6498.066000000001,0.7779219232306966,0.2220777689854181,4966.959999999999,1432.579999999999,6409.99,0.7748779639281808,0.2234917683178911,5099.6900000000005,1457.1600000000008,6541.510000000002,0.7795891162743769,0.2227559080395811,0.995194,0.98997,0.99855
8cws_B-7vgc_A,hard_negative,0,0.0,0.010859,0.002172,0.370182603597641,0.1524754613637924,0.2300408542156219,0.8283024721887657,0.7953047681115812,0.8182721621552886,0.4588887485668977,0.2871840408232184,0.3476871158035553,0.6569,0.6569,0.6569,0.6563,0.6566,0.6868,0.6755,0.4351,0.3278,0.0,0.4739,0.4739,0.4739,0.4746,0.4781,0.5019,0.4755,0.1799,0.0056,0.0,3iuj-assembly1,0.9274,monomer,5uw5-assembly3,0.8732,heteromultimer,5o3x-assembly1,0.8611,0,0,0.0,0.0,0,0,0.0,0.0,0.0,1439.39,1564.4060000000009,3003.7999999999984,0.4791896930554634,0.5208089752979564,656.1500000000015,734.6700000000019,1390.8199999999997,0.4717720481442614,0.5282279518557412,2880.5,3332.1000000000004,6212.609999999993,0.4636537622673889,0.536344628103165,0.8583310000000001,0.80105,0.95142
8fex_A-8fex_B,heterodimer,1,0.807712,0.829836,0.816044,0.8795626163482666,0.8658205270767212,0.870440661907196,0.8799533754868334,0.8688363488420476,0.8757123793752075,0.87964076817598,0.8664236914297865,0.8714950054007984,0.5694,0.5694,0.5681,0.5622,0.4314,0.414,0.7604,0.878,1.0,1.0,0.2404,0.2404,0.2412,0.3134,0.1739,0.1509,0.0417,0.0366,0.0,0.0,8z8y-assembly1,0.9849,heteromultimer,8z8y-assembly1,0.9849,heteromultimer,6t5t-assembly1,0.7126,174,217,196.0,192.0,196,136,98.0,0.87671447,1806.67,3997.074000000001,2672.925999999998,6670.004000000003,0.5992611098883898,0.4007382904118194,3884.959999999999,2534.6799999999967,6516.360000000001,0.5961856005500001,0.3889717572387032,4107.380000000001,2843.6800000000003,6835.230000000003,0.6009132099431912,0.4160328182080192,0.987482,0.98094,0.99476
8gja_A-8gja_B,heterodimer,1,0.809969,0.826048,0.819869,0.8715611100196838,0.8156174421310425,0.8456697702407837,0.863902443424578,0.8286068362144249,0.8463509742988966,0.8700293767006627,0.818215320947719,0.8458060110524063,0.7753,0.7753,0.7753,0.7753,0.7753,0.699,0.6201,0.6139,0.3231,0.0,0.2626,0.2626,0.2626,0.2626,0.2626,0.3564,0.3406,0.3168,0.0462,0.0,8xbv-assembly1,0.8153,homomultimer,8xbv-assembly1,0.8153,homomultimer,8xbv-assembly1,0.8153,93,142,117.0,113.0,124,100,99.0,0.8258735,1432.7,2430.035999999999,1465.5080000000005,3895.5440000000017,0.6237988840582979,0.3762011159417015,2393.9199999999983,1430.3100000000013,3848.909999999996,0.6219734937943471,0.3716143011917667,2459.489999999998,1498.33,3957.8300000000017,0.6214238610551733,0.3785736123077543,0.970648,0.94769,0.98612
8gjg_A-8akp_A,hard_negative,0,0.0,0.01127,0.002254,0.2429522722959518,0.1995030641555786,0.2181045144796371,0.6823264438479785,0.6584235545394923,0.668289368392563,0.3308271066063571,0.2912871622323614,0.3081414852622223,0.703,0.703,0.703,0.6964,0.663,0.677,0.4301,0.0909,0.2,0.0,0.4926,0.4926,0.4926,0.4898,0.5212,0.5478,0.3226,0.0455,0.0,0.0,8akp-assembly1,0.9903,monomer,8gji-assembly1,0.8648,heteromultimer,1aq0-assembly1,0.7393,1,10,2.0,0.0,10,11,70.0,12.809788,87.8,1278.8519999999996,1455.786,2734.633999999999,0.467650149892088,0.5323513128265064,1166.3799999999992,1366.3999999999996,2556.2599999999984,0.456283789598867,0.5345309162604744,1430.6399999999994,1669.9800000000014,3100.619999999999,0.4614044932948893,0.5385955067051112,0.863058,0.77553,0.98073
8gkq_A-8gkq_B,heterodimer,1,0.8963,0.906989,0.901475,0.9293656349182128,0.9186804294586182,0.9250391364097597,0.9526757080675384,0.9493297140605774,0.951202993911586,0.934027649548078,0.92481028637901,0.9302719079101248,0.6684,0.6684,0.6683,0.6877,0.6812,0.6762,0.4151,0.3198,0.269,0.0978,0.0933,0.0933,0.0927,0.0911,0.0572,0.0364,0.03,0.0186,0.0082,0.0,8u45-assembly1,0.9962,heteromultimer,8u45-assembly1,0.9962,heteromultimer,7y6m-assembly1,0.8441,94,113,104.0,95.0,110,73,99.0,0.8740364,1676.06,1802.332,1021.346,2823.682,0.6382914223343847,0.3617071610755035,1790.7299999999996,1006.6500000000004,2801.4399999999987,0.6392176880461479,0.3593330572848253,1813.23,1042.6200000000008,2838.6800000000003,0.638758155198895,0.3672904307635946,0.999141,0.99865,0.99966
8gs1_A-8gs1_B,heterodimer,1,0.797207,0.867365,0.838042,0.8969478607177734,0.8704464435577393,0.8848328828811646,0.9036835667520852,0.8913170948677751,0.8987838709574716,0.8982950019246358,0.8746205738197464,0.887623080496426,0.6352,0.6352,0.6275,0.6157,0.4771,0.3488,1.0,1.0,1.0,1.0,0.2873,0.2873,0.2855,0.2254,0.145,0.0853,0.0,0.0,0.0,0.0,7wuw-assembly1,0.9743,heteromultimer,7wuw-assembly1,0.9743,heteromultimer,8tn1-assembly1,0.5251,69,93,83.0,80.0,87,73,98.0,1.236353,1108.03,1420.4019999999994,1229.0000000000005,2649.406,0.5361209267284816,0.4638775634991392,1360.84,1177.8900000000012,2538.73,0.5360317954252718,0.4639682045747288,1478.4699999999991,1306.4000000000017,2784.869999999999,0.5308937221486101,0.4691062778513905,0.9813439999999998,0.97143,0.99324
8gp6_A-8gp6_B,heterodimer,1,0.749113,0.770498,0.759486,0.8027651309967041,0.7684592604637146,0.7881117105484009,0.8111160743005997,0.7731022201639896,0.7898883058819488,0.8044353196574833,0.7693878524037697,0.7884670296151105,0.6137,0.6137,0.5528,0.9655,1.0,1.0,1.0,1.0,1.0,0.0,0.1545,0.1545,0.1118,0.0,0.0,0.0,0.0,0.0,0.0,0.0,9hls-assembly2,0.8344,heteromultimer,9hls-assembly2,0.8344,heteromultimer,5l0y-assembly5,0.2973,236,361,294.0,272.0,311,226,98.0,0.9562705,1723.66,5609.710000000001,3807.251999999999,9416.961999999996,0.5957027330045511,0.4042972669954493,5208.850000000002,3640.27,8849.119999999995,0.5886291518252668,0.411370848174734,5890.43,3925.899999999998,9816.32,0.6000649938062329,0.3999360249054633,0.942387,0.91396,0.96931
8h2f_A-9y5f_A,hard_negative,0,0.012226,0.019128,0.015316,0.2979575097560882,0.1876140832901001,0.2428014159202575,0.7368847664998041,0.7018137286727539,0.720876964431967,0.3857429611048314,0.2904540123666309,0.3384165256225994,0.5873,0.5873,0.5854,0.5947,0.613,0.6678,0.7692,0.7684,0.6,0.0,0.5193,0.5193,0.5171,0.5333,0.548,0.6275,0.7356,0.7368,0.0,0.0,2ido-assembly1,0.8348,heteromultimer,2ido-assembly1,0.8348,heteromultimer,9l87-assembly1,0.7912,1,100,24.0,3.0,59,50,76.0,6.654319,241.85,970.3879999999996,945.888,1916.2700000000004,0.5063941928851359,0.4936089381976443,487.1800000000003,799.6000000000004,1420.460000000001,0.3429734029821325,0.5629162384016444,1112.8399999999992,1240.0600000000013,2329.320000000001,0.4777531640135312,0.5323699620490102,0.7734080000000001,0.73056,0.84507
8h2f_A-9frq_A,hard_negative,0,0.0,0.013225,0.007475,0.3365153670310974,0.1279694139957428,0.2223067224025726,0.6775630476024439,0.5825785168279471,0.6299154074630882,0.4047249031453667,0.2188912345621836,0.3038284594146757,0.6222,0.6222,0.6187,0.6043,0.6165,0.6645,0.7659,0.7826,0.6,0.0,0.5249,0.5249,0.5274,0.5321,0.5568,0.6312,0.7415,0.7609,0.0,0.0,2ido-assembly1,0.8355,heteromultimer,2ido-assembly1,0.8355,heteromultimer,9l87-assembly1,0.7897,1,38,8.0,0.0,15,17,73.0,10.643221,167.32,1107.4099999999996,786.048,1893.4600000000005,0.5848605198947955,0.4151384238378418,855.4400000000005,702.0900000000001,1587.3999999999996,0.5388937885851082,0.4422892780647602,1303.4499999999998,855.7200000000003,2159.17,0.6036810441049105,0.3963189558950894,0.731929,0.66762,0.89284
8h2f_A-9b6m_A,hard_negative,0,0.0,0.0,0.0,0.2684855461120605,0.142996534705162,0.1755391180515289,0.6020225876954258,0.4373746757039053,0.5200401876708168,0.3351929544287336,0.2161308694745823,0.2444393319753865,0.5574,0.5574,0.5517,0.5419,0.5393,0.5721,0.6208,0.6971,0.5,0.0,0.3487,0.3487,0.345,0.3725,0.3729,0.4412,0.4831,0.6266,0.0,0.0,2ido-assembly1,0.8363,heteromultimer,2ido-assembly1,0.8363,heteromultimer,9l87-assembly1,0.7937,1,1,0.0,0.0,1,2,74.0,14.856632,20.05,1231.5900000000006,987.4900000000004,2219.0800000000004,0.5550002703823208,0.4449997296176795,922.840000000002,622.3500000000004,1576.1000000000022,0.5855212232726354,0.3948670769621213,1948.25,1793.130000000001,3741.3800000000047,0.5207303187593876,0.4792696812406114,0.532186,0.4367,0.6758
8gxe_A-8gxe_B,heterodimer,1,0.0,0.0,0.0,0.2165227085351944,0.1403214931488037,0.1658189535140991,0.5641345093627724,0.5401931601503644,0.5482917746499092,0.28604506870071,0.2207795149926013,0.2423135177412611,0.3859,0.3859,0.3831,0.3205,0.3036,0.2603,0.1653,0.1452,0.1578,0.0612,0.0423,0.0423,0.042,0.042,0.0385,0.035,0.0256,0.0224,0.0178,0.0102,8y8y-assembly1,0.9531,monomer,8gvl-assembly1,0.953,homomultimer,8gvl-assembly1,0.953,12,12,2.0,0.0,12,13,75.0,11.405548,239.13,891.5839999999996,1185.5219999999997,2077.1040000000007,0.4292437932814145,0.5707571695976703,604.0299999999988,890.3099999999995,1494.3500000000022,0.404209187941244,0.5957841201860329,1158.33,1392.6900000000005,2551.010000000002,0.454067212594227,0.545936707421766,0.691984,0.57992,0.93566
8hfp_A-8hfp_B,heterodimer,1,0.73224,0.749458,0.742446,0.843250036239624,0.8105181455612183,0.8260641694068909,0.8203288993279263,0.7986775329357882,0.810874333184783,0.8385179324399779,0.8081500230361323,0.8230262021624692,0.6981,0.6981,0.6981,0.6463,0.2787,0.3333,0.3333,0.0,0.0,0.0,0.3349,0.3349,0.3349,0.381,0.2295,0.2745,0.3333,0.0,0.0,0.0,4lg7-assembly1,0.6547,monomer,3vyq-assembly1,0.6511,homomultimer,3vyq-assembly1,0.6511,60,94,76.0,74.0,74,58,99.0,0.84169614,1900.49,1280.752,1012.3660000000004,2293.114,0.5585208585355983,0.4414808858172774,1269.16,985.7400000000008,2276.5200000000004,0.5575000439266949,0.4330030045859472,1296.8599999999997,1057.8900000000003,2340.529999999999,0.5540881766095714,0.4519873703819224,0.940816,0.90578,0.96894
8hci_A-8hci_B,heterodimer,1,0.824818,0.844969,0.836139,0.886701226234436,0.8726950883865356,0.8797310948371887,0.9026875162102326,0.8937067208853963,0.8977461246815217,0.8889069215238071,0.8768974148863078,0.8833341008060553,0.7921,0.7921,0.7913,0.7924,0.8122,0.8536,0.9273,0.9818,1.0,1.0,0.5974,0.5974,0.5996,0.6483,0.6519,0.7741,0.7727,0.7273,0.0,0.0,8hi8-assembly1,0.9424,heteromultimer,8hi8-assembly1,0.9424,heteromultimer,7cj8-assembly2,0.7205,109,151,129.0,128.0,129,88,98.0,0.933212,1579.62,2389.574,1263.5240000000006,3653.098,0.6541226104528266,0.3458773895471735,2362.279999999999,1228.7600000000002,3591.029999999999,0.6578279769314095,0.3421748077849532,2429.6000000000004,1330.9000000000017,3713.39,0.6542808592687547,0.358405661673027,0.995541,0.99093,0.99868
8hf3_A-8hf3_B,heterodimer,1,0.782313,0.797428,0.791895,0.8443377017974854,0.8154727220535278,0.8266413450241089,0.7946570066855487,0.7835119789993057,0.7879032628689061,0.8338987234111697,0.8091778530528372,0.8188937285930684,0.9367,0.9367,0.9355,0.964,0.6364,0.75,0.75,1.0,1.0,0.0,0.6772,0.6772,0.6839,0.7838,0.4545,0.5,0.5,0.0,0.0,0.0,9oa6-assembly1,0.8925,heteromultimer,9oa6-assembly1,0.8925,heteromultimer,7khm-assembly1,0.6556,73,108,88.0,84.0,94,81,97.0,1.3190827,1278.11,2011.501999999999,962.2879999999992,2973.7820000000006,0.6764120571043871,0.3235906330726324,1966.9599999999991,905.3899999999994,2925.5099999999948,0.6723477274047953,0.3094810819310141,2041.0299999999988,996.7499999999982,3004.2600000000093,0.6793786156990382,0.3317788739989199,0.8992580000000002,0.88235,0.93847
8hnr_A-9p6w_A,hard_negative,0,0.0,0.010912,0.002182,0.2244089096784591,0.0784827321767807,0.1310535311698913,0.6353391330383352,0.5720599995724424,0.5962690022389359,0.3065949543504344,0.177198185655913,0.2240966253837002,0.5423,0.5423,0.5393,0.5274,0.4974,0.4874,0.511,0.6434,0.7081,0.0,0.1757,0.1757,0.1725,0.1647,0.1518,0.1569,0.1735,0.2131,0.1838,0.0,9p6w-assembly1,0.9187,monomer,4an6-assembly1,0.8957,homomultimer,4an6-assembly1,0.8957,27,27,5.0,0.0,26,19,84.0,11.704356,207.3,983.2059999999998,659.824,1643.0319999999997,0.5984095258035145,0.4015892569347402,884.4699999999993,529.2299999999996,1413.710000000001,0.6256375069851658,0.3743554194283122,1091.869999999999,758.0500000000002,1849.92,0.5902255232658704,0.4097744767341291,0.671201,0.64867,0.70472
8hm3_A-8hm3_B,heterodimer,1,0.0,0.362871,0.072574,0.8202507495880127,0.1470524072647094,0.290398234128952,0.606536672425583,0.5619672362693875,0.5774827224630148,0.7775079341555269,0.2301302160830582,0.3478151317957646,0.8599,0.8599,0.8704,0.9227,0.9217,0.9261,0.9297,0.9303,0.9301,0.9197,0.2157,0.2157,0.1451,0.0939,0.0829,0.0786,0.0783,0.0778,0.0799,0.0954,1wr6-assembly4,0.9604,heteromultimer,1wr6-assembly4,0.9604,heteromultimer,3m3j-assembly2,0.9509,57,57,11.0,0.0,57,41,90.0,2.330623,818.65,826.7599999999991,506.198,1332.9560000000006,0.6202455294848432,0.3797559709397757,628.8799999999992,334.9500000000007,1022.2799999999988,0.6151739249520678,0.3276499589153667,1197.16,694.3500000000004,1891.5099999999984,0.6329123293030441,0.3670876706969569,0.89951,0.86203,0.97127
8hsb_A-8hsb_B,heterodimer,1,0.743503,0.789517,0.769949,0.8344250917434692,0.8193375468254089,0.8277359247207642,0.8576616478412671,0.844493095805473,0.8532160439272186,0.8390724029630288,0.8252240547995224,0.832831948562055,0.5603,0.5603,0.5512,0.417,0.3285,0.2953,0.298,0.2857,1.0,0.0,0.2506,0.2506,0.2585,0.2317,0.2029,0.2021,0.2517,0.0,0.0,0.0,8yjy-assembly1,0.8786,heteromultimer,8yjy-assembly1,0.8786,heteromultimer,7x4t-assembly1,0.6588,134,150,140.0,138.0,141,93,97.0,1.0354011,972.65,2405.3080000000004,1370.1879999999996,3775.488,0.6370853251288312,0.3629167938025494,2362.1600000000017,1346.9500000000007,3732.9000000000015,0.6327948779769083,0.3608320608642075,2450.9500000000007,1400.380000000001,3851.3300000000017,0.6363905456037264,0.3636094543962735,0.984996,0.97554,0.99082
8iqs_B-9jm8_A,hard_negative,0,0.0,0.012878,0.005057,0.2428124099969864,0.1298829019069671,0.1858337372541427,0.5565159844426674,0.5261700850615763,0.5462527998377285,0.3055531248861226,0.209140338537889,0.2579175497708598,0.9448,0.9448,0.9448,0.9448,0.9483,0.96,0.9735,0.9593,1.0,1.0,0.0245,0.0245,0.0245,0.0245,0.0248,0.02,0.0133,0.0233,0.0,0.0,9jm8-assembly1,0.9032,heteromultimer,9jm8-assembly1,0.9032,heteromultimer,6jri-assembly1,0.7419,2,52,15.0,0.0,26,22,77.0,10.4359,257.45,787.97,548.9739999999996,1336.9439999999995,0.5893814550198067,0.4106185449801934,665.3999999999996,458.8999999999997,1185.2100000000028,0.561419495279316,0.3871887682351638,1078.2700000000004,688.6499999999996,1766.9299999999985,0.6102505475598928,0.3897437929063405,0.6688859999999999,0.57731,0.73846
8iqs_B-8ah9_A,hard_negative,0,0.0,0.0,0.0,0.1899576038122177,0.1561413407325744,0.1738198161125183,0.5038590014252697,0.4815659796203124,0.4928042799461432,0.2510690114997179,0.221226268510122,0.2376167088792433,0.8801,0.8801,0.8801,0.8968,0.9008,0.9197,0.9463,0.8646,0.0,0.0,0.2007,0.2007,0.2007,0.1767,0.1036,0.0528,0.011,0.0175,0.0,0.0,8ah9-assembly1,0.9357,monomer,2dlf-assembly1,0.784,heteromultimer,3zhd-assembly1,0.7629,1,16,4.0,0.0,8,10,77.0,13.018778,136.33,855.318,755.5560000000002,1610.8679999999993,0.530967155595617,0.469036569104359,598.7999999999993,642.3200000000015,1241.119999999999,0.4824674487559621,0.5175325512440393,1008.3599999999988,866.9400000000005,1875.2900000000009,0.5377088343669504,0.4622964981416208,0.6269790000000001,0.55274,0.73261
8iqs_B-9m9g_A,hard_negative,0,0.0,0.014167,0.005407,0.253830075263977,0.1367124021053314,0.1970225572586059,0.5437542504234448,0.5065048695578396,0.5256283471173717,0.3118149102958706,0.210670895595833,0.2627437152303591,0.8943,0.8943,0.8943,0.8997,0.8997,0.8997,0.8876,0.8856,0.8698,0.8482,0.0453,0.0453,0.0453,0.0456,0.0456,0.0456,0.0553,0.0703,0.0778,0.0921,5yt6-assembly2,0.9329,heteromultimer,5yt6-assembly2,0.9329,heteromultimer,3h7s-assembly1,0.9227,1,79,18.0,0.0,41,31,77.0,9.031097,207.13,975.9119999999996,542.5400000000002,1518.4480000000003,0.6427036026258386,0.3572990316428354,794.0699999999997,458.8500000000004,1252.920000000002,0.633775500430992,0.3662244995690065,1209.619999999999,603.9300000000012,1768.5699999999997,0.6839537027089678,0.3414792742158927,0.653609,0.5651,0.78215
8j3q_A-7kuw_A,hard_negative,0,0.0,0.0,0.0,0.0939950346946716,0.057756595313549,0.0732724025845527,0.4193411311406126,0.3692495466212681,0.4006740143871695,0.1590642539838598,0.1200551855750928,0.1387527249450761,0.7907,0.7907,0.7857,0.7805,0.7188,0.5385,0.6667,0.0,0.0,0.0,0.2558,0.2558,0.2381,0.2439,0.1875,0.0,0.0,0.0,0.0,0.0,1ccv-assembly1,0.738,monomer,1eai-assembly1,0.6304,heteromultimer,9gvj-assembly1,0.4517,1,1,0.0,0.0,1,2,66.0,14.454157,8.11,572.2439999999997,566.802,1139.0459999999998,0.502388841188152,0.4976111588118479,206.08,372.6300000000001,578.710000000001,0.3561023656062615,0.6438976343937369,1047.6899999999996,743.6500000000005,1791.34,0.5848638449428917,0.4151361550571084,0.525964,0.47956,0.60042
8j3q_A-7yh8_A,hard_negative,0,0.0,0.011846,0.002369,0.1475911736488342,0.0637937933206558,0.1113460347056388,0.5241907241627849,0.4057932085640327,0.4831576153357524,0.2229110837516243,0.1321936763693312,0.1857083508316616,0.8226,0.8226,0.8216,0.8197,0.8101,0.7143,0.5909,0.8462,0.6667,0.0,0.1667,0.1667,0.1676,0.1585,0.1203,0.1286,0.1364,0.0,0.0,0.0,7yh8-assembly1,0.8827,heteromultimer,7yh8-assembly1,0.8827,heteromultimer,9jm1-assembly2,0.6967,7,43,10.0,0.0,20,17,71.0,13.108232,182.47,440.268,586.61,1026.878,0.4287442130418609,0.5712557869581392,296.75,457.1500000000001,841.1200000000008,0.3528034049838307,0.5435015217804827,560.5500000000002,749.6499999999996,1243.9599999999991,0.4506173831956016,0.6026319174249977,0.599106,0.55828,0.64198
8j3q_A-9jm7_A,hard_negative,0,0.0,0.0,0.0,0.1278489679098129,0.0738654881715774,0.1015498548746109,0.5226371276897083,0.4924317214434272,0.5110068806652621,0.206317342651859,0.1575787348259474,0.1834412600327411,0.8256,0.8256,0.8256,0.8148,0.8,0.76,0.9,0.8333,1.0,1.0,0.2209,0.2209,0.2209,0.2222,0.2308,0.08,0.2,0.3333,0.4,0.0,9jm7-assembly1,0.9266,heteromultimer,9jm7-assembly1,0.9266,heteromultimer,9jm4-assembly2,0.899,1,32,8.0,0.0,19,15,74.0,12.469557,127.86,541.22,423.48,964.702,0.5610229894827626,0.4389749373381624,304.3799999999992,299.77999999999975,738.1600000000017,0.412349626097321,0.4061179148152149,658.3200000000006,556.8899999999999,1181.819999999998,0.5570391430167045,0.4712138904401693,0.589116,0.55006,0.74128
8j3q_A-8rz0_A,hard_negative,0,0.0,0.0,0.0,0.1627615988254547,0.079347088932991,0.1071300640702247,0.5331133678675231,0.4015019584199261,0.4622462767362419,0.2368319526338684,0.1554628441433205,0.1781533066034282,0.8639,0.8639,0.8639,0.8185,0.7839,0.7481,0.75,0.8409,0.9524,1.0,0.1389,0.1389,0.1389,0.1815,0.1709,0.1333,0.0952,0.0682,0.0476,0.0,8rz1-assembly1,0.9255,heteromultimer,8rz1-assembly1,0.9255,heteromultimer,8ek4-assembly1,0.8204,20,20,4.0,0.0,20,19,65.0,11.81333,148.04,560.6020000000001,529.6000000000001,1090.2000000000005,0.5142194092827004,0.4857824252430747,414.1999999999998,374.3199999999997,788.5200000000004,0.525287881093694,0.4747121189063048,682.71,663.0900000000001,1283.92,0.5317387376160508,0.5164574116767401,0.7286499999999999,0.71562,0.76234
8j3q_A-8hnr_A,hard_negative,0,0.0,0.0,0.0,0.1624497026205063,0.0935773849487304,0.1296487927436828,0.7222461599380625,0.7009015951648765,0.7136324819676958,0.2741680499200732,0.216397635344255,0.2464455305884854,0.6715,0.6715,0.6726,0.6601,0.6291,0.622,0.6986,0.7015,0.7005,0.4,0.189,0.189,0.1888,0.183,0.1673,0.1693,0.201,0.204,0.1765,0.2,8hnr-assembly1,0.9667,monomer,4j2k-assembly3,0.9496,homomultimer,4j2k-assembly3,0.9496,9,9,2.0,0.0,6,8,64.0,14.529984,80.44,884.5739999999998,775.3880000000001,1659.958,0.532889386357968,0.4671130233415544,562.1799999999994,659.710000000001,1313.2900000000009,0.4280699616992431,0.5023338333498317,1136.9399999999996,875.3599999999997,1918.15,0.5927273675155748,0.4563563850585198,0.7790739999999999,0.74151,0.84758
8j3q_A-7ue2_A,hard_negative,0,0.0,0.0,0.0,0.2569769322872162,0.1981789469718933,0.2230415403842926,0.7822182298684262,0.6188471664128012,0.7236180557077756,0.3610947141370571,0.2856158325898112,0.3231568434489892,0.7947,0.7947,0.7947,0.7977,0.7658,0.641,0.3333,1.0,1.0,1.0,0.1413,0.1413,0.1413,0.1466,0.1577,0.2179,0.0,0.0,0.0,0.0,7ue2-assembly1,0.942,heteromultimer,7ue2-assembly1,0.942,heteromultimer,8fbn-assembly1,0.5813,2,14,3.0,0.0,9,11,66.0,12.262741,89.7,1076.0080000000005,863.896,1939.8999999999992,0.5546718903036244,0.445330171658333,913.3199999999996,653.8600000000006,1567.1899999999987,0.5827755409363258,0.4172180782164263,1204.7700000000004,953.5,2093.329999999998,0.5755279865095334,0.4554943558827327,0.913146,0.87793,0.94397
8jcq_A-9fdg_A,hard_negative,0,0.0,0.0,0.0,0.1824007928371429,0.1064501851797103,0.1463873535394668,0.5699230064575882,0.5573862269758096,0.5622855592935239,0.259905235561232,0.1967428755792467,0.2295669946902782,0.3942,0.3942,0.3937,0.3536,0.2975,0.2635,0.2518,0.2497,0.2276,0.2139,0.2091,0.2091,0.2092,0.1562,0.1188,0.0845,0.0721,0.0658,0.0616,0.0571,6ycb-assembly2,0.9632,monomer,1gec-assembly1,0.9595,heteromultimer,1yal-assembly1,0.9495,0,0,0.0,0.0,0,0,0.0,0.0,0.0,1352.078,1286.342,2638.415999999999,0.512458232515267,0.4875432835458853,1177.9700000000012,961.710000000001,2139.6699999999983,0.5505381671005352,0.449466506517361,1541.59,1446.8000000000002,2988.3899999999994,0.5158597104126303,0.4841402895873699,0.598325,0.54988,0.84226
8ji9_A-8ji9_B,heterodimer,1,0.0,0.710457,0.462386,0.8030033111572266,0.1699913442134857,0.6320582926273346,0.8338203626134644,0.6247558244562992,0.7701059812315193,0.808109090877255,0.2609442402620484,0.6596678303481716,0.9058,0.9058,0.9044,0.8941,0.9221,0.9189,0.9057,1.0,1.0,0.0,0.1159,0.1159,0.1176,0.0706,0.0649,0.0676,0.0566,0.12,0.2143,0.0,9m71-assembly1,0.8207,homomultimer,9m71-assembly1,0.8207,homomultimer,9m71-assembly1,0.8207,64,104,69.0,0.0,93,69,96.0,1.0588733,787.19,1256.9640000000006,1318.4100000000003,2575.3720000000003,0.48807084957047,0.511929927016369,1096.2600000000002,1053.0,2149.2599999999984,0.5100639289802076,0.4899360710197932,1382.3600000000006,1436.1200000000008,2818.48,0.4904629445658656,0.5095370554341351,0.8760619999999999,0.76065,0.97722
8jh8_A-22oc_A,hard_negative,0,0.0,0.0,0.0,0.1786696016788482,0.1218916624784469,0.1525558412075042,0.6025066028915722,0.5835635401936473,0.5949251438282228,0.2629322589903283,0.214226038021487,0.241029701731648,0.5623,0.5623,0.556,0.5393,0.5457,0.3298,0.3575,0.3462,0.0,0.0,0.4123,0.4123,0.417,0.4185,0.4381,0.3085,0.352,0.3077,0.0,0.0,22oc-assembly1,0.9876,monomer,3wyd-assembly1,0.7622,homomultimer,3wyd-assembly1,0.7622,0,0,0.0,0.0,0,0,0.0,0.0,0.0,828.0560000000005,751.5760000000002,1579.628,0.5242094974259766,0.4757930348157922,571.7600000000002,638.6100000000006,1210.3799999999974,0.4723805746955513,0.5276111634362778,1122.3700000000008,878.8399999999983,1876.2100000000028,0.5982112876490367,0.4684123845411745,0.6360680000000001,0.5879,0.71472
8jh8_A-9lni_A,hard_negative,0,0.0,0.0,0.0,0.1684248894453048,0.1299017965793609,0.1426029920578003,0.5829700406837972,0.567859795304709,0.5735090887000743,0.2513339196930033,0.2174933963244306,0.2287842113862551,0.6237,0.6237,0.6231,0.6075,0.5651,0.3231,0.3969,0.2222,0.0,0.0,0.4025,0.4025,0.4032,0.3973,0.4378,0.3038,0.3969,0.2222,0.0,0.0,9lni-assembly1,0.9357,monomer,3wyd-assembly1,0.7623,homomultimer,3wyd-assembly1,0.7623,0,0,0.0,0.0,0,0,0.0,0.0,0.0,705.5020000000001,723.6379999999997,1429.1399999999994,0.493654925339715,0.5063450746602852,557.3400000000001,612.4799999999996,1169.829999999998,0.4764281989690819,0.523563252780319,880.3500000000004,841.8099999999995,1686.4800000000032,0.5220044115554283,0.4991520800721016,0.6248950000000001,0.543,0.75531
8ipr_A-8ipr_B,heterodimer,1,0.704405,0.727993,0.713242,0.7675961256027222,0.7313726544380188,0.7508065223693847,0.7439900388588486,0.726965468044372,0.7374425181214941,0.7628749082539475,0.7327433366639358,0.7481337215198067,0.614,0.614,0.614,0.6136,0.6158,0.6434,0.9556,0.9892,1.0,0.0,0.3083,0.3083,0.3083,0.3107,0.3105,0.3096,0.5533,0.4432,0.0,0.0,7zec-assembly1,0.8112,heteromultimer,7zec-assembly1,0.8112,heteromultimer,6pam-assembly1,0.7836,267,357,310.0,308.0,308,238,95.0,1.4528784,1423.0,7778.213999999998,2530.304,10308.526000000002,0.7545418229531552,0.2454574009902094,7684.499999999996,2443.119999999999,10215.919999999998,0.7522083179977914,0.2391483096970218,7820.579999999998,2645.4500000000007,10462.550000000005,0.7474831661497432,0.2528494487481541,0.97658,0.94453,0.99772
8jkz_A-8jkz_B,heterodimer,1,0.777225,0.789269,0.784813,0.8740735650062561,0.8657821416854858,0.8714021921157837,0.876783052132106,0.8651044634824705,0.871541732981267,0.8745869475693656,0.8666112033325435,0.8714301002888805,0.7326,0.7326,0.7312,0.7355,0.5864,0.5367,0.6457,0.9125,1.0,1.0,0.2357,0.2357,0.2318,0.1383,0.1424,0.1101,0.0787,0.05,0.0,0.0,8k88-assembly1,0.9521,heteromultimer,8k88-assembly1,0.9521,heteromultimer,6tuo-assembly1,0.7385,225,283,252.0,245.0,245,182,98.0,0.8414175,2033.96,4323.47,2993.49,7316.953999999998,0.5908838568617489,0.4091169631516066,4286.710000000003,2897.2700000000004,7231.659999999996,0.5927698481399851,0.4006369215366875,4352.41,3075.6399999999994,7416.749999999993,0.5868352040988309,0.4146883742879296,0.995471,0.99357,0.9972
8ju8_A-8akp_A,hard_negative,0,0.0,0.016881,0.009232,0.3404156565666199,0.2298290580511093,0.2731737077236175,0.7467269960851268,0.7011541465268499,0.7175828527847938,0.4216779244703212,0.3252044980309625,0.3620555367358528,0.6766,0.6766,0.6766,0.668,0.6316,0.6134,0.3871,0.0952,0.0,0.0,0.4971,0.4971,0.4971,0.496,0.5363,0.5298,0.3333,0.0476,0.0,0.0,8akp-assembly1,0.9894,monomer,1aq0-assembly1,0.7384,homomultimer,1aq0-assembly1,0.7384,1,42,11.0,0.0,37,32,73.0,6.686004,218.43,1149.448,1104.7779999999998,2254.226,0.5099080571335792,0.4900919428664205,1030.9899999999998,1003.1100000000006,2126.4300000000003,0.4848454922099479,0.4717343152607894,1222.699999999999,1169.0599999999995,2391.7700000000004,0.5112113622965413,0.4887844566994315,0.910175,0.82374,0.95878
8k0h_A-8k0h_B,heterodimer,1,0.0,0.445475,0.092014,0.620970606803894,0.1299302726984024,0.2852366268634796,0.5679645862218802,0.3906529193229445,0.4880251556381022,0.6093642526866556,0.1820748020233108,0.3257943326184041,0.8926,0.8926,0.8989,0.8983,0.9062,0.9722,1.0,1.0,1.0,0.0,0.2168,0.2168,0.1978,0.0983,0.1354,0.0278,0.0,0.0,0.0,0.0,8k29-assembly1,0.8567,heteromultimer,8k29-assembly1,0.8567,heteromultimer,3vzh-assembly2,0.5488,71,71,14.0,0.0,47,30,87.0,1.8098136,788.84,2012.4639999999995,1288.3200000000002,3300.782,0.6096930969691423,0.3903075089478796,1820.5200000000004,1020.6900000000004,2841.209999999999,0.6407551712122656,0.3592448287877351,2306.58,1522.6099999999988,3735.68,0.6174458197704299,0.40758576751756,0.535667,0.46473,0.66361
8k2j_A-9fwa_A,hard_negative,0,0.0,0.0,0.0,0.2345905005931854,0.1305510997772216,0.1873089253902435,0.7498859271146108,0.7225617940130072,0.7355851983712878,0.3376495858974705,0.2489532386243788,0.2969641799864524,0.6671,0.6671,0.6643,0.7329,0.3636,0.4286,0.4444,0.4444,0.6471,0.0,0.3398,0.3398,0.3473,0.4007,0.3455,0.4286,0.4444,0.4444,0.6471,0.0,8p4l-assembly5,0.8754,homomultimer,8p4l-assembly5,0.8754,homomultimer,8p4l-assembly5,0.8754,0,0,0.0,0.0,0,0,0.0,0.0,0.0,1025.0920000000006,1304.2200000000018,2329.312000000001,0.4400835954994437,0.559916404500557,926.340000000002,1201.3100000000031,2127.6299999999974,0.4353858518633423,0.5646235482673231,1249.2200000000012,1449.0000000000018,2514.16,0.4968737073217302,0.5763356349635671,0.803136,0.77135,0.89635
8k2j_A-8vez_A,hard_negative,0,0.0,0.0,0.0,0.2077703773975372,0.127045452594757,0.1611962467432022,0.8062857425172036,0.7952889973647992,0.7995743587311794,0.3274734504214706,0.2606941615487655,0.2888718691407976,0.6981,0.6981,0.699,0.6894,0.6242,0.6565,0.7137,0.6941,0.7344,0.0,0.493,0.493,0.4948,0.5072,0.5364,0.5612,0.6078,0.5799,0.625,0.0,8vfq-assembly2,0.9264,monomer,8p4l-assembly5,0.8754,homomultimer,8p4l-assembly5,0.8754,0,0,0.0,0.0,0,0,0.0,0.0,0.0,1132.4260000000002,929.738,2062.166,0.5491439583428299,0.450855071803143,918.3600000000006,736.130000000001,1712.6100000000006,0.5362341689001,0.4298293248316901,1323.9300000000003,1151.08,2475.0,0.5349212121212122,0.4650828282828282,0.882303,0.84977,0.97044
8k2j_A-8oys_A,hard_negative,0,0.0,0.0,0.0,0.2088625431060791,0.1151490807533264,0.1685397028923034,0.7507154617987086,0.7279957392728609,0.7404552542040235,0.3167972701677927,0.2377184124572333,0.2829228131546474,0.7013,0.7013,0.7069,0.7127,0.6077,0.5782,0.3605,0.2553,0.44,0.0,0.5,0.5,0.5101,0.5353,0.5256,0.5102,0.3061,0.2553,0.44,0.0,8oys-assembly1,0.8823,monomer,8p4l-assembly5,0.8759,homomultimer,8p4l-assembly5,0.8759,0,0,0.0,0.0,0,0,0.0,0.0,0.0,1160.7380000000005,1053.7900000000004,2214.53,0.5241464328774055,0.4758526639964238,942.7600000000002,767.3900000000012,1832.4599999999991,0.5144778057911227,0.4187758532246279,1425.7399999999998,1282.9500000000007,2708.6899999999987,0.5263577596550364,0.4736422403449643,0.7994680000000001,0.74196,0.90528
8k7z_A-8vni_A,hard_negative,0,0.0,0.012627,0.002525,0.2453669905662536,0.1002866625785827,0.1818259477615356,0.6053259489857205,0.5356042364350881,0.5721575742356017,0.317358782250147,0.1873501773498838,0.2598922730563489,0.7401,0.7401,0.7401,0.734,0.6727,0.5136,0.2971,0.1474,0.3333,0.0,0.595,0.595,0.595,0.5973,0.5502,0.4202,0.2536,0.1368,0.3333,0.0,8vni-assembly1,0.9629,monomer,6xb9-assembly5,0.8042,homomultimer,6xb9-assembly5,0.8042,8,8,2.0,0.0,8,10,68.0,13.425007,79.49,1119.4219999999998,800.9999999999998,1920.4200000000003,0.5829047812457689,0.4170962601930825,1007.0299999999988,772.6599999999999,1837.4,0.548073364536845,0.420518123435289,1303.5899999999983,833.7600000000002,2086.869999999999,0.6246627724774418,0.3995265637054539,0.6049070000000001,0.52764,0.73091
8k2j_A-9hac_A,hard_negative,0,0.0,0.0,0.0,0.2619284391403198,0.2064808309078216,0.2282928973436355,0.8154346923254694,0.803160036486787,0.8078002908156645,0.3726296897773498,0.3261215244227324,0.3441943760380413,0.5704,0.5704,0.5714,0.5601,0.3807,0.378,0.3111,0.3333,0.6875,0.0,0.3108,0.3108,0.3102,0.3314,0.2893,0.3171,0.2667,0.2857,0.6875,0.0,8p4l-assembly5,0.8749,homomultimer,8p4l-assembly5,0.8749,homomultimer,8p4l-assembly5,0.8749,0,0,0.0,0.0,0,0,0.0,0.0,0.0,1612.194,1481.6899999999998,3093.8779999999992,0.5210916526120294,0.4789102867016735,1176.4699999999991,1279.039999999999,2576.9400000000023,0.456537598857559,0.4963406210466669,1953.119999999999,1730.6400000000012,3662.220000000001,0.5333158575945733,0.4725658207316875,0.8663300000000002,0.8406,0.90368
8k7o_A-9i38_A,hard_negative,0,0.0,0.0,0.0,0.228038877248764,0.140886127948761,0.2003809928894043,0.6870407086584419,0.6511359901127189,0.6720229379573167,0.3198392435306996,0.2429361003815525,0.2947093819029868,0.7329,0.7329,0.7329,0.732,0.7136,0.6863,0.6466,0.5357,0.0,0.0,0.4685,0.4685,0.4685,0.4694,0.4668,0.4627,0.4138,0.5,0.0,0.0,8ccr-assembly1,0.8391,monomer,8k7m-assembly1,0.7728,homomultimer,8k7m-assembly1,0.7728,0,0,0.0,0.0,0,0,0.0,0.0,0.0,780.9439999999998,806.7420000000004,1587.685999999999,0.4918755975677812,0.5081244024322196,618.5900000000001,728.1800000000003,1393.16,0.444019351689684,0.5226822475523274,898.2600000000002,921.5500000000002,1819.8099999999995,0.4936009803221218,0.5063990196778787,0.8042280000000002,0.76658,0.88085
8in9_A-8in9_B,heterodimer,1,0.0,0.0,0.0,0.2670282423496246,0.1627359092235565,0.224186509847641,0.83400153499193,0.8193365260803781,0.826440450124891,0.3804229008780857,0.294572952023675,0.344637297903091,0.7563,0.7563,0.7656,0.7629,0.7714,0.7739,0.7601,0.9231,0.8529,1.0,0.3478,0.3478,0.3521,0.3442,0.3637,0.3659,0.6008,0.7949,0.5882,0.7143,7uwr-assembly1,0.9119,homomultimer,7uwr-assembly1,0.9119,homomultimer,7uwr-assembly1,0.9119,0,0,0.0,0.0,0,0,0.0,0.0,0.0,437.37200000000087,244.7020000000004,682.0719999999972,0.6412402209737428,0.3587627112680207,112.54999999999929,2.9900000000016007,115.54000000000087,0.9741215163579576,0.0258784836420423,836.0600000000013,488.59000000000015,1324.6399999999994,0.6311601642710485,0.3688473849498734,0.921974,0.89535,0.95687
8k8i_A-9m3b_B,hard_negative,0,0.0,0.0,0.0,0.1922101378440857,0.1636645942926406,0.1774737149477005,0.5065093678505396,0.4512698685852309,0.472350806640076,0.2550699838453765,0.2256607075099185,0.2364491332861756,0.756,0.756,0.7587,0.7438,0.6798,0.6271,1.0,1.0,1.0,1.0,0.4267,0.4267,0.429,0.4266,0.1742,0.1356,0.0,0.0,0.0,0.0,9m3b-assembly1,0.9747,heteromultimer,9m3b-assembly1,0.9747,heteromultimer,6dps-assembly7,0.5711,8,8,2.0,0.0,6,8,56.0,13.212288,73.25,935.12,497.1920000000002,1432.314,0.6528736017381666,0.3471250019199702,736.1299999999992,282.8900000000003,1019.0300000000024,0.7223830505480677,0.2776071361981488,1193.6499999999996,638.71,1801.9,0.6624396470392363,0.3544647316721239,0.6102339999999999,0.54449,0.76326
8onw_A-8onw_B,heterodimer,1,0.519169,0.689925,0.594622,0.83903968334198,0.7301461696624756,0.7896666765213013,0.8241659773998771,0.7386806447151409,0.780360790242424,0.8360649421535594,0.7318530646730087,0.7878054992655258,0.9188,0.9188,0.9205,0.9804,0.9852,0.8,0.6667,1.0,0.0,0.0,0.0924,0.0924,0.0881,0.085,0.0556,0.2,0.6667,1.0,0.0,0.0,1pm3-assembly1,0.791,homomultimer,1pm3-assembly1,0.791,homomultimer,1pm3-assembly1,0.791,76,89,83.0,81.0,85,53,97.0,0.9156357,1108.27,1470.352,878.6860000000003,2349.035999999999,0.62593847007879,0.3740623813343008,1417.7800000000009,835.0699999999997,2271.209999999999,0.6242399425856707,0.3676762606716244,1534.5299999999995,907.8199999999996,2442.3599999999988,0.6282980396010418,0.3716978659984605,0.9507639999999998,0.91348,0.9912
8or7_A-8or7_B,heterodimer,1,0.771691,0.786917,0.780336,0.8757381439208984,0.8677818179130554,0.8729674696922303,0.870825245404734,0.8668369161745704,0.8689781995270691,0.8747276280476525,0.8675928375653584,0.872169615659198,1.0,1.0,1.0,1.0,1.0,1.0,1.0,1.0,1.0,1.0,0.0,0.0,0.0,0.0,0.0,0.0,0.0,0.0,0.0,0.0,8ddy-assembly1,0.9615,heteromultimer,8ddy-assembly1,0.9615,heteromultimer,,,101,113,108.0,105.0,110,80,98.0,0.98272455,1656.27,2038.5,957.234,2995.736,0.6804671706719151,0.3195321617125141,2018.2700000000004,931.489999999998,2950.1399999999994,0.6841268549967123,0.3157443375568611,2072.66,983.3300000000008,3056.0,0.6782264397905758,0.3217702879581154,0.988984,0.97851,0.99784
8orn_A-8orn_B,heterodimer,1,0.586411,0.650339,0.626867,0.7542215585708618,0.7131338715553284,0.7413940668106079,0.7983272677238834,0.7777178957334103,0.792115955909729,0.7630427004014662,0.7260506763909448,0.7515384446304322,0.6381,0.6381,0.6317,0.5987,0.3619,0.358,0.3333,0.1154,0.0,0.0,0.3748,0.3748,0.3717,0.4639,0.2667,0.2593,0.2917,0.0385,0.0,0.0,8cm1-assembly1,0.8096,monomer,8chx-assembly1,0.7719,homomultimer,8chx-assembly1,0.7719,68,109,87.0,83.0,87,70,93.0,1.4981809,763.07,1460.0659999999996,1392.84,2852.9039999999995,0.5117823803394715,0.4882183207005915,1382.8799999999992,1333.7399999999998,2724.949999999997,0.5074882107928589,0.489454852382613,1582.699999999999,1422.5200000000004,3005.220000000001,0.5266502951530997,0.4733497048468997,0.969066,0.95735,0.98117
8ogi_A-8ogi_B,heterodimer,1,0.951101,0.95398,0.952744,0.956867814064026,0.9542925357818604,0.9558283805847168,0.9568083531240036,0.9537280133654646,0.9554488562573556,0.9567689082710428,0.9541796312985812,0.9557524757192444,0.9114,0.9114,0.9114,0.9558,0.96,0.96,0.9595,0.9709,1.0,1.0,0.4539,0.4539,0.4539,0.4779,0.48,0.48,0.4865,0.0,0.0,0.0,1mhl-assembly1,0.9871,heteromultimer,1mhl-assembly1,0.9871,heteromultimer,5f19-assembly1,0.6583,415,477,444.0,440.0,440,250,99.0,0.83933836,2041.01,7188.904,4104.544,11293.45,0.6365551713603903,0.3634446515458075,7153.289999999999,4071.3600000000015,11273.909999999996,0.6344994771113129,0.3611311426115698,7215.430000000002,4142.839999999998,11329.02,0.636897984115131,0.3656838808652468,0.998621,0.99721,0.99977
8ows_A-8ows_B,heterodimer,1,0.848759,0.855663,0.85257,0.9199458360671996,0.9154112935066224,0.9179673910140992,0.8849566702890324,0.8821570359493969,0.8828827164114859,0.9129480029115662,0.9087604419951772,0.9109504560935766,0.4836,0.4836,0.4836,0.6522,1.0,0.0,0.0,0.0,0.0,0.0,0.1502,0.1502,0.1502,0.1196,1.0,0.0,0.0,0.0,0.0,0.0,9k7t-assembly2,0.4407,homomultimer,9k7t-assembly2,0.4407,homomultimer,9k7t-assembly2,0.4407,67,83,77.0,73.0,80,57,99.0,0.8969759,2747.59,1293.8960000000004,1230.7140000000004,2524.6080000000006,0.5125136258777601,0.4874871663244353,1254.3700000000008,1174.5200000000004,2436.070000000001,0.5149154170446663,0.4821372128058716,1332.7600000000011,1284.33,2617.08,0.5092545890840178,0.4907492319684534,0.953867,0.92638,0.97871
8oys_A-7u61_A,hard_negative,0,0.014694,0.043236,0.022223,0.4067356586456299,0.254016637802124,0.3586874365806579,0.5985311528576784,0.5345038851973103,0.5759651362430657,0.4450947574880396,0.3101140872811613,0.4021429765131395,0.8643,0.8643,0.8643,0.8441,0.8411,0.837,0.7917,0.819,0.6316,1.0,0.5382,0.5382,0.5382,0.4695,0.3841,0.3479,0.1375,0.0086,0.0,0.0,6wfz-assembly1,0.9343,heteromultimer,6wfz-assembly1,0.9343,heteromultimer,8qf3-assembly1,0.7068,3,44,18.0,12.0,22,23,78.0,7.55561,222.22,1263.932,1022.0239999999998,2285.9579999999987,0.5529112958330821,0.4470878292602053,1134.5600000000013,848.8799999999992,2227.459999999999,0.5093514586120522,0.3810977525971283,1403.2199999999991,1092.8999999999996,2416.909999999996,0.5805842997877462,0.4521889520089707,0.8003530000000001,0.63911,0.98705
8pdc_A-8pdc_B,heterodimer,1,0.825733,0.85055,0.841129,0.829906702041626,0.8067415952682495,0.8158424019813537,0.8045719693730112,0.7896811926412685,0.795444465825773,0.8248397555079031,0.8036655712607095,0.8117628147502376,0.5968,0.5968,0.5968,0.5576,0.5342,0.4959,0.4621,0.4559,0.44,0.0,0.3884,0.3884,0.3884,0.3521,0.3238,0.3317,0.2951,0.262,0.1867,0.0,1oxb-assembly1,0.8966,heteromultimer,1oxb-assembly1,0.8966,heteromultimer,1udr-assembly1,0.8485,38,50,44.0,42.0,44,36,99.0,0.94417363,1379.15,918.8760000000002,644.4119999999999,1563.2860000000007,0.5877849606533928,0.4122163187030394,875.9000000000015,618.1000000000004,1506.7800000000025,0.5813058309773159,0.4102125061389183,970.34,661.9899999999998,1623.170000000002,0.5978055286876908,0.407837749588767,0.937705,0.91064,0.96885
8pq7_A-8pq7_B,heterodimer,1,0.091992,0.600811,0.399533,0.7821773290634155,0.5974662899971008,0.6997039794921875,0.8197538651467716,0.7815100694414979,0.7952803706426753,0.7895957906532558,0.6363706394833553,0.7188192577222852,0.6979,0.6979,0.7033,0.625,0.6223,0.6011,0.593,0.6424,0.6992,0.6628,0.2522,0.2522,0.2552,0.1595,0.0957,0.0449,0.0174,0.0132,0.015,0.0,3dw8-assembly2,0.9545,heteromultimer,3dw8-assembly2,0.9545,heteromultimer,1s95-assembly3,0.8973,27,59,38.0,29.0,51,39,95.0,1.6533941,507.99,1845.14,1659.904,3505.042,0.5264245050415944,0.4735760655649775,1512.9100000000017,1417.6399999999994,2930.540000000001,0.5162563896073765,0.4837470227330113,2185.42,1975.2,4160.609999999999,0.5252643242216888,0.4747380792720299,0.849643,0.81754,0.93815
8pu1_A-8pu1_B,heterodimer,1,0.791608,0.816263,0.806973,0.932137370109558,0.9103082418441772,0.9245518803596496,0.9040700715797848,0.8941941235610734,0.8980176799156432,0.9257311973524848,0.9070926802737482,0.9192450402708484,0.7293,0.7293,0.7718,0.6216,0.6,0.3636,0.25,0.25,0.25,1.0,0.2615,0.2615,0.2679,0.2635,0.5333,0.2727,0.0,0.0,0.0,0.0,8pu3-assembly1,0.9518,heteromultimer,8pu3-assembly1,0.9518,heteromultimer,6fgj-assembly1,0.5322,79,100,91.0,85.0,93,66,98.0,0.92144346,1163.7,1336.0780000000002,1121.2859999999996,2457.3640000000005,0.5437037410819072,0.4562962589180924,1293.710000000001,1042.29,2403.320000000001,0.5383011833630146,0.4336875655343438,1361.0200000000004,1155.5100000000002,2488.42,0.5469414327163422,0.4643548918590914,0.995835,0.99016,0.99916
8prj_A-7y6b_B,hard_negative,0,0.0,0.014945,0.008722,0.2833022475242615,0.1349084675312042,0.2303074836730957,0.8057142165486032,0.7672176536359396,0.7914104040087474,0.3877846413291298,0.2613703047521513,0.342528067740226,0.8511,0.8511,0.8509,0.8534,0.8597,0.8833,0.8889,0.887,0.1667,0.0,0.0752,0.0752,0.0753,0.0763,0.0742,0.0537,0.0523,0.0432,0.0833,0.0,6y7o-assembly1,0.8563,monomer,6y7n-assembly1,0.8531,homomultimer,6y7n-assembly1,0.8531,1,42,11.0,0.0,20,20,71.0,9.821518,51.48,457.2700000000001,549.7699999999993,1007.0400000000008,0.4540733238004446,0.5459266761995539,329.21000000000095,357.15999999999985,705.2799999999988,0.4667791515426518,0.5064088021778591,696.4800000000014,1012.1899999999988,1708.6699999999985,0.4076152797204855,0.5923847202795155,0.8427680000000001,0.78597,0.97979
8prj_A-9lp2_A,hard_negative,0,0.0,0.013046,0.002609,0.2599391043186188,0.0930352509021759,0.2064838975667953,0.721637181087595,0.663150360758315,0.7036042017733137,0.352278719672414,0.2070582728734037,0.305907958408099,0.8918,0.8918,0.8916,0.8924,0.8907,0.893,0.8898,0.8772,0.2903,1.0,0.063,0.063,0.0631,0.0588,0.0474,0.0389,0.0367,0.0246,0.0645,0.0,9lp2-assembly2,0.9711,heteromultimer,9lp2-assembly2,0.9711,heteromultimer,6y7n-assembly1,0.8531,1,7,2.0,0.0,6,9,75.0,13.268181,18.25,399.3160000000004,557.6499999999993,956.9679999999992,0.4172720508940745,0.5827258591718842,263.4799999999996,399.2099999999991,708.8099999999977,0.3717216179229983,0.5632115799720665,627.4500000000007,788.039999999999,1415.5,0.4432709290003537,0.5567220063581767,0.7544989999999999,0.70719,0.94958
8prj_A-9m3b_B,hard_negative,0,0.012852,0.014175,0.013757,0.3004969656467438,0.2476053535938263,0.2709782004356384,0.7655188718839372,0.7446472221553151,0.7536154923725824,0.3935013468941825,0.347013727306124,0.3675056588230272,0.8457,0.8457,0.8449,0.8425,0.8528,0.8657,0.8905,0.8863,0.475,1.0,0.0882,0.0882,0.0874,0.07,0.0583,0.0601,0.0421,0.0268,0.05,0.0,9m3b-assembly1,0.9678,heteromultimer,9m3b-assembly1,0.9678,heteromultimer,6y7n-assembly1,0.8538,1,59,20.0,12.0,29,25,78.0,9.606033,178.27,740.4039999999998,680.3,1420.7040000000009,0.5211528932135049,0.4788471067864943,640.1899999999987,638.119999999999,1278.3100000000013,0.5008096627578584,0.4991903372421387,814.8299999999999,754.0,1512.0099999999984,0.538905165971125,0.4986739505691105,0.8596920000000001,0.79692,0.99504
8q66_A-8q66_B,heterodimer,1,0.588882,0.789157,0.661579,0.8505614995956421,0.7149618864059448,0.7700201392173767,0.8647807625243716,0.7510878271626911,0.8056236283375519,0.853405352181388,0.7272594604818072,0.7771408370414117,0.8705,0.8705,0.8755,0.9229,0.7353,0.0,0.0,0.0,0.0,0.0,0.164,0.164,0.1648,0.072,0.0588,0.0,0.0,0.0,0.0,0.0,1csp-assembly1,0.4546,monomer,6cqo-assembly4,0.4486,homomultimer,6cqo-assembly4,0.4486,36,177,91.0,59.0,117,86,95.0,1.2623721,1457.75,1966.658,1374.3800000000006,3341.041999999999,0.588636120108637,0.4113626826600806,1385.7299999999996,832.8499999999985,2218.5999999999985,0.6245965924456867,0.3753943928603619,2546.870000000001,1620.510000000002,4113.619999999995,0.619131081626403,0.3939376996416791,0.8908840000000001,0.82577,0.94783
8qkd_A-9gvh_B,hard_negative,0,0.0,0.010909,0.002182,0.2562862038612366,0.1420149505138397,0.2229033499956131,0.7833517680665536,0.5881574874097463,0.7169716433445578,0.3585661688678179,0.231243457893021,0.321717008665402,0.7066,0.7066,0.698,0.7273,0.7108,0.8889,1.0,1.0,0.0,0.0,0.2625,0.2625,0.2571,0.2797,0.253,0.0,0.0,0.0,0.0,0.0,9lh0-assembly1,0.7505,heteromultimer,9lh0-assembly1,0.7505,heteromultimer,3dby-assembly6,0.4937,1,21,4.0,0.0,16,17,64.0,10.6427145,101.4,1048.9379999999994,685.896,1734.8319999999992,0.6046337628081566,0.395367390041226,735.3499999999985,539.2600000000002,1274.609999999997,0.5769215681659491,0.4230784318340523,1315.33,811.0500000000011,2126.380000000001,0.6185771122753221,0.381422887724678,0.8412900000000001,0.7803,0.9492
8qrx_A-8fg6_B,hard_negative,0,0.0,0.463548,0.097925,0.6814703941345215,0.1246145069599151,0.2930881857872009,0.7273583069878449,0.5035380925929498,0.5748937468007327,0.6906479767051862,0.2003992240865221,0.3494492979899073,0.6771,0.6771,0.6777,0.6755,0.711,0.7394,0.6825,0.672,1.0,0.0,0.1988,0.1988,0.1994,0.1834,0.1697,0.0818,0.0952,0.184,0.0,0.0,4mrt-assembly1,0.8065,heteromultimer,4mrt-assembly1,0.8065,heteromultimer,9d2z-assembly1,0.7706,5,95,20.0,0.0,48,39,90.0,2.2810292,596.19,730.8000000000002,589.3700000000001,1320.1679999999997,0.5535659097932993,0.4464356051654033,604.0500000000002,510.9299999999994,1114.9699999999991,0.5417634555189831,0.458245513332197,860.3000000000011,699.79,1560.079999999998,0.5514460796882225,0.4485603302394754,0.6697420000000001,0.59912,0.76513
8qsx_A-8qrx_A,hard_negative,0,0.519616,0.594753,0.555043,0.7176334857940674,0.6857335567474365,0.7001139402389527,0.7476421146786678,0.7251899950416119,0.7350757792916127,0.7236352115709874,0.6936248444062716,0.7071063080494847,0.6979,0.6979,0.6974,0.746,0.7711,0.8141,0.8032,0.6842,1.0,0.0,0.0766,0.0766,0.0767,0.074,0.0586,0.0528,0.0625,0.1729,0.0,0.0,4mrt-assembly1,0.8067,heteromultimer,4mrt-assembly1,0.8067,heteromultimer,9d2z-assembly1,0.7671,18,36,29.0,21.0,31,23,93.0,1.5015199,502.16,696.118,445.1319999999998,1141.2519999999995,0.609959938733952,0.3900383088047161,665.3699999999999,389.8600000000006,1071.5600000000013,0.6209358318712896,0.363824704169622,714.9699999999993,517.7199999999993,1231.8500000000004,0.5804034582132558,0.4202784429922467,0.91058,0.88729,0.94486
8qrx_A-9rb0_A,hard_negative,0,0.0,0.012486,0.002497,0.2424995303153991,0.1531688719987869,0.1803668707609176,0.6787030845659432,0.5905094340566759,0.6374688601659934,0.329740241165508,0.2433642187739206,0.2717872686419328,0.7165,0.7165,0.7145,0.6803,0.5918,0.6483,0.6239,0.5789,0.0,0.0,0.0951,0.0951,0.0957,0.1034,0.1049,0.0975,0.1055,0.193,0.0,0.0,4yxx-assembly1,0.9668,monomer,4mrt-assembly1,0.7932,heteromultimer,9d2z-assembly1,0.7596,3,67,17.0,0.0,42,37,73.0,9.394969,116.35,937.164,590.4339999999999,1527.5959999999995,0.613489430451507,0.3865118787951788,693.7200000000012,464.1300000000001,1157.8500000000004,0.5991449669646336,0.4008550330353672,1077.4799999999996,703.79,1781.2699999999986,0.6048942608363698,0.3951057391636307,0.8031010000000001,0.75625,0.89842
8qsx_A-8rz0_A,hard_negative,0,0.0,0.0,0.0,0.1830065101385116,0.1115517914295196,0.1388657942414283,0.5044024640406335,0.3630424766657764,0.4268215309454992,0.247285700918936,0.161849928476771,0.1964569415822425,0.7933,0.7933,0.7933,0.7683,0.8027,0.8087,0.838,0.9153,0.9524,1.0,0.1034,0.1034,0.1034,0.111,0.1003,0.0777,0.0718,0.1695,0.0476,0.0,8rz1-assembly1,0.9304,heteromultimer,8rz1-assembly1,0.9304,heteromultimer,8ek4-assembly1,0.8181,24,24,5.0,0.0,22,20,69.0,11.413463,128.7,754.1720000000001,510.05800000000016,1264.2400000000002,0.5965417958615453,0.4034502942479276,377.6800000000003,261.54,639.2199999999993,0.5908450924564324,0.4091549075435691,1131.4900000000007,773.7000000000007,1629.8300000000015,0.6942380493671116,0.4747120865366326,0.654516,0.61633,0.71856
8qsx_A-7s9v_B,hard_negative,0,0.0,0.121058,0.050069,0.4800364971160888,0.2666433155536651,0.3738478779792785,0.7233130182103489,0.7160767781074859,0.7193311635397993,0.5286918013349409,0.3565300080644293,0.4429445350913827,0.6746,0.6746,0.6629,0.6702,0.7653,0.7712,0.7222,0.6667,1.0,0.0,0.1207,0.1207,0.1161,0.0759,0.0707,0.0719,0.1358,0.0,0.0,0.0,7s9w-assembly1,0.8838,heteromultimer,7s9w-assembly1,0.8838,heteromultimer,2fac-assembly3,0.6628,23,34,11.0,0.0,29,22,79.0,4.763788,307.54,1663.4320000000007,1263.384,2926.8180000000007,0.5683414547812676,0.4316578618827681,946.4700000000012,758.3300000000017,1704.800000000003,0.5551794931956825,0.4448205068043175,2388.8700000000026,1843.24,4232.100000000002,0.5644644502729145,0.4355379126202119,0.869604,0.80218,0.95129
8qc1_A-8qc1_B,heterodimer,1,0.894498,0.90693,0.900432,0.9334678053855896,0.9298407435417176,0.9313243865966796,0.9071554864290026,0.902196877775647,0.9042987342163276,0.9278439230417744,0.9245434631970814,0.9259192561206092,0.9866,0.9866,0.9866,0.9919,0.9946,1.0,1.0,1.0,1.0,1.0,0.0,0.0,0.0,0.0,0.0,0.0,0.0,0.0,0.0,0.0,6khj-assembly1,0.938,heteromultimer,6khj-assembly1,0.938,heteromultimer,,,148,162,155.0,153.0,154,116,99.0,0.99686825,1941.24,3907.998000000001,1297.4379999999996,5205.436000000003,0.7507532510245056,0.2492467489754938,3801.400000000005,1248.2600000000002,5049.660000000004,0.7528031590245685,0.2471968409754318,4086.500000000004,1380.2999999999977,5466.82,0.7475095210744096,0.2524868204916199,0.980237,0.96146,0.99212
8rz0_A-9tpf_A,hard_negative,0,0.0,0.0,0.0,0.1883101761341095,0.1266215145587921,0.1528820782899856,0.6825328821126769,0.6644279133136948,0.6750394515857511,0.2869974116156705,0.2342420770894662,0.2573135529491387,0.6485,0.6485,0.6488,0.5383,0.5167,0.4916,0.4544,0.4125,0.3866,0.4436,0.073,0.073,0.0735,0.08,0.0738,0.0638,0.0456,0.0432,0.042,0.0451,9tpe-assembly1,0.9878,heteromultimer,9tpe-assembly1,0.9878,heteromultimer,1obs-assembly1,0.9095,0,0,0.0,0.0,0,0,0.0,0.0,0.0,647.2220000000001,658.5539999999997,1305.777999999999,0.4956600586010796,0.5043384097449951,413.1899999999987,433.96999999999935,847.1700000000019,0.4877297354722166,0.512258460521499,821.619999999999,786.4799999999996,1608.0999999999983,0.5109259374417012,0.4890740625582987,0.7794179999999999,0.71945,0.96959
8s2m_A-8s2m_B,heterodimer,1,0.788193,0.809293,0.801691,0.8722160458564758,0.8602246046066284,0.8679211735725403,0.889656514426229,0.8801797169959144,0.8837053814893366,0.8757041395704266,0.8642156270844856,0.8710780151558997,0.6437,0.6437,0.5697,0.5213,0.5118,0.5217,0.5556,0.36,1.0,1.0,0.2323,0.2323,0.2644,0.2085,0.126,0.0957,0.1019,0.12,0.0,0.0,9gco-assembly2,0.9501,heteromultimer,9gco-assembly2,0.9501,heteromultimer,5zj4-assembly5,0.7711,94,142,118.0,114.0,121,84,98.0,0.9639955,1562.93,1839.4480000000003,1410.0980000000004,3249.546000000001,0.5660630746571982,0.4339369253428017,1804.33,1365.7700000000004,3190.8100000000013,0.565477104559657,0.4280323804927275,1867.8200000000008,1434.9899999999998,3295.2700000000004,0.5668185004567153,0.4354696276784602,0.989828,0.98513,0.99504
8s02_A-8s02_B,heterodimer,1,0.880847,0.893033,0.887374,0.9321428537368774,0.926782488822937,0.9297031879425048,0.9356112095434376,0.9307430070367224,0.9333231788746248,0.9328365248981896,0.927574592465694,0.9304271861289288,0.7353,0.7353,0.7328,0.7429,1.0,1.0,1.0,1.0,1.0,1.0,0.4263,0.4263,0.4224,0.4,0.1071,0.1111,0.1111,0.1111,0.1111,0.0,8s2r-assembly2,0.9906,heteromultimer,8s2r-assembly2,0.9906,heteromultimer,7yyl-assembly3,0.8657,115,153,134.0,127.0,137,100,99.0,0.96338046,1251.18,2306.5519999999983,1609.0079999999994,3915.561999999999,0.5890730372804719,0.4109264519371676,2241.469999999997,1579.8099999999977,3880.59,0.5776106210653528,0.4071056205370826,2363.630000000001,1639.1099999999988,3943.449999999997,0.599381252456606,0.4156538056777694,0.999395,0.99881,0.99978
8k1l_A-8k1l_B,heterodimer,1,0.76665,0.793948,0.78189,0.84430992603302,0.834335446357727,0.8394158840179443,0.7807082124722979,0.7630284376687199,0.7696595636863015,0.8301727924171082,0.820860053245337,0.8254646199516158,0.7027,0.7027,0.7003,0.6662,0.6067,0.5648,0.5488,0.5273,0.087,0.0,0.0984,0.0984,0.1009,0.0936,0.11,0.0488,0.0465,0.0391,0.0652,0.0,7yam-assembly1,0.8538,monomer,1wpg-assembly1,0.8113,homomultimer,1wpg-assembly1,0.8113,128,157,143.0,141.0,141,105,98.0,1.1377757,1686.91,3189.655999999998,1762.5699999999983,4952.226,0.6440853062844867,0.3559146937155126,3022.029999999999,1609.0199999999968,4631.050000000003,0.6525582751211921,0.3474417248788062,3343.479999999996,1941.079999999998,5284.57,0.6326872385075789,0.3673108691908704,0.957773,0.92145,0.99489
8s89_A-9gvh_B,hard_negative,0,0.0,0.0,0.0,0.2775070667266845,0.1250464022159576,0.2152258932590484,0.8118793252271412,0.6206933621116735,0.7503002033542436,0.361989793840289,0.2604575374870038,0.3222407552780876,0.7611,0.7611,0.7611,0.8299,0.8095,1.0,1.0,1.0,1.0,0.0,0.2186,0.2186,0.2186,0.1769,0.2857,0.0,0.0,0.0,0.0,0.0,9lh0-assembly1,0.8456,heteromultimer,9lh0-assembly1,0.8456,heteromultimer,8gel-assembly1,0.4551,12,12,2.0,0.0,12,13,65.0,12.951517,29.1,1028.2280000000003,558.6279999999999,1586.8580000000009,0.6479647202207128,0.3520340194270688,365.25,285.380000000001,650.640000000003,0.5613703430468435,0.4386142874707975,1476.33,878.7700000000004,2291.3700000000026,0.6443001348538203,0.3835129202180352,0.720258,0.61668,0.86964
8ssm_A-8ssm_B,heterodimer,1,0.840096,0.878606,0.859646,0.917161226272583,0.8916410207748413,0.9044017791748048,0.9150346890333528,0.9056194667801292,0.909822693804572,0.916735918824737,0.8944936006684271,0.9054859621007582,0.7705,0.7705,0.7693,0.6649,0.592,0.7333,0.75,0.8333,1.0,0.0,0.332,0.332,0.3343,0.3688,0.272,0.3333,0.375,0.3333,0.0,0.0,9l5u-assembly2,0.8754,heteromultimer,9l5u-assembly2,0.8754,heteromultimer,5xe9-assembly1,0.7704,64,78,70.0,68.0,69,52,99.0,0.7949336,2984.82,1317.314,634.6359999999997,1951.948,0.6748714617397595,0.3251295628776995,1260.5600000000004,613.4199999999992,1918.92,0.6569111792049697,0.3196693973693531,1335.6999999999998,658.3599999999997,1969.4300000000003,0.6782165398110112,0.3342896167926758,0.996274,0.99208,0.99888
8s89_A-8zxg_A,hard_negative,0,0.0,0.0,0.0,0.1889490187168121,0.1208574473857879,0.1440365582704544,0.5719782394850684,0.5195808128529297,0.5560246715623453,0.2622515268961169,0.2090027264197354,0.2264341809288325,0.5732,0.5732,0.5705,0.5248,0.4505,0.4342,0.3216,0.2857,0.25,0.0,0.3433,0.3433,0.3455,0.355,0.4158,0.4158,0.3074,0.2857,0.25,0.0,8zxg-assembly1,0.901,monomer,5u8o-assembly2,0.8062,homomultimer,5u8o-assembly2,0.8062,0,0,0.0,0.0,0,0,0.0,0.0,0.0,1314.0980000000004,942.9419999999998,2257.04,0.5822218480842167,0.4177781519157834,1045.5400000000009,736.1599999999999,1781.7000000000007,0.5868215749003763,0.4131784250996237,1569.4000000000017,1250.08,2554.0600000000013,0.6144726435557507,0.4894481727132484,0.562757,0.50277,0.70556
8s6c_A-9ups_A,hard_negative,0,0.012385,0.217325,0.060403,0.7001274824142456,0.3956300318241119,0.5439797818660737,0.9048411152126205,0.8683568084786148,0.8864910258313895,0.7410702089739205,0.4901753871550125,0.6124820306591368,0.7299,0.7299,0.7309,0.7483,0.6974,0.693,0.693,0.6914,0.1215,0.0,0.4472,0.4472,0.4509,0.4508,0.3343,0.3495,0.3495,0.3549,0.0654,0.0,6erc-assembly2,0.916,monomer,7oih-assembly4,0.8778,homomultimer,7oih-assembly4,0.8778,3,60,31.0,3.0,51,44,85.0,5.1774707,224.45,1000.856,943.994,1944.8479999999995,0.5146191373310409,0.4853818910269595,929.9799999999996,908.8099999999996,1882.7899999999968,0.493937188958939,0.4826932371639964,1092.5300000000025,982.3999999999996,2074.91,0.526543319951228,0.4734663190210658,0.984492,0.97412,0.99431
8s6c_A-8zxg_A,hard_negative,0,0.0,0.0,0.0,0.2062796205282211,0.1556967347860336,0.1775708347558975,0.663330467136318,0.6407022441957169,0.6491490723091061,0.2976897898498405,0.2526978366679703,0.2718864822665393,0.4588,0.4588,0.4513,0.4338,0.4345,0.4262,0.3978,0.6746,0.1161,0.0,0.291,0.291,0.2941,0.2951,0.2979,0.2941,0.2572,0.3521,0.0804,0.0,6erc-assembly2,0.9153,monomer,7oih-assembly4,0.8771,homomultimer,7oih-assembly4,0.8771,0,0,0.0,0.0,0,0,0.0,0.0,0.0,1575.822,1213.8399999999997,2789.658000000001,0.5648799960425255,0.4351214378249947,1265.7400000000016,1105.4599999999991,2604.4500000000044,0.4859912841482844,0.4244504597899738,1857.1800000000003,1379.329999999998,3130.800000000003,0.5931966270601758,0.4405679059665251,0.7289990000000001,0.68381,0.89897
8tw1_A-7kuw_A,hard_negative,0,0.0,0.0,0.0,0.18724425137043,0.1273141056299209,0.1487812727689743,0.4786577786384804,0.4599439845149089,0.471646199128472,0.2449144168761683,0.1963519342473432,0.2133542580408738,0.6996,0.6996,0.6774,0.5476,0.2632,0.1875,0.0,0.0,0.0,0.0,0.2318,0.2318,0.2396,0.381,0.0526,0.0,0.0,0.0,0.0,0.0,7cfl-assembly4,0.6061,monomer,4hz9-assembly1,0.5579,heteromultimer,8brf-assembly1,0.4049,0,0,0.0,0.0,0,0,0.0,0.0,0.0,558.6400000000001,367.5500000000008,926.1919999999984,0.603157876552595,0.3968399640679269,9.94000000000051,29.100000000000364,39.03999999999724,0.254610655737736,0.7453893442623571,1020.34,586.6800000000021,1607.0299999999988,0.634922807912734,0.365070969428077,0.5167390000000001,0.43347,0.62423
8tw1_A-8h2f_A,hard_negative,0,0.0,0.0,0.0,0.1548607945442199,0.1230198740959167,0.1398094534873962,0.4545090329204181,0.4337939556291201,0.4436440338393353,0.2147904422194596,0.1852796541820069,0.200576369557784,0.566,0.566,0.5557,0.5506,0.5856,0.6326,0.7454,0.7424,0.4444,0.0,0.3991,0.3991,0.3997,0.4815,0.5166,0.5815,0.7083,0.7071,0.0,0.0,8h18-assembly1,0.9672,monomer,8fyc-assembly1,0.8661,heteromultimer,9l87-assembly1,0.7909,0,0,0.0,0.0,0,0,0.0,0.0,0.0,1348.4320000000007,1056.3020000000004,2404.728000000001,0.5607420049169801,0.4392604901677028,1063.1900000000005,785.7000000000007,1848.880000000001,0.5750454329107351,0.4249599757691144,1653.180000000002,1425.08,3078.250000000004,0.5370518963696906,0.4629513522293505,0.5869439999999999,0.47284,0.82595
8tw1_A-8k7z_A,hard_negative,0,0.0,0.0,0.0,0.1933661252260208,0.1236749440431594,0.1740954339504242,0.4265192325251349,0.4074014072806601,0.4173131841197272,0.2393162541840724,0.1842438017395545,0.2227389839842848,0.7388,0.7388,0.73,0.7368,0.5946,0.2143,0.0,0.0,0.0,0.0,0.3456,0.3456,0.3499,0.5414,0.4595,0.0,0.0,0.0,0.0,0.0,8k7z-assembly1,0.9287,monomer,4hz9-assembly1,0.5583,heteromultimer,4a5z-assembly1,0.4848,0,0,0.0,0.0,0,0,0.0,0.0,0.0,1111.5560000000005,670.9540000000009,1782.5119999999995,0.623589630813145,0.3764092471747741,975.8700000000008,523.4000000000015,1523.6899999999987,0.6404649239674748,0.3435081939239621,1205.7500000000018,772.8299999999999,1969.119999999999,0.612329365401805,0.3924748110831236,0.498598,0.38685,0.59646
8tw1_A-8vc8_A,hard_negative,0,0.0,0.0,0.0,0.1741523742675781,0.148018479347229,0.1608407348394394,0.4407533002053054,0.3981207254508571,0.4106838025920365,0.2191853972310437,0.2011333139680018,0.2108093483899588,0.7388,0.7388,0.7358,0.35,0.2308,0.2727,0.0,0.0,0.0,0.0,0.2015,0.2015,0.2073,0.1,0.0,0.0,0.0,0.0,0.0,0.0,9ubf-assembly2,0.5897,monomer,4hz9-assembly1,0.5596,heteromultimer,4p8i-assembly1,0.3858,0,0,0.0,0.0,0,0,0.0,0.0,0.0,1400.5939999999996,846.8699999999997,2247.4620000000004,0.6231891796168297,0.3768117102758576,906.130000000001,630.9499999999989,1539.2200000000012,0.5886942737230547,0.4099154117020299,2751.619999999997,1660.9799999999996,4412.59,0.6235838815752194,0.3764183846675081,0.538947,0.43006,0.62176
8tyx_A-8tyx_B,heterodimer,1,0.870164,0.884142,0.87903,0.9175987839698792,0.908090889453888,0.9139851808547974,0.8939651474012819,0.8903417361987611,0.8926197345182857,0.912761032551532,0.9045410588028626,0.909712091587495,0.8449,0.8449,0.8449,0.8417,0.8262,0.8764,0.8768,1.0,1.0,1.0,0.0303,0.0303,0.0303,0.0306,0.0353,0.038,0.0452,0.05,0.0,0.0,8tyy-assembly1,0.9876,heteromultimer,8tyy-assembly1,0.9876,heteromultimer,5ld9-assembly1,0.7205,121,133,128.0,126.0,131,82,99.0,0.81139046,1529.84,1664.5760000000002,1148.504,2813.076,0.591728058538056,0.4082733633929549,1644.4700000000005,1134.91,2801.869999999999,0.5869187364153229,0.4050544814713032,1691.999999999999,1163.1299999999992,2826.91,0.5985333809707416,0.4114492502414294,0.984173,0.97121,0.99481
8tw1_A-7ver_A,hard_negative,0,0.0,0.0,0.0,0.1885212510824203,0.1727602928876876,0.1790527105331421,0.6094249333892579,0.5773300946682949,0.5931347158386885,0.2727019875437879,0.2546102845853618,0.2618691115942513,0.505,0.505,0.5019,0.3755,0.3012,0.3094,0.3033,0.1085,0.0,0.0,0.2406,0.2406,0.2396,0.1396,0.012,0.0124,0.0137,0.0155,0.0,0.0,7ver-assembly1,0.9879,monomer,5u4o-assembly1,0.7688,homomultimer,5u4o-assembly1,0.7688,0,0,0.0,0.0,0,0,0.0,0.0,0.0,1434.489999999999,1068.854,2503.3460000000023,0.5730290579088939,0.4269701431603938,1177.3999999999978,895.4500000000007,2247.270000000004,0.5239245840508687,0.3984612440872699,1818.5600000000013,1167.3499999999983,2945.0599999999977,0.6174950595234062,0.396375625623926,0.7863399999999999,0.74524,0.95573
8uvv_A-8znu_A,hard_negative,0,0.0,0.012379,0.002476,0.2902065515518188,0.1594708710908889,0.1920744776725769,0.7249307778255147,0.6750854639020747,0.6878863229029604,0.377151396806558,0.2626657714477929,0.2912368467186536,0.6137,0.6137,0.6118,0.5527,0.5483,0.4988,0.5328,0.3175,0.3462,0.0,0.0886,0.0886,0.0857,0.0859,0.0868,0.0898,0.0971,0.0806,0.3462,0.0,3h71-assembly2,0.8856,monomer,2ya5-assembly1,0.8841,homomultimer,2ya5-assembly1,0.8841,14,14,3.0,0.0,14,19,81.0,9.192919,169.31,906.7060000000008,742.3720000000001,1649.082,0.5498246903428701,0.4501728840651951,834.75,589.0699999999997,1424.6900000000023,0.5859169363159695,0.4134724045230883,1026.7000000000007,825.630000000001,1835.6499999999976,0.5593114155748655,0.4497752839593615,0.7410029999999999,0.68697,0.85011
8uvv_A-22gu_A,hard_negative,0,0.0,0.0,0.0,0.2700978815555572,0.1739995777606964,0.2267424345016479,0.6902059056544108,0.6549948465592743,0.675647753246585,0.354119486375328,0.270198631520412,0.3165234982506353,0.5763,0.5763,0.5745,0.5388,0.5264,0.4933,0.4046,0.1127,0.2045,0.0,0.0943,0.0943,0.0915,0.0892,0.0803,0.0753,0.0858,0.0939,0.2045,0.0,22gu-assembly1,0.9798,monomer,2ya5-assembly1,0.8848,homomultimer,2ya5-assembly1,0.8848,0,0,0.0,0.0,0,0,0.0,0.0,0.0,923.084,766.5300000000007,1689.605999999999,0.5463309197528895,0.4536738150787823,709.7600000000002,521.7800000000007,1231.5399999999972,0.5763190801760413,0.4236809198239617,1076.83,947.9400000000004,1892.6100000000008,0.5689656083398057,0.5008638863791274,0.780954,0.72232,0.90292
8vez_A-9jm8_B,hard_negative,0,0.0,0.015573,0.011023,0.2498523294925689,0.193745419383049,0.217203414440155,0.6724802325745456,0.6403473849691466,0.6550624557250573,0.3343779101089643,0.2830658125002685,0.3047752226971355,0.8051,0.8051,0.8081,0.7692,0.7904,0.7679,0.8025,0.8,0.9375,0.0,0.5202,0.5202,0.5221,0.4615,0.4759,0.5643,0.5924,0.6154,0.6562,0.0,9jm8-assembly1,0.898,heteromultimer,9jm8-assembly1,0.898,heteromultimer,1ask-assembly1,0.8533,3,85,24.0,16.0,32,29,76.0,10.158494,250.86,865.528,428.126,1293.654,0.6690567957119911,0.330943204288009,727.8800000000001,313.2699999999995,1041.16,0.6991048445964119,0.3008855507318755,1078.0,571.7800000000007,1649.7800000000009,0.6534204560608079,0.3465795439391921,0.754335,0.69707,0.8913
8vni_A-7mn2_A,hard_negative,0,0.0,0.011437,0.004485,0.2188205122947693,0.1346887797117233,0.1784011244773864,0.6994438647569365,0.6728144739247771,0.6862600700892099,0.3149451827872027,0.2423139185543341,0.2799729135997511,0.8791,0.8791,0.8791,0.8797,0.883,0.8926,0.9063,0.8966,0.5833,0.0,0.1841,0.1841,0.1841,0.1842,0.184,0.0961,0.0351,0.0202,0.5833,0.0,1qjh-assembly1,0.8089,homomultimer,1qjh-assembly1,0.8089,homomultimer,1qjh-assembly1,0.8089,3,3,1.0,0.0,2,4,70.0,14.276672,35.21,916.394,678.0560000000002,1594.4560000000006,0.5747377161865863,0.4252585207744835,721.3999999999996,600.380000000001,1330.2200000000012,0.5423163085805348,0.4513388762761051,1167.79,791.710000000001,1959.5,0.5959632559326359,0.4040367440673646,0.7516970000000001,0.72756,0.79488
8vni_A-9v3a_A,hard_negative,0,0.0,0.011066,0.002213,0.2471869885921478,0.1250255107879638,0.2049923956394195,0.6608397245059808,0.6184982916724406,0.6458256186066841,0.3296161297538954,0.2237200669648592,0.2931590402328724,0.6771,0.6771,0.6771,0.6703,0.6584,0.5153,0.2836,0.1489,0.25,0.0,0.4974,0.4974,0.4974,0.5,0.5362,0.4275,0.2463,0.1383,0.25,0.0,9v3a-assembly1,0.9201,monomer,6xb9-assembly5,0.8035,homomultimer,6xb9-assembly5,0.8035,1,45,12.0,0.0,29,22,75.0,11.391548,224.0,666.9159999999999,612.2420000000004,1279.1619999999984,0.521369459067734,0.4786274138850288,598.8600000000006,550.3900000000003,1198.7999999999977,0.4995495495495511,0.4591174507841187,818.8199999999997,690.5699999999997,1509.409999999998,0.542476861820182,0.4575098879694719,0.6929230000000001,0.65168,0.74175
8vni_A-9n8r_A,hard_negative,0,0.0,0.0,0.0,0.2300049662590026,0.1400027275085449,0.1662311643362045,0.6442952991517333,0.6054519936471521,0.6197747969267785,0.3128630328375488,0.2334467456061638,0.2569398908543193,0.5787,0.5787,0.5792,0.5784,0.5781,0.5006,0.387,0.3811,0.0714,0.0,0.5049,0.5049,0.5053,0.5045,0.5054,0.4522,0.3654,0.3696,0.0714,0.0,9n8r-assembly1,0.9728,monomer,6xb9-assembly5,0.8029,homomultimer,6xb9-assembly5,0.8029,12,12,2.0,0.0,12,14,81.0,12.835414,98.18,992.4,826.1779999999992,1818.576,0.545701691873202,0.4542994078883695,826.3600000000006,696.6099999999988,1522.9699999999975,0.5425976874134106,0.4574023125865906,1233.5,1065.1899999999987,2298.6899999999987,0.5366099822072575,0.4633900177927425,0.765597,0.64768,0.92174
8vez_A-9uml_A,hard_negative,0,0.0,0.0,0.0,0.2067780494689941,0.1420873403549194,0.1709779798984527,0.8053294663439945,0.7935477661710841,0.8004735916886695,0.3264546878851823,0.2733767085304351,0.2968771022564961,0.7374,0.7374,0.735,0.7135,0.7045,0.6996,0.644,0.7049,0.1667,0.0,0.6184,0.6184,0.6217,0.635,0.6321,0.6276,0.5625,0.6164,0.1667,0.0,9umk-assembly1,0.984,monomer,1u5o-assembly1,0.8023,homomultimer,1u5o-assembly1,0.8023,0,0,0.0,0.0,0,0,0.0,0.0,0.0,789.8639999999999,517.7879999999998,1307.6600000000003,0.6040285701176143,0.3959653120841805,590.1399999999994,457.8899999999994,1149.489999999998,0.5133928959799567,0.3983418733525304,947.5200000000004,579.5099999999984,1527.0300000000025,0.620498614958448,0.3795013850415495,0.874023,0.83244,0.97287
8whk_A-8whk_B,heterodimer,1,0.779551,0.811138,0.798041,0.827610969543457,0.8014984130859375,0.8173826217651368,0.8745184421546002,0.8648427598494584,0.871420330942861,0.8369924640656857,0.8141672824386418,0.8281901636006817,0.7668,0.7668,0.7668,0.7678,0.7493,0.6192,0.3088,0.05,0.0,0.0,0.0389,0.0389,0.0389,0.0389,0.0428,0.0407,0.0294,0.0,0.0,0.0,6cok-assembly1,0.8106,monomer,9c13-assembly1,0.7285,heteromultimer,4rzp-assembly3,0.6261,28,39,33.0,31.0,34,29,98.0,1.0412532,1778.61,620.7920000000001,542.3660000000006,1163.1460000000006,0.5337180371165785,0.4662922797310056,591.25,509.4499999999998,1100.6800000000003,0.5371679325507867,0.4628502380346692,660.210000000001,573.8199999999997,1234.0200000000004,0.5350075363446303,0.4650005672517459,0.971638,0.93589,0.9918
8wt0_A-8wt0_B,heterodimer,1,0.88651,0.893362,0.890444,0.8935993909835815,0.8875463008880615,0.8903518319129944,0.9005512641719469,0.89206158369229,0.8948903401357544,0.8949897656212547,0.889195495055843,0.8912595335575464,0.6875,0.6875,0.6875,0.5985,0.5935,0.5902,0.4937,0.4776,0.4231,1.0,0.3839,0.3839,0.3839,0.4394,0.4309,0.4262,0.3671,0.3284,0.0769,0.0,5jff-assembly1,0.9131,heteromultimer,5jff-assembly1,0.9131,heteromultimer,4xi8-assembly2,0.8075,106,124,114.0,110.0,114,87,98.0,0.9090238,1384.74,2475.1060000000007,1493.6,3968.714000000001,0.6236544129912108,0.376343571242473,2446.4700000000003,1443.3200000000006,3933.720000000001,0.6219227601354442,0.3669096936233387,2516.9400000000005,1591.5499999999993,4050.060000000001,0.6214574598894831,0.3929694868717991,0.988253,0.97586,0.99901
8vez_A-7vc7_A,hard_negative,0,0.0,0.0,0.0,0.3263385593891144,0.1541852205991745,0.2409308522939682,0.8708061662740817,0.849117712706434,0.8590290517258587,0.4352320807661078,0.2931717190206264,0.3645504921803463,0.6861,0.6861,0.6846,0.635,0.6008,0.6047,0.634,0.6376,0.766,0.3333,0.4386,0.4386,0.4405,0.4479,0.5426,0.5514,0.5795,0.5702,0.734,0.3333,7vc6-assembly1,0.9972,monomer,5ae6-assembly1,0.9627,homomultimer,5ae6-assembly1,0.9627,0,0,0.0,0.0,0,0,0.0,0.0,0.0,790.0199999999993,545.4599999999995,1335.476,0.5915643560797792,0.4084386391069547,710.9699999999975,444.9300000000003,1155.9100000000035,0.6150738379285544,0.3849175108788737,887.119999999999,707.6399999999994,1594.75,0.5562752782567795,0.4437309923185448,0.935323,0.89947,0.96609
8x2v_A-7djx_A,hard_negative,0,0.0,0.0,0.0,0.1559216231107711,0.1347749829292297,0.1444299131631851,0.6531876724536283,0.6453072942779798,0.6496646939954488,0.2549359441752861,0.237527376225047,0.2454768693296379,0.859,0.859,0.856,0.8879,0.8865,0.8947,0.9231,0.8378,0.8235,0.8333,0.0836,0.0836,0.0747,0.0333,0.0215,0.0217,0.0192,0.027,0.0294,0.0,5iml-assembly1,0.9187,heteromultimer,5iml-assembly1,0.9187,heteromultimer,1wvv-assembly2,0.8559,0,0,0.0,0.0,0,0,0.0,0.0,0.0,1040.2820000000002,829.7360000000001,1870.012,0.5562969649392625,0.4437062435962978,839.8299999999999,627.7799999999997,1467.6000000000004,0.5722472063232487,0.4277596075224854,1257.8600000000006,971.3200000000006,2229.1800000000003,0.5642702697853024,0.435729730214698,0.712099,0.66276,0.77733
8x2v_A-8dj8_A,hard_negative,0,0.0,0.017098,0.006747,0.2130142152309417,0.1539557576179504,0.1827381759881973,0.5986189989285787,0.5620868325174909,0.5752341881729404,0.2901351719704692,0.2355819725978585,0.2612373784251459,0.4782,0.4782,0.4747,0.4844,0.4838,0.4873,0.4957,0.5006,0.5046,0.5241,0.4078,0.4078,0.4049,0.4187,0.4188,0.4218,0.43,0.4341,0.4424,0.4706,8u23-assembly8,0.977,monomer,7swu-assembly2,0.9624,homomultimer,7swu-assembly2,0.9624,1,1,0.0,0.0,1,2,66.0,14.931623,40.76,1279.3019999999997,959.5460000000004,2238.8380000000006,0.5714133849791719,0.4285910816235922,1097.0,858.0300000000007,2013.8600000000008,0.5447250553663113,0.426062387653561,1561.2199999999991,1067.1600000000017,2581.220000000001,0.6048380223305253,0.4134324079311338,0.672382,0.59287,0.87372
8x2v_A-8ga7_A,hard_negative,0,0.0,0.0,0.0,0.1589756458997726,0.1424227505922317,0.1538175761699676,0.6468070581171103,0.3851986203241646,0.496557893613314,0.2565419283432402,0.1909779245386183,0.2223656396586369,0.6805,0.6805,0.6188,0.5923,0.4304,0.3158,0.2812,0.2857,0.1667,0.0,0.2516,0.2516,0.2193,0.1577,0.1772,0.2368,0.2188,0.1905,0.1667,0.0,8ga7-assembly1,0.97,monomer,1wvv-assembly2,0.8558,homomultimer,1wvv-assembly2,0.8558,0,0,0.0,0.0,0,0,0.0,0.0,0.0,542.5019999999993,500.26999999999936,1042.7700000000004,0.5202508702782004,0.4797510476902856,369.2799999999989,294.65999999999985,685.760000000002,0.5384974335044297,0.4296838544097045,822.0,1004.4500000000008,1826.4399999999987,0.4500558463458972,0.5499496287860546,0.478398,0.33923,0.89008
8xwy_A-8xwy_B,heterodimer,1,0.593571,0.7479,0.67827,0.833385705947876,0.7463387250900269,0.7945517897605896,0.8140249601285453,0.7685878909943031,0.7903071622019681,0.82951355678401,0.7507885582708822,0.7937028642488653,0.7013,0.7013,0.701,0.6803,0.6431,0.6594,0.8039,0.8953,1.0,1.0,0.183,0.183,0.1822,0.1494,0.1235,0.0629,0.0643,0.0233,0.0,0.0,7u7n-assembly1,0.9445,heteromultimer,7u7n-assembly1,0.9445,heteromultimer,1ern-assembly1,0.7137,58,94,77.0,73.0,80,58,97.0,1.1548808,1264.72,1711.4360000000008,893.5199999999998,2604.956,0.6569922870098386,0.3430077129901618,1543.630000000001,824.4300000000003,2368.0600000000013,0.6518542604494819,0.3481457395505181,1792.0600000000013,949.67,2708.739999999998,0.6615843528725542,0.3505947414665123,0.958488,0.93747,0.97585
8z3f_A-8z3f_B,heterodimer,1,0.820997,0.859628,0.843136,0.8737683296203613,0.8574650883674622,0.8660243630409241,0.8879814985701068,0.8713218812075967,0.8805121926269421,0.8745356333062484,0.8602364469354892,0.8689219289581278,0.774,0.774,0.774,0.7778,0.7836,0.7245,0.6935,0.6531,0.875,0.0,0.1634,0.1634,0.1634,0.1566,0.1972,0.1698,0.1206,0.1327,0.125,0.0,6od0-assembly1,0.8384,heteromultimer,6od0-assembly1,0.8384,heteromultimer,2ct9-assembly3,0.8076,44,53,48.0,45.0,50,37,99.0,0.86085176,1128.74,750.3280000000001,686.1700000000001,1436.4900000000002,0.5223343009697248,0.4776712681605858,739.7600000000002,677.8599999999997,1420.7600000000002,0.5206790731721052,0.4771108420845178,761.6899999999996,700.7200000000003,1462.41,0.5208457272584294,0.4791542727415706,0.986785,0.97917,0.99737
8vx9_A-8vx9_B,heterodimer,1,0.721352,0.780377,0.752313,0.9134901762008668,0.8650323152542114,0.8864986181259156,0.8789177726989075,0.864833988300459,0.8726213520525554,0.90566130811532,0.864992649863461,0.8837231649112436,0.6639,0.6639,0.6627,0.6015,0.5358,0.5956,0.575,0.6667,0.3333,0.3333,0.183,0.183,0.1811,0.1507,0.1399,0.1912,0.4,0.0,0.0,0.0,8vxa-assembly1,0.9625,monomer,8vxy-assembly1,0.9618,heteromultimer,9bh7-assembly1,0.6555,117,237,166.0,135.0,198,140,96.0,1.2425458,1280.81,3457.452,2417.178000000001,5874.636000000001,0.5885389324547086,0.411460046205416,3373.75,2335.5300000000025,5772.0799999999945,0.5844946708985328,0.4046253690177552,3515.8300000000017,2500.82,6004.1700000000055,0.585564699200722,0.4165138562032716,0.997355,0.99608,0.99855
8za7_A-8za7_B,heterodimer,1,0.0,0.017936,0.006558,0.3713400363922119,0.149701252579689,0.2371820956468582,0.6826343013829869,0.6486089174887377,0.6666828911097429,0.4322553465611208,0.2494827855614987,0.3230822547394351,0.6416,0.6416,0.6382,0.6126,0.2166,0.187,0.1992,0.1635,0.0833,0.0,0.0936,0.0936,0.0902,0.0262,0.0108,0.0076,0.0085,0.0126,0.0119,0.0,2yzw-assembly1,0.8699,monomer,3o5t-assembly1,0.8474,heteromultimer,1r45-assembly5,0.8091,1,1,0.0,0.0,1,2,61.0,14.758001,3.59,1306.846,1056.8960000000002,2363.746,0.552870739918756,0.4471275678520451,1068.8799999999992,849.2199999999993,1918.0999999999983,0.5572597883322038,0.4427402116677962,1662.1899999999987,1374.16,3036.369999999999,0.5474266970099162,0.4525667161775411,0.7392749999999999,0.63099,0.97085
8znu_A-9x1x_A,hard_negative,0,0.0,0.0,0.0,0.3471755981445312,0.1215492263436317,0.1893544271588325,0.669599536585443,0.5165332613896384,0.5958334775095173,0.4116603858327136,0.2159675132932475,0.2706502372289695,0.9017,0.9017,0.9017,0.9017,0.9103,0.9331,0.933,0.932,0.5,0.3333,0.2079,0.2079,0.2079,0.2079,0.1827,0.1464,0.1134,0.1165,0.0,0.0,9x1x-assembly1,0.9312,monomer,6p3s-assembly2,0.9175,heteromultimer,5j0j-assembly1,0.7648,30,30,6.0,0.0,17,18,74.0,12.218745,115.93,937.5220000000008,720.0440000000004,1657.5639999999992,0.5656022934861045,0.4343989131038082,707.4100000000017,414.2600000000002,1121.6699999999985,0.6306756889281185,0.3693243110718847,1066.930000000002,854.4200000000001,1874.4500000000007,0.5691962975806245,0.4558243751500438,0.737851,0.687,0.83106
8znu_A-7s9v_B,hard_negative,0,0.0,0.0,0.0,0.1616629660129547,0.1429247111082077,0.1525168180465698,0.6160775688690765,0.6058632006258445,0.6116561431859611,0.2525458865841791,0.2368359849071932,0.2443446830744481,0.9822,0.9822,0.9832,0.9972,1.0,1.0,1.0,1.0,1.0,1.0,0.0687,0.0687,0.0672,0.0523,0.0526,0.0281,0.0224,0.0072,0.0,0.0,5mv3-assembly5,0.9547,heteromultimer,5mv3-assembly5,0.9547,heteromultimer,4bjl-assembly1,0.7519,0,0,0.0,0.0,0,0,0.0,0.0,0.0,1350.3300000000004,1343.4200000000003,2693.7520000000004,0.5012822264261892,0.4987170311149654,1098.3100000000013,1105.0800000000015,2286.989999999998,0.4802425896046779,0.4832028124303135,1637.1100000000006,1565.5200000000004,3067.9100000000035,0.5336238677145023,0.510288763360072,0.717493,0.68177,0.82915
9b3h_A-9b3h_B,heterodimer,1,0.0,0.566486,0.399783,0.6270362138748169,0.1851192861795425,0.5161286622285843,0.7420817930844625,0.5980142591911449,0.7053525859537333,0.650045329716746,0.267698280781863,0.5539734469736141,0.6915,0.6915,0.6869,0.6884,0.6897,0.6948,0.6762,0.0,0.0,0.0,0.0601,0.0601,0.0533,0.0248,0.0191,0.0152,0.0166,0.0,0.0,0.0,9b3e-assembly2,0.8249,monomer,1slw-assembly1,0.6471,heteromultimer,1anc-assembly1,0.6413,54,130,69.0,0.0,92,73,85.0,2.277673,641.74,1596.173999999999,1426.372,3022.547999999998,0.528088883948245,0.4719104543583761,1532.2700000000004,1320.7299999999996,2862.159999999996,0.5353544176426204,0.4614452022248935,1663.5800000000015,1733.3499999999983,3343.8399999999965,0.4975058615244759,0.5183710943107327,0.78351,0.63269,0.91635
9avh_A-7m5t_A,hard_negative,0,0.0,0.0,0.0,0.3157286643981933,0.2103125005960464,0.2542137831449508,0.8567448175002776,0.8421468697254895,0.8477681351569443,0.4239318950186103,0.3366793744219351,0.3729246535473495,0.622,0.622,0.622,0.6182,0.5772,0.4334,0.4161,0.2655,0.1582,0.1852,0.5253,0.5253,0.5253,0.5243,0.4961,0.3498,0.3389,0.2035,0.1582,0.1852,5oc1-assembly1,0.965,monomer,8bxl-assembly2,0.9123,homomultimer,8bxl-assembly2,0.9123,0,0,0.0,0.0,0,0,0.0,0.0,0.0,668.1419999999998,651.0619999999992,1319.2099999999991,0.5064712972157581,0.4935241546076816,556.7099999999991,473.7099999999991,1030.4099999999962,0.5402800826855341,0.4597296221892265,789.5100000000002,870.1399999999994,1613.66,0.4892666360943447,0.5392337915050255,0.934303,0.89328,0.98135
9b6m_B-8jh8_A,hard_negative,0,0.0,0.0,0.0,0.2141089141368866,0.154149442911148,0.1818683326244354,0.4141162602093296,0.396248336116227,0.4023855058010491,0.2541103833513752,0.2025696225758911,0.2259717672597581,0.5299,0.5299,0.5295,0.5057,0.5011,0.3491,0.4426,0.25,0.0,0.0,0.3204,0.3204,0.3213,0.3236,0.3244,0.1995,0.4426,0.25,0.0,0.0,8jh8-assembly1,0.9787,monomer,3wyd-assembly1,0.7596,homomultimer,3wyd-assembly1,0.7596,0,0,0.0,0.0,0,0,0.0,0.0,0.0,1682.2020000000005,1484.2600000000014,3166.4660000000003,0.5312553490231697,0.4687433877388866,1155.829999999998,939.8300000000016,2095.6699999999983,0.5515324454708991,0.4484627827854588,2357.920000000002,2200.9300000000003,4558.849999999999,0.5172181580881149,0.4827818419118859,0.4569599999999999,0.37073,0.52479
9b6m_A-9b6m_B,heterodimer,1,0.0,0.0,0.0,0.2202008962631225,0.1651948690414428,0.1966828197240829,0.3984849955581623,0.3627037887621288,0.3789732283577405,0.2521695223977531,0.20469665298558,0.2331409014508144,0.5206,0.5206,0.5145,0.4267,0.399,0.3993,0.4135,0.75,0.0,0.0,0.1461,0.1461,0.1406,0.1013,0.0549,0.0503,0.1053,0.0,0.0,0.0,3fie-assembly2,0.7042,heteromultimer,3fie-assembly2,0.7042,heteromultimer,1zkx-assembly2,0.689,0,0,0.0,0.0,0,0,0.0,0.0,0.0,2577.7,1971.2660000000003,4548.969999999996,0.5666557484441538,0.4333433722359132,1538.5799999999945,1338.6299999999974,3012.0699999999924,0.5108048617728003,0.4444219423851374,3235.489999999998,2512.7900000000045,5673.179999999993,0.5703132987143017,0.4429244268646522,0.529841,0.38291,0.6688
9b6m_B-9fw5_A,hard_negative,0,0.0,0.0,0.0,0.2051341831684112,0.1523618698120117,0.1764450430870056,0.4100711604393632,0.3712117407858671,0.3978770282590808,0.2461215786226017,0.2028740674780635,0.2207314401214206,0.551,0.551,0.5496,0.4953,0.4306,0.3961,0.0,0.0,0.0,0.0,0.2057,0.2057,0.2077,0.1816,0.1174,0.013,0.0,0.0,0.0,0.0,7bxx-assembly1,0.5893,monomer,7uib-assembly1,0.5787,heteromultimer,7ovw-assembly1,0.5731,0,0,0.0,0.0,0,0,0.0,0.0,0.0,1898.706000000002,1503.1760000000002,3401.8840000000027,0.5581336694608048,0.4418657426296719,1347.4900000000052,1129.0899999999965,2691.170000000005,0.5007078705544438,0.4195535770687077,2410.5,1843.4100000000035,4021.599999999999,0.5993883031629205,0.4583772627809837,0.512509,0.38903,0.65659
9c3b_A-9c3b_B,heterodimer,1,0.0,0.0,0.0,0.145239919424057,0.1090546026825904,0.1287316888570785,0.6839660347191037,0.6432944319436654,0.6716782572015582,0.2526232311759616,0.2208760489690443,0.2373210025259745,0.9124,0.9124,0.9124,0.973,0.9811,0.9778,1.0,1.0,1.0,0.0,0.2044,0.2044,0.2044,0.1441,0.1321,0.1,0.0857,0.1,0.0,0.0,9c39-assembly1,0.8117,heteromultimer,9c39-assembly1,0.8117,heteromultimer,9cba-assembly1,0.7055,0,0,0.0,0.0,0,0,0.0,0.0,0.0,679.564,583.9359999999997,1263.501999999999,0.5378416496372783,0.4621567674605977,266.90999999999985,185.5999999999985,452.5099999999948,0.5898433183797108,0.4101566816202972,1068.7999999999993,926.1499999999996,1813.949999999997,0.5892113895090829,0.5105708536618987,0.7901680000000001,0.76417,0.87412
9b6m_B-9qs1_A,hard_negative,0,0.0,0.0,0.0,0.1766100227832794,0.1587846726179123,0.168300575017929,0.4572225776248788,0.4434895293295741,0.4484037526390028,0.2311489694701357,0.2157256439602446,0.2243212105421438,0.6309,0.6309,0.6214,0.5924,0.5982,0.6254,0.735,0.6934,0.7159,0.6364,0.3476,0.3476,0.3439,0.3449,0.365,0.3612,0.4907,0.6898,0.7159,0.6364,9qs1-assembly1,0.9873,monomer,5ts5-assembly2,0.9779,homomultimer,5ts5-assembly2,0.9779,0,0,0.0,0.0,0,0,0.0,0.0,0.0,3507.476000000001,2886.092000000001,6393.568000000001,0.548594462434747,0.4514055375652531,1944.1100000000008,1427.7000000000007,3371.820000000007,0.5765758551761353,0.4234211790664975,4439.129999999997,3978.399999999998,8417.54,0.5273666653202713,0.4726321466841853,0.500536,0.44185,0.60128
9d01_A-8y33_A,hard_negative,0,0.0,0.0,0.0,0.1463644504547119,0.1128033399581909,0.1283152565360069,0.6059031984224322,0.5418910121032323,0.5765149171862968,0.234456646174976,0.201414826705982,0.2179551886660649,0.8203,0.8203,0.8198,0.876,0.905,0.9562,0.9545,0.8947,0.0,0.0,0.1875,0.1875,0.188,0.148,0.0782,0.0511,0.0455,0.0702,0.0,0.0,8j98-assembly1,0.8636,monomer,7uqa-assembly3,0.7925,homomultimer,7uqa-assembly3,0.7925,0,0,0.0,0.0,0,0,0.0,0.0,0.0,1022.416,951.7439999999996,1974.158,0.5178997830974016,0.482101229992736,911.8900000000012,715.1599999999999,1627.0400000000009,0.560459484708428,0.4395466614219684,1164.5300000000025,1210.8899999999994,2322.1800000000003,0.5014813666468587,0.5214453659923001,0.736535,0.66444,0.95841
9d01_A-8akp_A,hard_negative,0,0.0,0.0,0.0,0.1457905024290084,0.127887338399887,0.1352811306715011,0.4995631769764268,0.487691743117551,0.4946739856090257,0.2165450373384921,0.2004001979591572,0.207159701659006,0.6781,0.6781,0.6774,0.675,0.6256,0.602,0.4337,0.0588,0.0,0.0,0.4002,0.4002,0.4012,0.4372,0.4729,0.5033,0.3976,0.0588,0.0,0.0,8akp-assembly1,0.9888,monomer,1aq0-assembly1,0.7406,homomultimer,1aq0-assembly1,0.7406,0,0,0.0,0.0,0,0,0.0,0.0,0.0,704.5959999999999,673.234,1377.8319999999983,0.5113801972954617,0.4886183511487618,281.2099999999991,292.28000000000065,622.2599999999984,0.4519172050268374,0.4697071963487954,1498.1900000000005,1486.2900000000009,2984.459999999999,0.5019970111846033,0.4980096901952116,0.611842,0.54155,0.77558
9ded_A-7y54_A,hard_negative,0,0.0,0.012956,0.002591,0.2868314385414123,0.1273187696933746,0.1766297250986099,0.5414529200047694,0.4659830900555741,0.4956468742076844,0.3377557348340838,0.1950516337658145,0.2404331549204248,0.7948,0.7948,0.7943,0.8153,0.8328,0.8292,0.6782,0.719,0.6207,0.6,0.1757,0.1757,0.1761,0.1443,0.1003,0.0674,0.1034,0.1095,0.2069,0.6,7y4x-assembly1,0.9354,homomultimer,7y4x-assembly1,0.9354,homomultimer,7y4x-assembly1,0.9354,1,57,12.0,0.0,44,39,74.0,9.245422,126.97,961.616,669.592,1631.2100000000005,0.5895108539059961,0.410487920010299,834.2200000000003,611.7300000000005,1445.9599999999991,0.576931588702316,0.4230614954770539,1133.5999999999997,748.7700000000004,1882.3700000000008,0.6022195423853965,0.3977804576146029,0.65623,0.59793,0.95021
9dee_A-7osw_A,hard_negative,0,0.0,0.015021,0.008361,0.2295858860015869,0.1761340945959091,0.2024276793003082,0.7001310718370084,0.6751617610969827,0.6880872439619452,0.3228093399498353,0.2761879052559269,0.2995595922326356,0.9091,0.9091,0.9091,0.9551,0.9,1.0,0.0,0.0,0.0,0.0,0.2062,0.2062,0.2062,0.1916,0.2,0.0,0.0,0.0,0.0,0.0,9w3g-assembly1,0.5829,heteromultimer,9w3g-assembly1,0.5829,heteromultimer,4rak-assembly2,0.4159,5,5,1.0,0.0,5,8,65.0,9.514841,44.87,1217.706,713.0959999999998,1930.8019999999992,0.6306736786060924,0.3693263213939078,726.4899999999998,432.6399999999994,1159.1299999999992,0.6267545486701235,0.3732454513298764,1434.75,971.59,2365.8899999999994,0.6064314063629334,0.4106657536910001,0.812773,0.77465,0.89334
9dcz_B-9tpe_B,hard_negative,0,0.0,0.014274,0.005044,0.3741726875305176,0.1249957829713821,0.2135237574577331,0.7384377114495522,0.6456521300962632,0.6800746287662205,0.4470256923143245,0.2291270523963583,0.3068339317194306,0.5524,0.5524,0.5503,0.5386,0.5731,0.5336,0.6053,0.8681,0.908,0.908,0.2838,0.2838,0.282,0.2779,0.2972,0.1849,0.1579,0.1319,0.1379,0.1379,9tpf-assembly1,0.9829,heteromultimer,9tpf-assembly1,0.9829,heteromultimer,3ca6-assembly2,0.9589,3,49,10.0,0.0,47,38,85.0,7.84136,380.66,722.2800000000003,591.4919999999998,1313.773999999999,0.5497749232364173,0.4502235544317366,561.3600000000006,501.7799999999989,1085.7699999999968,0.5170155742007997,0.4621420742882934,874.7399999999998,701.5,1576.2400000000016,0.5549535603715163,0.4450464396284825,0.7271669999999999,0.66227,0.92803
9dsh_A-9fw7_A,hard_negative,0,0.0,0.0,0.0,0.1470062881708145,0.1054385602474212,0.1237300932407379,0.4917069367496303,0.4683558676139046,0.4805229831976669,0.2137081639572824,0.1780220217207179,0.1950886712321237,0.9036,0.9036,0.9053,0.9257,0.9418,0.9571,0.96,0.9855,0.9804,0.0,0.1883,0.1883,0.1813,0.0578,0.0127,0.0061,0.0067,0.0,0.0,0.0,5mp5-assembly4,0.844,heteromultimer,5mp5-assembly4,0.844,heteromultimer,9o6c-assembly2,0.6535,0,0,0.0,0.0,0,0,0.0,0.0,0.0,1064.5699999999997,1134.85,2199.4200000000005,0.4840230606250736,0.515976939374926,421.46000000000095,606.460000000001,1047.2500000000036,0.4024444974934347,0.5790976366674613,1854.91,2055.129999999999,3910.040000000001,0.4743966813638733,0.5256033186361262,0.577947,0.50265,0.72377
9dsh_A-8iqs_B,hard_negative,0,0.675257,0.751795,0.711689,0.7630845904350281,0.7017200589179993,0.7276497960090638,0.7505961391659719,0.7139221483004429,0.7341057679594374,0.7605869001812169,0.704160476794488,0.7289409903991386,0.9471,0.9471,0.9471,0.9471,0.9471,0.9467,0.9301,0.9241,1.0,0.0,0.018,0.018,0.018,0.018,0.018,0.0154,0.0183,0.038,0.0,0.0,4zxb-assembly1,0.8525,heteromultimer,4zxb-assembly1,0.8525,heteromultimer,6jri-assembly1,0.7414,45,88,69.0,64.0,75,54,96.0,1.3757154,1377.57,1463.3339999999994,824.2759999999998,2287.618000000001,0.6396758549722894,0.3603206479403464,1299.819999999998,710.3199999999997,2010.1600000000035,0.6466251442671208,0.3533649062761165,1623.6899999999987,910.4900000000016,2534.2000000000007,0.6407110725278188,0.3592810354352463,0.897804,0.84924,0.93861
9dsh_A-8k2j_A,hard_negative,0,0.0,0.0,0.0,0.1581367254257202,0.1343224942684173,0.1452238976955414,0.6757587963075553,0.6660239747542434,0.6710913419768765,0.2616611396020872,0.2410603453499981,0.2503973865518084,0.7651,0.7651,0.7677,0.8479,0.8371,0.8731,0.8784,0.7576,0.8205,0.0,0.2186,0.2186,0.2121,0.1959,0.101,0.0821,0.0706,0.1818,0.2821,0.0,8k2k-assembly1,0.9795,monomer,8p4l-assembly5,0.876,homomultimer,8p4l-assembly5,0.876,0,0,0.0,0.0,0,0,0.0,0.0,0.0,2055.086,1841.8900000000017,3896.9780000000014,0.5273537597594853,0.4726457270223237,1770.8899999999994,1564.84,3335.740000000005,0.5308837019671787,0.4691133001972569,2372.540000000001,1954.6200000000024,4292.199999999997,0.5527561623409912,0.4553888448814137,0.783324,0.7139,0.87843
9dk2_A-9dk2_B,heterodimer,1,0.795555,0.816139,0.806069,0.8341667652130127,0.8182843327522278,0.8271313190460206,0.8356737208835597,0.8238979439967247,0.8315415518316271,0.8343806677375174,0.8194070550011272,0.8280133656031419,0.5478,0.5478,0.5381,0.3648,0.2477,0.3724,0.3267,0.6667,1.0,0.0,0.1924,0.1924,0.2014,0.1708,0.1239,0.2345,0.2277,0.0,0.0,0.0,9dk3-assembly1,0.8649,heteromultimer,9dk3-assembly1,0.8649,heteromultimer,2pup-assembly1,0.6787,85,121,103.0,96.0,106,82,98.0,0.8858373,1327.49,2064.832000000001,1897.986,3962.812000000001,0.5210522225127008,0.4789492915636671,2044.7900000000009,1843.739999999998,3896.290000000008,0.5248043651781558,0.4732039966224265,2104.8700000000026,1949.2799999999988,3994.0599999999977,0.5270000951412858,0.4880447464484759,0.9511400000000002,0.93437,0.97682
9dea_A-7vc7_A,hard_negative,0,0.0,0.014533,0.002907,0.4573146104812622,0.2114854454994201,0.3155670940876007,0.9100051300528076,0.886407746278739,0.8960971996423295,0.5478527143955714,0.3464699056552839,0.4316731151985465,0.6039,0.6039,0.6007,0.5832,0.4799,0.4342,0.4563,0.5266,0.7439,0.3333,0.2955,0.2955,0.2946,0.2894,0.4029,0.4298,0.4515,0.5207,0.7317,0.3333,7vc6-assembly1,0.9972,monomer,5ae6-assembly1,0.9626,homomultimer,5ae6-assembly1,0.9626,20,20,4.0,0.0,20,22,76.0,9.607096,109.65,584.1419999999998,507.22199999999975,1091.3679999999993,0.5352383430703486,0.4647579918047809,469.08000000000175,393.7599999999984,862.8600000000006,0.5436339614769504,0.4563428597918528,686.8899999999994,603.3799999999992,1183.6299999999974,0.5803249326225264,0.5097707898583177,0.96339,0.94042,0.98626
9e9n_A-8bl3_A,hard_negative,0,0.0,0.0,0.0,0.1857677996158599,0.1570210754871368,0.1685307681560516,0.5741685644055703,0.5589811032593083,0.5657176011780463,0.263447952573802,0.2374130810415711,0.2479681347604506,0.4041,0.4041,0.3989,0.3257,0.2723,0.2563,0.2265,0.2164,0.142,0.0,0.2086,0.2086,0.2051,0.1846,0.1466,0.1354,0.1248,0.1257,0.0679,0.0,3rgq-assembly1,0.8862,monomer,2i6o-assembly1,0.8569,heteromultimer,5y16-assembly1,0.8509,3,3,1.0,0.0,2,3,63.0,13.883484,18.71,858.8720000000003,662.0139999999999,1520.89,0.5647167119252544,0.4352806580357553,609.9700000000003,489.1999999999998,1323.4599999999991,0.4608903933628524,0.3696371631934476,1056.0200000000004,844.79,1719.59,0.6141115033234669,0.4912740827755453,0.632405,0.58578,0.69461
9e9n_A-7vfc_A,hard_negative,0,0.0,0.014506,0.007877,0.2650305032730102,0.1507655978202819,0.2181946218013763,0.6781376465266071,0.6311465883017078,0.6588552067581721,0.3476519319237297,0.2468417959165671,0.3063267387927356,0.5314,0.5314,0.5314,0.4965,0.3056,0.2033,0.1818,0.1518,0.101,0.0,0.1362,0.1362,0.1357,0.1171,0.108,0.1105,0.1031,0.0934,0.0592,0.0,6haq-assembly1,0.9924,monomer,2i6o-assembly1,0.8589,heteromultimer,5tkf-assembly6,0.8529,7,53,16.0,0.0,34,27,82.0,9.422118,175.24,841.1699999999997,435.4599999999997,1276.6359999999993,0.6588957228215405,0.3410995773266616,615.5500000000002,356.8599999999988,1011.9599999999992,0.6082750306336225,0.3526423969326842,1028.6899999999987,531.3500000000004,1560.0599999999977,0.6593913054626106,0.3405958745176475,0.8459109999999999,0.74772,0.9541
9erv_A-9erv_B,heterodimer,1,0.0,0.0,0.0,0.1461452543735504,0.117917314171791,0.1351376682519912,0.7582963929074047,0.6710585472335305,0.7194743000208395,0.2669409144702384,0.2334706296293811,0.2520049946057609,0.8671,0.8671,0.8662,0.7241,0.5517,0.5714,0.1429,0.0,0.0,0.0,0.0959,0.0959,0.0899,0.1149,0.4828,0.5714,0.1429,0.0,0.0,0.0,9axb-assembly2,0.8816,monomer,6fgk-assembly1,0.6022,homomultimer,6fgk-assembly1,0.6022,0,0,0.0,0.0,0,0,0.0,0.0,0.0,821.0760000000002,714.3600000000002,1535.44,0.5347496483092795,0.465247746574272,678.4000000000015,631.4100000000017,1357.2800000000025,0.4998231757632914,0.4652024637510318,963.6099999999988,815.880000000001,1779.4900000000016,0.5415090840634103,0.4584909159365887,0.7482530000000001,0.67126,0.88515
9e1j_A-9e1j_B,heterodimer,1,0.870831,0.891882,0.881797,0.9283455610275269,0.9215773940086364,0.9247258067131042,0.946463391501922,0.9425194809032256,0.943694663422344,0.931969127122406,0.9257658113875544,0.9285195780549522,0.8994,0.8994,0.8992,0.9049,0.9076,1.0,1.0,1.0,1.0,1.0,0.2227,0.2227,0.2211,0.1741,0.0696,0.0,0.0,0.0,0.0,0.0,9nf0-assembly1,0.9954,heteromultimer,9nf0-assembly1,0.9954,heteromultimer,4le2-assembly2,0.4781,171,217,193.0,184.0,194,137,97.0,1.0739001,1241.37,3682.028,1950.852,5632.875999999999,0.6536675048412215,0.3463332052755998,3631.8700000000026,1918.23,5550.109999999997,0.6543780213365149,0.3456201768973949,3757.129999999999,1990.34,5687.360000000001,0.6606105468969784,0.3499585044730771,0.999309,0.99874,0.99972
9cic_A-7zb1_A,hard_negative,0,0.0,0.013192,0.007629,0.3821365237236023,0.3022738695144653,0.3507242679595947,0.8190209445078546,0.7642912637790831,0.7946475747740369,0.4647213283272354,0.3946773483673889,0.4395089293224831,0.7234,0.7234,0.7234,0.724,0.7266,0.7222,0.6738,0.4072,0.3041,0.0,0.311,0.311,0.311,0.3113,0.3359,0.3939,0.4688,0.1357,0.0058,0.0,3iuj-assembly1,0.9072,monomer,7zb0-assembly4,0.8812,heteromultimer,5o3x-assembly1,0.8431,2,28,6.0,0.0,17,17,65.0,11.84999,99.06,3668.220000000001,2968.602,6636.822,0.5527073047913597,0.4472926952086405,3341.180000000004,2562.5599999999995,5903.73,0.5659439032611593,0.4340577905832414,3959.4800000000014,3216.8600000000006,7127.739999999998,0.5555028662661661,0.4513155642602005,0.914211,0.85678,0.969
9d01_A-7zb1_A,hard_negative,0,0.0,0.0,0.0,0.1624955832958221,0.1399340033531189,0.1515450537204742,0.6627338582735571,0.6299240866431146,0.6466161432785716,0.2625432382913691,0.2414236855914192,0.2505592716320938,0.6732,0.6732,0.6709,0.6708,0.6761,0.6837,0.6795,0.6522,0.3353,0.3264,0.4079,0.4079,0.4107,0.438,0.4617,0.4899,0.4665,0.4439,0.0058,0.0069,7zaz-assembly1,0.981,monomer,7zb1-assembly2,0.9803,heteromultimer,5o3x-assembly1,0.924,0,0,0.0,0.0,0,0,0.0,0.0,0.0,1081.4220000000016,742.223999999999,1823.6360000000016,0.593003208973721,0.4070022745767238,504.08000000000175,355.16999999999825,859.2300000000032,0.5866648045342922,0.4133584721203833,1493.0900000000038,1193.59,2686.6699999999983,0.555740005285355,0.4442637167943963,0.6896319999999999,0.66039,0.75627
9f28_A-9f28_B,heterodimer,1,0.8594,0.880007,0.871168,0.9091618061065674,0.894929051399231,0.9033374547958374,0.9126579756154084,0.9052365287876842,0.9103732631801796,0.9098610400083356,0.8969905468769217,0.904744616472706,0.7401,0.7401,0.736,0.5656,0.4731,0.4731,0.6087,0.5,0.5,0.6,0.3502,0.3502,0.3512,0.123,0.043,0.043,0.029,0.3333,0.3333,0.4,9f26-assembly1,0.9562,heteromultimer,9f26-assembly1,0.9562,heteromultimer,2dla-assembly4,0.9284,66,73,70.0,69.0,70,51,98.0,0.8803241,1211.86,1291.6019999999994,801.9959999999992,2093.595999999999,0.6169299138897858,0.3830710414043586,1281.1399999999994,786.880000000001,2081.1399999999994,0.6155952987305033,0.3781004641686774,1302.0,812.369999999999,2110.57,0.6168949620244769,0.3849054994622301,0.994652,0.99222,0.99807
9exk_A-7vfc_A,hard_negative,0,0.0,0.0,0.0,0.2377243936061859,0.17580646276474,0.2119220018386841,0.7479542550720762,0.5200798167054089,0.6645373489750254,0.3335497137123513,0.2589667676956494,0.3024450712659524,0.6874,0.6874,0.6858,0.6893,0.3517,0.0372,0.0333,0.0343,0.0488,0.0,0.0674,0.0674,0.0599,0.038,0.0448,0.0372,0.0333,0.0343,0.0488,0.0,6h1z-assembly2,0.9849,monomer,5tkf-assembly6,0.846,homomultimer,5tkf-assembly6,0.846,0,0,0.0,0.0,0,0,0.0,0.0,0.0,1006.4019999999996,894.8240000000012,1901.2240000000008,0.5293442540174116,0.4706567979364877,646.5699999999961,552.4300000000003,1252.300000000003,0.516305996965579,0.44113231653757,1864.7400000000016,1322.0900000000038,3186.8300000000017,0.5851394646090318,0.4148605353909694,0.655944,0.50736,0.95713
9f9r_A-7mwq_A,hard_negative,0,0.0,0.0,0.0,0.1536437273025512,0.101806104183197,0.1224768877029418,0.6254691863546732,0.6107691173850015,0.614813689581157,0.2453385974927844,0.2040533144043983,0.2209442480785849,0.8081,0.8081,0.8081,0.8129,0.844,0.8182,0.9615,0.8,1.0,1.0,0.1642,0.1642,0.1642,0.167,0.159,0.1983,0.1154,0.2,0.25,0.3333,7mwq-assembly2,0.969,heteromultimer,7mwq-assembly2,0.969,heteromultimer,5zvv-assembly1,0.9231,0,0,0.0,0.0,0,0,0.0,0.0,0.0,1039.2140000000006,1120.1240000000005,2159.3360000000007,0.4812655371836529,0.5187353890269971,831.1999999999989,952.369999999999,1783.579999999998,0.46602899785824,0.5339653954406306,1440.2200000000012,1497.7299999999996,2667.550000000003,0.5399036569136472,0.5614627654589409,0.678434,0.64648,0.75126
9f9r_A-7rmy_A,hard_negative,0,0.0,0.0,0.0,0.1586149632930755,0.1256568133831024,0.1390030920505523,0.5747641699590011,0.565721219742288,0.5692899233509966,0.2418448046262606,0.2144125216190116,0.2250604583106412,0.837,0.837,0.8344,0.8076,0.8161,0.837,0.9545,0.75,0.6667,0.5,0.2354,0.2354,0.2257,0.137,0.1031,0.163,0.2727,0.5,0.3333,0.5,7rmy-assembly1,0.9523,monomer,5zvv-assembly1,0.9196,homomultimer,5zvv-assembly1,0.9196,0,0,0.0,0.0,0,0,0.0,0.0,0.0,879.9220000000008,729.7240000000013,1609.6419999999985,0.5466569585038175,0.4533455265208052,806.6600000000035,569.4300000000003,1519.5999999999983,0.530837062384841,0.3747236114767049,1024.6399999999994,957.0300000000008,1782.349999999995,0.5748814767021081,0.5369484108059603,0.6650029999999999,0.60083,0.82452
9f9r_A-7vqv_A,hard_negative,0,0.0,0.0,0.0,0.2234296798706054,0.1330843567848205,0.15596804022789,0.7390779686754576,0.699458083008655,0.7141637558119956,0.3265593376315759,0.2463591020295874,0.2676071833447112,0.5493,0.5493,0.5493,0.5492,0.5291,0.454,0.4215,0.4098,0.3721,0.2222,0.1301,0.1301,0.1301,0.132,0.1379,0.1562,0.157,0.1574,0.1818,0.1111,7vqv-assembly1,0.9203,monomer,5zvv-assembly1,0.9162,homomultimer,5zvv-assembly1,0.9162,0,0,0.0,0.0,0,0,0.0,0.0,0.0,780.8220000000001,637.9260000000002,1418.7420000000006,0.550362222306804,0.4496420067919325,546.6200000000008,463.9200000000001,1129.7900000000009,0.4838244275484828,0.4106249834039951,1159.119999999999,1058.380000000001,2217.48,0.5227194833775273,0.4772895358695461,0.7879269999999999,0.75814,0.92505
9fdg_A-7v8w_A,hard_negative,0,0.0,0.0,0.0,0.1758220195770263,0.1122513562440872,0.1433594703674316,0.6200615412306908,0.5966320635935345,0.608600418309625,0.2646699239077593,0.2091274977139767,0.2364076599558703,0.4479,0.4479,0.4479,0.3951,0.3477,0.3053,0.2761,0.1443,0.0,0.0,0.3818,0.3818,0.3818,0.3251,0.3141,0.289,0.2699,0.1409,0.0,0.0,7v8x-assembly1,0.9658,monomer,2wtn-assembly1,0.7886,homomultimer,2wtn-assembly1,0.7886,0,0,0.0,0.0,0,0,0.0,0.0,0.0,1440.2460000000003,1196.7160000000006,2636.964000000001,0.5461758294766254,0.4538234120754019,1095.8199999999997,888.5400000000009,1984.360000000004,0.5522284262936148,0.4477715737063834,1758.2299999999996,1462.75,3220.989999999998,0.5458663330218351,0.454130562342634,0.7745240000000001,0.69763,0.83636
9dm3_A-7s9v_A,hard_negative,0,0.0,0.0,0.0,0.2716124653816223,0.2041840851306915,0.224969732761383,0.8183198049966289,0.8042252327253281,0.8109907086987789,0.3806105466362951,0.3245427281246563,0.3421739279488622,0.5809,0.5809,0.5788,0.586,0.566,0.4295,0.4828,1.0,1.0,1.0,0.1436,0.1436,0.1458,0.1512,0.1386,0.1141,0.069,0.0,0.0,0.0,7s9v-assembly1,0.9279,heteromultimer,7s9v-assembly1,0.9279,heteromultimer,6w6x-assembly4,0.608,0,0,0.0,0.0,0,0,0.0,0.0,0.0,495.5580000000016,581.7879999999998,1077.3459999999964,0.4599803591418201,0.5400196408581845,290.74000000000524,492.3199999999997,802.429999999993,0.3623244395149829,0.6135363832359259,650.6200000000026,662.359999999997,1273.550000000003,0.5108711868399365,0.5200895135644422,0.903829,0.88672,0.92874
9f9r_A-9gly_A,hard_negative,0,0.0,0.0,0.0,0.1774166524410247,0.147823616862297,0.1609330147504806,0.6151973547728551,0.6021854395819068,0.6077380570338858,0.2649727929073908,0.238695981406219,0.2502940232071616,0.5904,0.5904,0.59,0.5864,0.577,0.5127,0.326,0.1692,0.1773,0.0842,0.3129,0.3129,0.3132,0.3184,0.3541,0.3922,0.2794,0.1571,0.1702,0.0842,9gly-assembly1,0.996,monomer,2xyb-assembly1,0.9874,homomultimer,2xyb-assembly1,0.9874,0,0,0.0,0.0,0,0,0.0,0.0,0.0,1227.085999999999,885.9140000000003,2112.994000000001,0.58073331017504,0.4192695293976223,729.4199999999983,441.7600000000021,1171.1500000000017,0.6228237202749412,0.3772018955727289,1712.880000000001,1421.1900000000005,3134.0800000000017,0.5465335919950991,0.4534632172758831,0.688464,0.60047,0.80056
9f9r_A-9fo1_A,hard_negative,0,0.0,0.0,0.0,0.1815712600946426,0.1378412544727325,0.1601675719022751,0.5945845196895028,0.5710684677206751,0.5817881104135145,0.2594707016198491,0.2252261771602838,0.2444916796045229,0.4162,0.4162,0.4145,0.4014,0.3703,0.4317,0.386,0.4341,0.6098,0.6667,0.1561,0.1561,0.1556,0.1527,0.1541,0.2537,0.3272,0.4231,0.5854,0.6667,9fo1-assembly1,0.9746,monomer,5zvv-assembly1,0.9104,homomultimer,5zvv-assembly1,0.9104,0,0,0.0,0.0,0,0,0.0,0.0,0.0,1321.484000000001,1128.1419999999994,2449.626000000001,0.539463575255978,0.4605364247440217,721.6200000000026,555.3499999999985,1423.239999999998,0.507026221859984,0.3902012309940694,2247.150000000001,1978.5199999999984,4225.669999999998,0.5317854920048187,0.4682145079951817,0.585476,0.53676,0.72413
9fnd_A-9fnd_B,heterodimer,1,0.697789,0.733698,0.707821,0.7919417023658752,0.7385824918746948,0.7667714357376099,0.7734029140038648,0.7193701967097381,0.7474204231493854,0.7882339446934733,0.7347400328417035,0.7629012332199651,0.9594,0.9594,0.9612,0.983,0.9545,1.0,1.0,1.0,1.0,0.0,0.134,0.134,0.1304,0.0904,0.5,0.4444,0.0,0.0,0.0,0.0,9fne-assembly1,0.8813,heteromultimer,9fne-assembly1,0.8813,heteromultimer,8tp8-assembly2,0.53,270,405,327.0,318.0,340,247,97.0,0.99811345,1453.71,6806.69,3400.916,10207.606,0.6668253065410243,0.3331746934589755,6710.480000000001,3350.7599999999984,10061.41,0.6669522462557437,0.3330308575040673,6923.689999999999,3473.1800000000003,10311.789999999994,0.6714343484496875,0.3368164014201222,0.986994,0.97246,0.99678
9frq_A-9cic_A,hard_negative,0,0.0,0.012405,0.007364,0.2395572215318679,0.1646623611450195,0.2048695176839828,0.5669273811414388,0.4980117430972527,0.5404684070078946,0.2963179067822877,0.2425725825490218,0.2719892955487651,0.7811,0.7811,0.7813,0.7749,0.79,0.7484,0.5714,0.3684,0.5,0.0,0.104,0.104,0.1045,0.1054,0.0997,0.1529,0.1714,0.3684,0.5,0.0,1smg-assembly1,0.8273,monomer,3ucw-assembly1,0.8143,homomultimer,3ucw-assembly1,0.8143,4,76,24.0,18.0,32,26,73.0,9.726955,250.33,829.1139999999999,389.80200000000025,1218.9160000000004,0.6802060191186264,0.3197939808813734,758.1100000000006,252.27000000000044,1092.3899999999994,0.693992072428346,0.2309340070853821,915.1999999999988,528.1599999999999,1419.4700000000012,0.6447476875171706,0.3720825378486332,0.717994,0.62938,0.88442
9fw7_A-9jm8_A,hard_negative,0,0.0,0.0,0.0,0.1276465505361557,0.1009390652179718,0.1086526229977607,0.6778567208103211,0.2946045365416079,0.4354890710255096,0.2376885845909888,0.1402983301179224,0.1740199126033105,0.7985,0.7985,0.8106,0.8053,0.74,0.7857,1.0,1.0,1.0,1.0,0.4584,0.4584,0.4847,0.354,0.16,0.2143,0.6667,0.0,0.0,0.0,9jm8-assembly1,0.9054,heteromultimer,9jm8-assembly1,0.9054,heteromultimer,9k7w-assembly1,0.6056,0,0,0.0,0.0,0,0,0.0,0.0,0.0,553.7460000000001,351.55,905.2919999999998,0.611676674487348,0.3883277439765292,478.58000000000175,216.83,695.4000000000015,0.6882082254817382,0.3118061547310892,640.7999999999993,473.0100000000002,1088.8499999999983,0.5885108141617303,0.4344124535059933,0.448685,0.33038,0.7487
9fo1_A-8znu_A,hard_negative,0,0.0,0.071249,0.01425,0.476175308227539,0.1793540120124817,0.2617089480161667,0.7906915541903946,0.6808144021142579,0.7112142870239853,0.5390785574201102,0.2796460900328369,0.3516100158177304,0.4417,0.4417,0.4417,0.4393,0.419,0.55,0.5885,0.5639,0.7755,1.0,0.2026,0.2026,0.2026,0.1998,0.1735,0.2326,0.2394,0.3568,0.4694,0.3333,7nw3-assembly1,0.9185,heteromultimer,7nw3-assembly1,0.9185,heteromultimer,6ust-assembly2,0.9001,28,28,6.0,0.0,14,17,78.0,9.006562,252.09,1085.702,679.366,1765.070000000001,0.615104216829927,0.3848946500705352,848.2399999999998,625.2299999999996,1497.0600000000013,0.5666038769321197,0.417638571600336,1434.0999999999983,770.3000000000011,2204.400000000005,0.6505625113409523,0.3494374886590452,0.714065,0.67251,0.79969
9fw7_A-8akp_A,hard_negative,0,0.0,0.0,0.0,0.219211921095848,0.1276779174804687,0.1530001759529113,0.651696413285959,0.6106720878180857,0.6203354901009586,0.3057088195338703,0.2245429201186268,0.2464672387825208,0.6964,0.6964,0.6943,0.6481,0.615,0.6261,0.3418,0.0476,0.0,0.0,0.4694,0.4694,0.4779,0.5185,0.5349,0.538,0.3418,0.0476,0.0,0.0,8akp-assembly1,0.9895,monomer,1aq0-assembly1,0.7399,homomultimer,1aq0-assembly1,0.7399,0,0,0.0,0.0,0,0,0.0,0.0,0.0,673.1220000000009,697.3239999999998,1370.44,0.4911721782785097,0.5088321998774115,547.1100000000006,513.1000000000004,1060.2099999999991,0.5160392752379256,0.4839607247620762,969.9000000000016,866.4699999999993,1836.3499999999983,0.5281672883709545,0.4718436027990307,0.6942609999999999,0.60768,0.85413
9fun_A-9fun_B,heterodimer,1,0.92416,0.928374,0.9266,0.9521874189376832,0.950189769268036,0.9511358618736268,0.9515096420653985,0.9487987052492476,0.9501800337583436,0.9520205322470624,0.9501783264184116,0.9509446962505702,0.7484,0.7484,0.745,0.7822,0.9372,1.0,1.0,1.0,1.0,1.0,0.5966,0.5966,0.605,0.7073,0.9205,0.9752,0.9752,0.9752,0.9752,0.625,9fn0-assembly2,0.9883,heteromultimer,9fn0-assembly2,0.9883,heteromultimer,9br7-assembly2,0.9347,439,533,487.0,482.0,493,311,99.0,0.81613076,2460.54,8783.988000000001,4079.19,12863.176,0.6828786296634672,0.3171215258191289,8642.150000000001,3954.35,12596.489999999998,0.6860760418179987,0.3139247520539452,8879.989999999998,4146.9,13023.890000000009,0.6818231726465743,0.3184071732792581,0.996543,0.99458,0.99907
9fwa_A-9vla_A,hard_negative,0,0.0,0.383982,0.076796,0.5757354497909546,0.245317056775093,0.337524002790451,0.7594136206985451,0.7371099440389296,0.7472700069295648,0.6124710839724727,0.3436756342278604,0.4194732036182738,0.7568,0.7568,0.7592,0.7056,0.6667,1.0,1.0,1.0,1.0,1.0,0.2276,0.2276,0.2265,0.1963,0.0,0.0,0.0,0.0,0.0,0.0,9vla-assembly1,0.9658,heteromultimer,9vla-assembly1,0.9658,heteromultimer,9vkn-assembly1,0.3703,51,51,10.0,0.0,51,41,78.0,3.5017672,443.41,1304.2719999999997,1324.1520000000005,2628.420000000002,0.4962190213131838,0.5037825005136164,634.8300000000017,807.1599999999999,1441.9900000000016,0.4402457714685962,0.5597542285314038,2114.23,1952.2400000000016,4066.480000000003,0.5199164879699391,0.4800810529007889,0.7773289999999999,0.74444,0.83168
9fqk_A-9fqk_B,heterodimer,1,0.91337,0.923491,0.919401,0.9362696409225464,0.9274693131446838,0.9336987972259522,0.949427677529761,0.942853266942944,0.9473924552814884,0.9389012482439894,0.930546103904336,0.9364375288370594,0.586,0.586,0.586,0.5796,0.5453,0.6489,0.8165,0.9609,0.9815,1.0,0.316,0.316,0.316,0.3134,0.26,0.1097,0.0413,0.0168,0.0,0.0,9fq7-assembly1,0.9525,heteromultimer,9fq7-assembly1,0.9525,heteromultimer,5kxj-assembly3,0.7642,160,200,182.0,175.0,187,135,98.0,1.0190201,1612.37,3121.8360000000007,2375.766,5497.603999999998,0.567853923272757,0.4321457129323975,2850.7100000000028,2178.489999999998,5029.200000000001,0.5668317028553254,0.4331682971446746,3238.540000000001,2508.959999999999,5708.919999999995,0.5672771732656972,0.4394806723513381,0.996389,0.99153,0.99986
9g8u_A-9g8u_B,heterodimer,1,0.803445,0.831083,0.814239,0.8738653063774109,0.8641143441200256,0.8697495102882385,0.8876526324264535,0.8660308725199068,0.8792111512103314,0.8746566287255984,0.8644976498000019,0.8716418384726572,0.3815,0.3815,0.3806,0.3663,0.3629,0.362,0.2909,0.1471,0.0938,0.0,0.3174,0.3174,0.3165,0.3253,0.3243,0.3226,0.2694,0.0,0.0,0.0,3w9u-assembly1,0.8661,monomer,2es4-assembly2,0.8535,heteromultimer,3v48-assembly1,0.6343,174,232,203.0,194.0,194,146,98.0,0.96096885,1474.91,4033.18,2806.546,6839.728000000001,0.5896696476818961,0.410330059908815,3946.49,2633.010000000002,6641.059999999998,0.5942560374398065,0.3964743580091134,4161.549999999997,2928.899999999998,6994.920000000002,0.5949388985149218,0.4187181554613916,0.97752,0.96868,0.99103
9gvh_B-8j3q_A,hard_negative,0,0.0,0.012757,0.002551,0.1286398768424987,0.1092572957277298,0.1175370559096336,0.4967588288686139,0.4196022654238959,0.4533351176378615,0.1905916357663813,0.171326289666963,0.1846966682552792,0.9324,0.9324,0.9388,0.9385,0.8235,0.5,0.5714,0.3333,0.0,0.0,0.25,0.25,0.2517,0.1769,0.3529,0.0,0.0,0.0,0.0,0.0,6s3f-assembly1,0.7957,heteromultimer,6s3f-assembly1,0.7957,heteromultimer,2m0m-assembly1,0.4673,6,63,14.0,6.0,21,18,64.0,9.1393585,118.92,601.0080000000005,685.9779999999998,1286.9819999999993,0.4669902143153523,0.5330128937312256,391.15000000000055,518.0600000000004,942.6899999999988,0.4149296163107714,0.5495549968706586,988.4400000000004,898.0000000000005,1844.539999999999,0.5358734427011618,0.4868422479317341,0.608074,0.54369,0.71974
9gvh_B-9dm3_A,hard_negative,0,0.0,0.022938,0.006756,0.3248239159584045,0.1296980381011963,0.1831722646951675,0.5802354941917078,0.4950699777179701,0.5327752054919987,0.3759062316050652,0.2087030543530601,0.2530928528545337,0.5219,0.5219,0.5219,0.5062,0.4429,0.3155,0.2361,0.1485,0.0,0.0,0.2112,0.2112,0.2112,0.2058,0.181,0.1548,0.1597,0.1287,0.0,0.0,9dm3-assembly1,0.793,monomer,6s3f-assembly1,0.7825,heteromultimer,6w6x-assembly4,0.7301,10,106,23.0,2.0,62,53,69.0,6.5984616,172.88,1633.822,874.278,2508.098,0.6514187244677043,0.3485820729493026,867.0599999999995,490.4399999999996,1357.5,0.6387182320441985,0.3612817679558008,2117.36,1105.750000000001,3223.1100000000006,0.6569307283958659,0.3430692716041341,0.6699330000000001,0.5933,0.78623
9g87_A-9g87_B,heterodimer,1,0.88662,0.890591,0.889108,0.9234400391578674,0.9191895723342896,0.9218764901161194,0.938300266546546,0.9337537626289478,0.9360715566164416,0.9264120846356032,0.9221024103932212,0.924715503416184,0.8274,0.8274,0.8271,0.8568,1.0,1.0,1.0,1.0,1.0,1.0,0.6081,0.6081,0.609,0.6551,0.1071,0.1071,0.1071,0.1071,0.0,0.0,9gai-assembly2,0.9861,heteromultimer,9gai-assembly2,0.9861,heteromultimer,7yyl-assembly3,0.7493,143,177,159.0,155.0,164,116,98.0,1.0032651,1709.98,2494.702,2097.846,4592.550000000003,0.5432062797356585,0.4567932847764311,2478.470000000001,2030.51,4522.100000000006,0.5480794321222436,0.4490192609628264,2524.970000000001,2192.000000000002,4681.140000000007,0.5393921138867878,0.4682620045544458,0.999191,0.99868,0.99943
9gvh_B-9ukw_A,hard_negative,0,0.0,0.0,0.0,0.1139531433582305,0.0786452442407608,0.1008873105049133,0.56470404896993,0.5356711164667101,0.5499268010641922,0.2041033244805705,0.1700504186859506,0.1906952086167691,0.881,0.881,0.881,0.8636,0.767,0.7679,0.619,0.5,0.5,0.0,0.2495,0.2495,0.2495,0.2775,0.4545,0.5268,0.1429,0.0,0.0,0.0,9ukw-assembly1,0.9005,monomer,6s3f-assembly1,0.8058,heteromultimer,4rjv-assembly2,0.6382,4,4,1.0,0.0,4,5,71.0,13.906168,81.16,553.1980000000005,538.11,1091.3080000000002,0.5069128055507707,0.4930871944492296,337.2300000000005,506.96,844.1899999999987,0.3994716829149847,0.6005283170850174,719.8400000000001,587.4399999999996,1284.8999999999996,0.5602303681220331,0.457187329753288,0.6297729999999999,0.59081,0.68633
9hac_A-9hac_B,heterodimer,1,0.621149,0.666748,0.644103,0.7757534384727478,0.7515522837638855,0.7649783015251159,0.8095173085963827,0.7858718111541972,0.7979959363035816,0.7825062124974749,0.7584161892419479,0.7715818284808093,0.581,0.581,0.581,0.5614,0.4668,0.4539,0.2143,0.0,0.0,0.0,0.3777,0.3777,0.3777,0.3842,0.3158,0.234,0.1429,0.0,0.0,0.0,6czj-assembly1,0.8276,monomer,4bj8-assembly3,0.6286,homomultimer,4bj8-assembly3,0.6286,41,78,55.0,50.0,53,39,95.0,0.89448845,1509.46,1284.4919999999995,578.3259999999998,1862.8220000000013,0.6895409223210799,0.3104569303991467,1216.2200000000005,526.0899999999992,1784.380000000001,0.6815924859054683,0.2948306974971693,1429.8399999999992,657.3799999999992,2087.220000000001,0.6850451797127272,0.3149548202872715,0.928512,0.88332,0.98745
9hac_A-8s6c_A,hard_negative,0,0.0,0.0,0.0,0.3221485316753387,0.1824910342693328,0.2706271231174469,0.8114512422441391,0.7888931368628508,0.8048159282679718,0.4198133105885804,0.3037714547880364,0.3774648841475518,0.5666,0.5666,0.5666,0.5664,0.5574,0.6317,0.659,0.6687,0.1038,0.0,0.2968,0.2968,0.3003,0.3105,0.3053,0.3463,0.3324,0.3433,0.066,0.0,8s6c-assembly1,0.9628,monomer,7oih-assembly4,0.877,homomultimer,7oih-assembly4,0.877,2,2,0.0,0.0,2,3,60.0,13.925694,13.55,1348.2300000000002,994.466,2342.6939999999995,0.5755040991269028,0.424496754591082,949.4599999999992,765.8299999999999,1935.8700000000024,0.490456487264123,0.3955999111510581,1739.590000000002,1141.2099999999991,2880.8,0.6038565676201063,0.3961434323798942,0.880594,0.83832,0.95768
9gbc_A-9gbc_B,heterodimer,1,0.525377,0.784829,0.672155,0.8302897214889526,0.704862117767334,0.7701124548912048,0.8142923267632199,0.7374397373889803,0.7757893397412993,0.8270902425438061,0.7113776416916633,0.7712478318612237,0.6142,0.6142,0.6117,0.6216,0.6073,0.4123,0.3182,0.224,0.0,0.0,0.2228,0.2228,0.2224,0.2238,0.2542,0.0185,0.0136,0.0164,0.0,0.0,9gcy-assembly1,0.9396,monomer,8bmx-assembly1,0.7947,heteromultimer,4aip-assembly1,0.7482,55,264,145.0,97.0,189,139,96.0,1.031609,1162.85,2943.3659999999995,2744.84,5688.206,0.5174506689806944,0.4825493310193056,1745.6300000000049,1928.0300000000025,3718.6900000000014,0.4694206830900138,0.5184702139732006,3838.0499999999993,3404.579999999998,7242.619999999995,0.5299256346460262,0.4700757460697924,0.906433,0.841,0.97114
9h5r_A-9h5r_B,heterodimer,1,0.774521,0.800155,0.786648,0.8723143935203552,0.8565590977668762,0.863528060913086,0.8836386457858191,0.8555414487934438,0.8673621827367111,0.8705487443048132,0.8597839409898813,0.864294885277811,0.8798,0.8798,0.8798,0.8779,0.876,0.876,0.9595,0.9871,1.0,0.0,0.087,0.087,0.087,0.0883,0.0792,0.0792,0.0364,0.0386,0.0,0.0,9buh-assembly1,0.8276,heteromultimer,9buh-assembly1,0.8276,heteromultimer,5hxk-assembly1,0.7764,107,222,152.0,135.0,165,132,95.0,1.1332251,1115.54,3044.2400000000007,1746.65,4790.892,0.6354223806339196,0.3645772019072857,2868.07,1519.5400000000009,4387.620000000003,0.6536732898473427,0.346324431012713,3268.7700000000004,1930.2900000000009,5199.07,0.628722059906868,0.3712760166722127,0.977816,0.96781,0.98866
9i38_A-7ur8_A,hard_negative,0,0.0,0.0,0.0,0.124995619058609,0.0840922445058822,0.1038523316383361,0.4343094593690254,0.3501595339304574,0.3806005305808672,0.1783899433017903,0.1373057023907973,0.1592019714268424,0.82,0.82,0.8198,0.7879,0.8019,0.8305,0.7333,0.75,0.0,0.0,0.2395,0.2395,0.2398,0.2815,0.1917,0.6102,0.7333,0.75,0.0,0.0,2gsc-assembly1,0.7972,homomultimer,2gsc-assembly1,0.7972,homomultimer,2gsc-assembly1,0.7972,10,10,2.0,0.0,6,7,63.0,13.767121,138.39,658.7719999999999,610.0679999999999,1268.8359999999998,0.5191939699062763,0.4808091825893968,469.04,473.47000000000025,942.5100000000002,0.4976498923088348,0.5023501076911653,860.7299999999996,804.3299999999999,1665.0599999999995,0.5169363266188605,0.4830636733811395,0.560504,0.40822,0.75176
9i38_A-9d01_A,hard_negative,0,0.0,0.0,0.0,0.1783664226531982,0.1048886626958847,0.1442222863435745,0.6690963787804389,0.5920443935582302,0.638369437315481,0.2765124138786464,0.211064584171928,0.2430517165379558,0.744,0.744,0.7429,0.7492,0.6774,0.5158,0.2885,0.0,0.0,0.0,0.2691,0.2691,0.2703,0.2779,0.2204,0.2632,0.2308,0.0,0.0,0.0,9d01-assembly1,0.9843,monomer,8tnb-assembly1,0.6706,homomultimer,8tnb-assembly1,0.6706,0,0,0.0,0.0,0,0,0.0,0.0,0.0,444.1120000000007,339.4359999999997,783.5420000000013,0.5903484938867306,0.4096991048099254,0.0,-0.0100000000002182,-0.0099999999983992,0.4499230192254501,0.2269129287598842,1329.7399999999998,978.1999999999988,2307.9300000000003,0.7732336558194213,0.5501164580948231,0.797372,0.76352,0.83608
9j9w_A-9j9w_B,heterodimer,1,0.741872,0.86237,0.820058,0.9186811447143556,0.8573318719863892,0.897711205482483,0.9153747778497732,0.8874915689896443,0.9048321973647652,0.9180198713414393,0.8633638113870403,0.8991354038589394,0.5101,0.5101,0.5,0.5304,0.7561,0.0,0.0,0.0,0.0,0.0,0.2407,0.2407,0.244,0.2652,0.5244,0.0,0.0,0.0,0.0,0.0,2jd8-assembly1,0.4626,homomultimer,2jd8-assembly1,0.4626,homomultimer,2jd8-assembly1,0.4626,51,80,67.0,59.0,68,58,98.0,1.1712804,950.71,1286.8180000000004,1221.6560000000004,2508.474,0.5129883746054377,0.4870116253945628,1250.2299999999996,1205.88,2462.9199999999983,0.5076210351939976,0.4896139541682234,1324.1100000000006,1245.0700000000006,2569.1699999999964,0.5153843459171649,0.4846195463904694,0.995761,0.99297,0.99817
9jdd_A-9jdd_B,heterodimer,1,0.0,0.011889,0.006821,0.175517588853836,0.1495104730129242,0.1662121295928955,0.5721534851061267,0.5539749879023043,0.5634458007878956,0.2548447681042942,0.2304033759908002,0.2456588638318955,0.314,0.314,0.3092,0.2365,0.1846,0.2143,0.0,0.0,0.0,0.0,0.1433,0.1433,0.1425,0.1117,0.0788,0.0893,0.0,0.0,0.0,0.0,5jk2-assembly8,0.563,monomer,5jk2-assembly11,0.563,homomultimer,5jk2-assembly11,0.563,2,19,4.0,0.0,16,16,76.0,11.725754,240.8,1429.282,1374.5280000000002,2803.802000000001,0.509765668189123,0.4902371850794028,1196.0400000000009,1071.7299999999996,2442.900000000001,0.4895984280977527,0.4387121863359118,1775.16,1869.76,3644.910000000004,0.4870243709721222,0.5129783725798438,0.6958730000000001,0.64147,0.83098
9jm7_A-9jm7_B,heterodimer,1,0.013317,0.635523,0.375568,0.8079999685287476,0.187626764178276,0.5789742559194565,0.8270429965050073,0.5084360082403672,0.7116134487435695,0.8118085741239995,0.2517886129906943,0.6055020944842792,0.6312,0.6312,0.6312,0.6271,0.7278,0.8361,1.0,0.0,0.0,0.0,0.1208,0.1208,0.1208,0.1123,0.074,0.082,0.2857,0.0,0.0,0.0,9k7t-assembly2,0.6963,homomultimer,9k7t-assembly2,0.6963,homomultimer,9k7t-assembly2,0.6963,1,96,37.0,24.0,44,37,93.0,1.5562516,567.76,1230.194,531.9459999999999,1762.136,0.6981265918181117,0.30187567815424,1136.0699999999997,460.5500000000002,1647.7600000000002,0.6894632713501964,0.2795006554352576,1422.84,652.1400000000003,2074.97,0.6857159380617553,0.3142888812850309,0.6914110000000001,0.55014,0.9817
9jdi_A-9jdi_B,heterodimer,1,0.0,0.049813,0.009963,0.4895006716251373,0.1315157860517501,0.2256003528833389,0.7486607513881254,0.5964787698264852,0.6423885717924478,0.541332687577735,0.2245083828066972,0.3089579966651607,0.8246,0.8246,0.8314,0.9241,0.0,0.0,0.0,0.0,0.0,0.0,0.1343,0.1343,0.1226,0.019,0.0,0.0,0.0,0.0,0.0,0.0,8w5o-assembly1,0.3749,heteromultimer,8w5o-assembly1,0.3749,heteromultimer,8j2f-assembly1,0.3373,45,45,9.0,0.0,45,39,75.0,8.048991,131.26,1999.3320000000008,1491.5459999999996,3490.876,0.5727307415101541,0.4272698314119434,1672.5800000000015,1256.3199999999997,2928.899999999998,0.5710608078118075,0.4289391921881937,2446.8899999999994,1651.2299999999996,4092.43,0.5979063783619999,0.4034839936174838,0.718168,0.64778,0.86446
9gvh_B-7zb1_A,hard_negative,0,0.012823,0.014951,0.013889,0.455070436000824,0.4276398718357086,0.4416023194789886,0.86088825194251,0.820905244921931,0.8466451997842699,0.5362339991891611,0.5122712563866124,0.5226108955400449,0.7035,0.7035,0.7056,0.7025,0.669,0.6926,0.683,0.656,0.3392,0.3401,0.4418,0.4418,0.4431,0.4433,0.4793,0.4934,0.4683,0.445,0.0058,0.0068,7zaz-assembly1,0.9807,monomer,7zb1-assembly2,0.9799,heteromultimer,5o3x-assembly1,0.9238,12,26,8.0,0.0,20,19,66.0,10.478909,206.4,3299.595999999999,2986.056,6285.654,0.5249407619318529,0.475058919883277,3126.870000000001,2798.84,5932.930000000004,0.5270363884286514,0.4717466749144181,3472.1000000000004,3135.909999999998,6584.0300000000025,0.5273517891018114,0.4762903571217016,0.938739,0.88936,0.98193
9jm7_B-8k7z_A,hard_negative,0,0.0,0.0,0.0,0.1483412533998489,0.0713229104876518,0.1153764620423316,0.633976596237958,0.3029313015711687,0.4447742136635381,0.2417541417235645,0.1176445887043552,0.181256012366573,0.7618,0.7618,0.7618,0.7757,0.8125,0.8125,0.9,0.5,0.0,0.0,0.4268,0.4268,0.4268,0.405,0.25,0.125,0.4,0.5,0.0,0.0,8k7z-assembly1,0.9217,monomer,9k7t-assembly2,0.7016,homomultimer,9k7t-assembly2,0.7016,0,0,0.0,0.0,0,0,0.0,0.0,0.0,507.186,206.4480000000001,713.634,0.7107088507554293,0.2892911492445709,59.58000000000175,60.89999999999964,120.47999999999956,0.4945219123506139,0.5054780876494012,772.0099999999993,309.40999999999985,1081.42,0.7138854469123923,0.2861145530876068,0.5942689999999999,0.33029,0.96649
9jm7_B-9rb0_A,hard_negative,0,0.0,0.0,0.0,0.105569951236248,0.0962149873375892,0.1011846050620079,0.6419872105609039,0.5644796467400734,0.6008316047779599,0.2058049698486109,0.1943778475261452,0.2011140050051983,0.7478,0.7478,0.7464,0.7354,0.7692,0.7234,0.5,0.0,0.0,0.0,0.1652,0.1652,0.1603,0.2116,0.1678,0.1383,0.1364,0.0,0.0,0.0,4yxx-assembly1,0.9663,monomer,9k7t-assembly2,0.6947,homomultimer,9k7t-assembly2,0.6947,0,0,0.0,0.0,0,0,0.0,0.0,0.0,1003.14,494.4600000000002,1497.6000000000004,0.6698317307692306,0.3301682692307693,254.9699999999993,324.5199999999995,579.4899999999998,0.4399903363302204,0.560009663669778,1253.16,605.6799999999994,1848.0300000000009,0.6781058749046278,0.3277435972359752,0.8016819999999999,0.76022,0.89103
9jm8_A-9jm8_B,heterodimer,1,0.012534,0.391636,0.162814,0.7026676535606384,0.1937321722507476,0.4025730907917023,0.7734424265226735,0.5291804571571157,0.6282352815577322,0.7168226081530454,0.2608218292320213,0.4477055289449082,0.8714,0.8714,0.8714,0.8703,0.8855,0.8302,0.75,0.0,0.0,0.0,0.1203,0.1203,0.1203,0.113,0.1057,0.2642,0.375,0.0,0.0,0.0,1ec5-assembly2,0.6863,homomultimer,1ec5-assembly2,0.6863,homomultimer,1ec5-assembly2,0.6863,1,75,29.0,14.0,47,40,92.0,2.3118973,968.97,999.7499999999998,516.492,1516.2420000000002,0.6593604451004521,0.3406395548995476,706.7200000000003,487.84000000000015,1194.5699999999997,0.5916103702587545,0.4083812585281735,1199.0500000000002,549.6700000000001,1735.2399999999998,0.6909995159171067,0.3167688619441692,0.741113,0.57354,0.99314
9jm8_A-8gjg_A,hard_negative,0,0.0,0.110816,0.044216,0.5243955850601196,0.1728874146938324,0.3191555440425873,0.7763423149173401,0.6160855380697992,0.7081235839315677,0.5747849310315638,0.2615270393690257,0.3969491520203834,0.8421,0.8421,0.8421,0.843,0.8646,0.925,0.8182,1.0,1.0,1.0,0.4818,0.4818,0.4818,0.4876,0.5208,0.6333,0.3636,0.0,0.0,0.0,8gjg-assembly1,0.9541,heteromultimer,8gjg-assembly1,0.9541,heteromultimer,8e0m-assembly3,0.6824,47,85,26.0,1.0,44,43,85.0,6.110898,283.67,1391.576,784.0200000000001,2175.5960000000005,0.6396297842062587,0.360370215793741,966.8099999999996,678.6399999999994,1749.039999999999,0.5527660888258702,0.3880071353428165,1962.79,893.9700000000012,2725.2700000000004,0.7202185471531259,0.3280298832776205,0.7697879999999999,0.68111,0.98835
9jm7_A-8uvv_A,hard_negative,0,0.0,0.013226,0.002645,0.402820885181427,0.1456604748964309,0.2345192402601242,0.8710896910267003,0.8267821427383442,0.8438952048249293,0.4964746463504816,0.2818848084648136,0.3563944331730852,0.4049,0.4049,0.4,0.2094,0.1523,0.1417,0.1209,0.0602,0.2368,0.0,0.144,0.144,0.1425,0.1516,0.1289,0.1296,0.1209,0.0602,0.2368,0.0,8uvv-assembly1,0.9931,monomer,7a5x-assembly1,0.8913,homomultimer,7a5x-assembly1,0.8913,44,44,9.0,0.0,44,43,79.0,10.572826,192.99,838.9979999999999,693.2720000000005,1532.2660000000003,0.5475537537216122,0.452448856791184,659.9300000000003,529.7600000000002,1241.9900000000016,0.5313488836464058,0.4265412764998104,1043.210000000001,889.5799999999999,1888.610000000004,0.5523692027469931,0.471023662905522,0.876352,0.84389,0.91802
9jm8_B-9jm7_A,hard_negative,0,0.014514,0.166329,0.047334,0.5224616527557373,0.153542935848236,0.3239951014518737,0.6801105644600292,0.4862420630959196,0.5854071329648092,0.5539914350965958,0.2200827612977728,0.3762775077544608,0.8131,0.8131,0.8131,0.8042,0.858,0.7692,0.9062,1.0,1.0,1.0,0.2374,0.2374,0.2374,0.2116,0.1975,0.2308,0.1875,0.4,0.4,0.0,9jm7-assembly1,0.9205,heteromultimer,9jm7-assembly1,0.9205,heteromultimer,9jm4-assembly2,0.897,1,84,23.0,18.0,34,32,87.0,4.4868803,448.07,953.204,340.254,1293.4579999999994,0.7369423668955625,0.263057633104438,748.8099999999995,221.2000000000008,970.0200000000004,0.7719531556050382,0.2280365353291691,1170.5100000000002,408.9399999999996,1551.5899999999983,0.7543938798265015,0.2635618945726642,0.6280939999999999,0.52776,0.95297
9jm8_A-9hac_B,hard_negative,0,0.0,0.011973,0.004665,0.228957399725914,0.1260512322187423,0.1771428644657135,0.6246325112262299,0.385643006226313,0.544402666523157,0.292849595087348,0.1856739284318471,0.2505948248772022,0.5791,0.5791,0.5778,0.566,0.5385,0.9355,1.0,1.0,1.0,0.0,0.2753,0.2753,0.2762,0.2674,0.2834,0.0645,0.0,0.0,0.0,0.0,9hac-assembly1,0.8848,heteromultimer,9hac-assembly1,0.8848,heteromultimer,9k7w-assembly1,0.5983,5,42,13.0,0.0,22,22,66.0,9.913796,95.38,944.5040000000004,465.5420000000002,1410.0520000000008,0.6698362897254853,0.3301594551122936,710.0300000000016,343.0500000000002,1053.09,0.6742348707138055,0.325755633421645,1102.6100000000006,569.3699999999999,1671.9800000000014,0.6594636299477264,0.340536370052273,0.7600640000000001,0.58277,0.94698
9jm8_B-9jm7_B,hard_negative,0,0.011534,0.014385,0.013416,0.2450449168682098,0.1544766277074813,0.1907916367053985,0.5720804023941451,0.5143627581276696,0.5397027914596113,0.3104520139733969,0.226453853791519,0.2605738676562411,0.8459,0.8459,0.8459,0.8388,0.8601,0.8318,0.8947,0.8571,1.0,1.0,0.2961,0.2961,0.2961,0.2796,0.2469,0.2991,0.2368,0.4286,0.0,0.0,9jm7-assembly3,0.973,heteromultimer,9jm7-assembly3,0.973,heteromultimer,9k7t-assembly1,0.7183,3,86,23.0,13.0,35,29,75.0,7.209518,271.92,1150.304,521.5159999999998,1671.8219999999994,0.6880541110237816,0.3119446926766127,748.6599999999999,385.1400000000003,1133.7999999999993,0.6603104603986597,0.3396895396013411,1332.0400000000004,588.4499999999998,1857.63,0.7170642162325115,0.3167745998934124,0.652727,0.59186,0.95455
9jm8_B-9lni_A,hard_negative,0,0.0,0.0,0.0,0.1079530715942382,0.0850597918033599,0.0954431280493736,0.6781512585713763,0.5885411553650364,0.6392479012296036,0.2139169236103407,0.1857560645156952,0.2042040826854196,0.8254,0.8254,0.8257,0.8284,0.8733,0.8148,0.8095,0.0,0.0,0.0,0.2698,0.2698,0.2654,0.2079,0.24,0.2593,0.1429,0.0,0.0,0.0,9lni-assembly1,0.9373,monomer,1ec5-assembly2,0.6911,homomultimer,1ec5-assembly2,0.6911,0,0,0.0,0.0,0,0,0.0,0.0,0.0,583.4540000000001,370.216,953.6740000000004,0.6117960644832509,0.3881997412113571,390.6599999999999,242.6599999999989,633.3200000000015,0.6168445651487383,0.3831554348512574,814.5900000000001,493.0200000000005,1284.8899999999994,0.6339764493458588,0.3837059981788329,0.7727399999999999,0.75313,0.84817
9jm8_A-8agy_A,hard_negative,0,0.0,0.165788,0.033158,0.5750741958618164,0.1486108303070068,0.2932718098163605,0.8246560796333882,0.7632320086528859,0.7846943270515896,0.6249905726161308,0.2715350659761826,0.3915563132634063,0.2497,0.2497,0.2489,0.244,0.244,0.4101,0.3426,0.5,0.3333,0.3333,0.1286,0.1286,0.1288,0.1236,0.1238,0.2518,0.287,0.25,0.0,0.0,8agy-assembly1,0.9405,heteromultimer,8agy-assembly1,0.9405,heteromultimer,3csv-assembly1,0.7261,2,46,10.0,0.0,38,31,88.0,6.5852976,285.75,892.25,775.7540000000001,1668.0039999999997,0.534920779566476,0.4650792204335244,789.6599999999999,453.2800000000007,1242.9399999999987,0.6353162662719043,0.3646837337280972,1011.7399999999998,1159.9699999999991,2171.709999999999,0.4658725152069107,0.5341274847930892,0.8529030000000001,0.80964,0.94873
9jm8_B-9tpf_A,hard_negative,0,0.0,0.0,0.0,0.1561624705791473,0.118284985423088,0.134012958407402,0.7664038101841297,0.754476559885049,0.7586938752748896,0.2782107385001438,0.2461429128331509,0.2589491417808995,0.6172,0.6172,0.6182,0.4944,0.4851,0.3967,0.3632,0.3607,0.3718,0.4405,0.0943,0.0943,0.0951,0.0883,0.0775,0.057,0.0435,0.0398,0.0432,0.0238,9tpe-assembly1,0.9884,heteromultimer,9tpe-assembly1,0.9884,heteromultimer,1ifu-assembly1,0.9086,0,0,0.0,0.0,0,0,0.0,0.0,0.0,1037.6260000000009,752.3460000000001,1789.9720000000002,0.5796883973604059,0.4203116026395944,845.6500000000005,624.0200000000004,1469.67,0.5754012805595817,0.4245987194404189,1163.710000000001,835.4700000000003,1898.3700000000008,0.6130048409951698,0.4400986109135731,0.8345999999999998,0.81042,0.9042
9jwa_A-9jwa_B,heterodimer,1,0.0,0.015826,0.010714,0.2518508434295654,0.2149972468614578,0.2334844052791595,0.7024898410501158,0.6830285468044881,0.6924957675907735,0.3403038734592095,0.3086035068500639,0.3252866777414823,0.6714,0.6714,0.6659,0.8798,0.9205,0.9205,0.85,0.5556,0.4,0.5,0.2364,0.2364,0.2404,0.2022,0.1523,0.1523,0.0875,0.5556,0.4,0.5,7cr9-assembly1,0.9448,homomultimer,7cr9-assembly1,0.9448,homomultimer,7cr9-assembly1,0.9448,4,74,18.0,1.0,33,26,66.0,9.293982,162.37,1582.1480000000004,803.7279999999998,2385.878000000001,0.6631303025552856,0.3368688591788848,1345.6200000000008,679.3699999999999,2143.4400000000005,0.6277852424140636,0.3169531220841263,1830.32,1000.1099999999996,2830.430000000002,0.6466579283006463,0.3533420716993527,0.8018930000000001,0.74958,0.88852
9jm8_A-8s6c_A,hard_negative,0,0.0,0.0,0.0,0.2045066356658935,0.1577179729938507,0.1766451269388199,0.8401271420612512,0.8311645577509955,0.8349975892446636,0.3316307369449651,0.2929284290390647,0.3083156193999886,0.675,0.675,0.6805,0.7432,0.7442,0.7294,0.693,0.6892,0.1038,0.0,0.2696,0.2696,0.2726,0.2815,0.2788,0.3103,0.3495,0.3538,0.066,0.0,8s6c-assembly1,0.9618,monomer,7oih-assembly4,0.8775,homomultimer,7oih-assembly4,0.8775,0,0,0.0,0.0,0,0,0.0,0.0,0.0,832.9779999999998,630.3340000000001,1463.3119999999994,0.5692415561411375,0.4307584438588628,738.9500000000007,498.4500000000007,1342.0400000000009,0.5506169711782065,0.3714121784745614,935.4000000000016,723.0200000000004,1624.3600000000006,0.5758575685192945,0.445110689748578,0.900525,0.86087,0.97189
9k3e_A-9k3e_B,heterodimer,1,0.012737,0.785324,0.314173,0.880375862121582,0.200560986995697,0.5156478106975555,0.8384534092730782,0.509972701464603,0.656042169652982,0.8719913715518813,0.2624433298894782,0.5437266824886409,0.8,0.8,0.7984,0.7544,0.6786,1.0,0.0,0.0,0.0,0.0,0.435,0.435,0.4377,0.307,0.3571,0.6667,0.0,0.0,0.0,0.0,6u08-assembly3,0.541,heteromultimer,6u08-assembly3,0.541,heteromultimer,7o4f-assembly1,0.5311,27,102,36.0,3.0,61,50,98.0,0.9769904,1812.2,1446.4180000000003,1012.238,2458.656,0.5882962073588174,0.4117037926411828,1117.6400000000012,809.159999999999,1926.7999999999968,0.5800498235416248,0.4199501764583765,1683.6899999999996,1192.7300000000014,2781.5999999999985,0.6052955133735981,0.4287927811331615,0.6403810000000001,0.51647,0.86305
9k1n_A-9k1n_B,heterodimer,1,0.0,0.524338,0.292876,0.7170401811599731,0.1672360301017761,0.5462093353271484,0.8445578988613187,0.5970381132162917,0.763714373314957,0.7425437247002423,0.2531964467246792,0.5897103429247103,0.5943,0.5943,0.5928,0.5877,0.5519,0.5225,0.129,0.0936,0.0738,0.1,0.3962,0.3962,0.3977,0.3969,0.4264,0.4509,0.0753,0.0409,0.0164,0.0,9k1m-assembly1,0.96,monomer,1ta3-assembly1,0.9003,heteromultimer,4b15-assembly1,0.8505,40,102,57.0,0.0,79,60,91.0,2.847467,615.33,1139.516,1120.9720000000004,2260.4840000000004,0.5041026611999907,0.4958991083325519,963.7700000000004,1053.41,2173.9600000000028,0.4433246241881172,0.4845581335443147,1248.4300000000003,1210.2000000000007,2418.029999999999,0.5163004594649367,0.5004900683614353,0.811352,0.56582,0.98833
9k9p_A-9k9p_B,heterodimer,1,0.218525,0.762144,0.543121,0.8193305730819702,0.522376298904419,0.7090510368347168,0.789188931764671,0.6536138905992632,0.7408980374989385,0.8129681727054733,0.5571899150016555,0.7154204369675611,0.5779,0.5779,0.5809,0.6667,0.7021,0.6364,0.3793,0.5385,1.0,0.0,0.3141,0.3141,0.3172,0.4189,0.4965,0.4182,0.2069,0.3846,1.0,0.0,1di2-assembly1,0.8397,homomultimer,1di2-assembly1,0.8397,homomultimer,1di2-assembly1,0.8397,6,99,47.0,35.0,47,34,98.0,0.8230174,1837.64,1056.27,621.832,1678.0920000000006,0.6294470148239785,0.3705589443248641,935.16,506.6599999999999,1539.2800000000009,0.6075307936177949,0.3291538901304504,1234.3599999999997,825.4899999999998,2059.84,0.5992504272176478,0.4007544275283516,0.76461,0.66027,0.95513
9kvn_A-8bl3_A,hard_negative,0,0.0,0.0,0.0,0.1737593710422516,0.1183394864201545,0.1396690800786018,0.5374561275122831,0.5078178050176041,0.519047479764111,0.2464987223362579,0.1962351501396445,0.2155447600157037,0.2301,0.2301,0.2283,0.1487,0.2706,0.2029,1.0,0.0,0.0,0.0,0.1437,0.1437,0.1429,0.0997,0.2118,0.1594,1.0,0.0,0.0,0.0,7skp-assembly1,0.6061,homomultimer,7skp-assembly1,0.6061,homomultimer,7skp-assembly1,0.6061,30,30,6.0,0.0,29,23,73.0,11.570323,166.87,465.00000000000034,936.1839999999996,1401.1799999999998,0.3318631439215521,0.6681397108151699,377.15000000000055,592.5,969.6499999999996,0.3889547774970357,0.6110452225029652,520.0500000000011,1271.1399999999994,1789.75,0.2905713088420176,0.7102332728034638,0.616873,0.57166,0.7293
9kvu_A-9ups_A,hard_negative,0,0.0,0.10856,0.026881,0.4459559321403503,0.0778277143836021,0.1980082109570503,0.7287981122276663,0.5714408147490129,0.6240424238360684,0.5025243681578135,0.1765503344566843,0.283215053532854,0.8584,0.8584,0.8584,0.8574,0.8045,0.8441,0.8165,0.7143,0.0,0.0,0.414,0.414,0.414,0.4279,0.0897,0.0645,0.0367,0.0,0.0,0.0,3pdg-assembly1,0.9194,monomer,7wjx-assembly1,0.7634,heteromultimer,3ucr-assembly1,0.6945,3,104,24.0,0.0,57,43,83.0,5.231622,236.61,426.0059999999997,687.1059999999999,1113.112,0.3827162046586504,0.6172837953413491,203.3900000000004,437.1399999999994,640.5299999999988,0.3175339172247993,0.6824660827752022,626.7999999999997,1106.019999999999,1732.8200000000006,0.3617225101279991,0.6382774898719998,0.665729,0.62637,0.70311
9l93_A-9l93_B,heterodimer,1,0.467249,0.596708,0.544501,0.7846615314483643,0.6964721083641052,0.742348027229309,0.732712029648956,0.5231105172979933,0.6322954543195266,0.7734525123725248,0.6654371445073186,0.7203375126473526,0.8077,0.8077,0.8113,0.562,0.6432,0.8571,0.0,0.0,0.0,0.0,0.016,0.016,0.0162,0.031,0.0201,0.0,0.0,0.0,0.0,0.0,2jng-assembly1,0.6207,monomer,6wau-assembly4,0.5312,heteromultimer,9ofx-assembly1,0.4448,22,57,43.0,29.0,48,39,98.0,0.8991364,1945.78,576.7179999999996,749.9440000000002,1326.664,0.4347129340963496,0.5652855583629315,345.6300000000001,458.4100000000008,804.0300000000007,0.4298720197007572,0.5701404176461082,653.6199999999999,845.0600000000004,1498.6800000000003,0.4361304614727625,0.5638695385272374,0.736464,0.49325,0.94428
9kp1_A-9kp1_B,heterodimer,1,0.836443,0.860226,0.846778,0.8864116668701172,0.8774099349975586,0.8815503478050232,0.8771601501212759,0.8692406110922266,0.8726635413660784,0.884561363520349,0.8757760702164923,0.8797729865172343,0.9263,0.9263,0.9256,0.9424,0.9801,0.9796,0.9869,0.9867,1.0,1.0,0.696,0.696,0.6951,0.7805,0.8586,0.8827,0.8871,0.8856,0.8085,0.0,5h9d-assembly2,0.9113,heteromultimer,5h9d-assembly2,0.9113,heteromultimer,9jr6-assembly1,0.8985,115,129,122.0,119.0,123,96,98.0,0.8938317,1718.07,2920.1580000000004,1308.7759999999994,4228.938000000001,0.6905180449559676,0.3094810091800823,2885.3599999999988,1260.8799999999992,4146.25,0.6958962918299665,0.3041012963521252,2976.3600000000006,1378.1899999999987,4354.550000000003,0.6835057583447196,0.3164942416552796,0.989463,0.97862,0.99605
9lm8_A-7kuw_A,hard_negative,0,0.0,0.0,0.0,0.1732022613286972,0.127251535654068,0.1536648303270339,0.627047718566212,0.528988272175193,0.6022244932452341,0.2610337609502656,0.2155028641670942,0.2433767629106739,0.8267,0.8267,0.8267,0.7551,0.5714,1.0,1.0,1.0,0.0,0.0,0.3733,0.3733,0.3733,0.4286,0.2857,1.0,1.0,1.0,0.0,0.0,9k7z-assembly1,0.7699,homomultimer,9k7z-assembly1,0.7699,homomultimer,9k7z-assembly1,0.7699,0,0,0.0,0.0,0,0,0.0,0.0,0.0,766.8779999999995,441.4859999999997,1208.3680000000008,0.6346394475855028,0.3653572421646381,438.4899999999998,237.2299999999996,846.1599999999999,0.5182116857331945,0.2803606882859029,1030.4799999999996,581.1999999999989,1531.5899999999965,0.6728171377457426,0.3794749247514022,0.7340720000000001,0.66568,0.90586
9lm8_A-9fw7_A,hard_negative,0,0.0,0.0,0.0,0.1428632289171219,0.1098720878362655,0.1198225751519203,0.4975983672489312,0.3716657501861935,0.466897937275525,0.2102004267630713,0.1655451484999157,0.1892376475766412,0.7575,0.7575,0.7743,0.7574,0.75,0.5,0.5,0.5,0.0,0.0,0.3326,0.3326,0.3281,0.2647,0.25,0.5,0.5,0.5,0.0,0.0,9fw7-assembly1,0.8985,monomer,9k7z-assembly1,0.77,homomultimer,9k7z-assembly1,0.77,0,0,0.0,0.0,0,0,0.0,0.0,0.0,1154.6339999999989,931.9760000000006,2086.6099999999983,0.553354004821217,0.4466459951787834,373.1099999999988,480.9300000000021,854.0400000000009,0.4368764929043117,0.5631235070956883,2101.609999999997,1752.66,3854.2599999999984,0.545269390233144,0.4547332042986203,0.570997,0.38905,0.74775
9lm8_A-9jm8_B,hard_negative,0,0.0,0.0,0.0,0.2251708954572677,0.1341971158981323,0.1817551851272583,0.6282380738340501,0.5958472018473945,0.6174146154411442,0.3049641318774674,0.2325021411253841,0.2688870711900354,0.8143,0.8143,0.8143,0.79,0.9048,0.9273,0.9722,1.0,1.0,0.0,0.1899,0.1899,0.1899,0.19,0.1905,0.2182,0.1111,0.5,0.0,0.0,9jm8-assembly1,0.8898,heteromultimer,9jm8-assembly1,0.8898,heteromultimer,9k7z-assembly1,0.7734,1,1,0.0,0.0,1,2,51.0,13.942888,3.12,1312.2759999999998,667.1079999999998,1979.380000000001,0.6629732542513308,0.3370287665834753,777.4699999999993,276.1499999999978,1234.4900000000016,0.6297904397767485,0.2236956151933166,1819.369999999999,947.0,2766.3600000000006,0.6576765135412594,0.3423271013172543,0.7053480000000001,0.64764,0.80283
9lm8_A-8tw1_A,hard_negative,0,0.0,0.0,0.0,0.1539927124977111,0.130444124341011,0.139736720919609,0.4768913266536348,0.4420361555320425,0.4589787605260083,0.2140657159775231,0.1957805080155258,0.2035851288408889,0.7643,0.7643,0.7647,0.75,0.3846,0.3333,0.5,1.0,0.0,0.0,0.2102,0.2102,0.2157,0.25,0.1538,0.1667,0.5,1.0,0.0,0.0,9k7z-assembly1,0.7733,homomultimer,9k7z-assembly1,0.7733,homomultimer,9k7z-assembly1,0.7733,0,0,0.0,0.0,0,0,0.0,0.0,0.0,2071.486000000001,1620.628000000001,3692.11,0.5610574982868878,0.4389435851044528,1184.8700000000026,922.5500000000012,2107.41,0.5622399058560046,0.4377648393051191,3721.529999999999,2529.26,6250.779999999999,0.5953704977618792,0.4046311020384657,0.573117,0.4753,0.744
9lgw_A-9lgw_B,heterodimer,1,0.0,0.0,0.0,0.1654765456914901,0.1270773112773895,0.1426202684640884,0.5592900390240514,0.349434296285102,0.4948899315923342,0.2442392443580024,0.1760074814150709,0.2130742010897376,0.6132,0.6132,0.6083,0.5121,0.4708,0.4082,0.7949,0.9219,0.0,0.0,0.2201,0.2201,0.2254,0.1938,0.1625,0.0714,0.0385,0.0,0.0,0.0,8ifl-assembly1,0.771,heteromultimer,8ifl-assembly1,0.771,heteromultimer,5xou-assembly1,0.6058,0,0,0.0,0.0,0,0,0.0,0.0,0.0,2123.744,2050.128,4173.873999999999,0.5088184262390288,0.4911810945898223,1761.6399999999994,1535.2099999999991,3404.929999999993,0.517379211907441,0.4508785790016247,2537.55,2358.8100000000013,4896.360000000001,0.5182523343871772,0.4817476656128228,0.6346409999999999,0.50971,0.75946
9lni_A-9jm8_A,hard_negative,0,0.0,0.0,0.0,0.1332622617483139,0.0983214676380157,0.1104051202535629,0.6909213483300529,0.6388545888367052,0.6630825456325296,0.2447940790646617,0.2102295558217772,0.2209406053293562,0.8536,0.8536,0.8566,0.8534,0.9348,0.9722,1.0,1.0,1.0,1.0,0.2393,0.2393,0.2401,0.1897,0.1413,0.0556,0.0,0.0,0.0,0.0,9jm8-assembly1,0.9116,heteromultimer,9jm8-assembly1,0.9116,heteromultimer,9k7w-assembly1,0.6,0,0,0.0,0.0,0,0,0.0,0.0,0.0,618.1499999999999,526.6700000000001,1144.8220000000008,0.5399529359149278,0.4600453170885952,538.2799999999997,373.6899999999996,911.9700000000012,0.5902387139927838,0.4097612860072142,674.3000000000002,656.3699999999999,1289.0200000000004,0.5231105801306418,0.5092007881956833,0.7892850000000001,0.75236,0.98341
9lni_A-9lp2_A,hard_negative,0,0.0,0.0,0.0,0.1845944225788116,0.1269255876541137,0.1606616109609603,0.561026157852048,0.5226040051877208,0.5411504493036026,0.259676746918928,0.2060823352749153,0.2367593786294888,0.79,0.79,0.7981,0.8042,0.7826,0.8,0.8,1.0,1.0,1.0,0.2947,0.2947,0.2949,0.2625,0.3696,0.0,0.0,0.0,0.0,0.0,9lp2-assembly1,0.9897,heteromultimer,9lp2-assembly1,0.9897,heteromultimer,9cc4-assembly2,0.492,0,0,0.0,0.0,0,0,0.0,0.0,0.0,753.914,565.8600000000002,1319.7699999999998,0.5712465050728537,0.4287565257582763,676.4900000000016,439.4200000000001,1213.3199999999997,0.5575528302508833,0.3621633204760493,838.4799999999996,649.9400000000005,1488.41,0.5633394024495936,0.4366673161292927,0.630723,0.57633,0.80832
9lni_A-9tpf_A,hard_negative,0,0.0,0.0,0.0,0.2286514341831207,0.1190337240695953,0.1584463894367218,0.6053977696868535,0.5533636214693862,0.5699438412134719,0.3040007012838673,0.2059483307851892,0.2407458797920718,0.6366,0.6366,0.6362,0.5104,0.4048,0.361,0.361,0.3658,0.3718,0.4375,0.1286,0.1286,0.1288,0.1024,0.081,0.039,0.039,0.0395,0.0432,0.0273,9tpe-assembly1,0.9884,heteromultimer,9tpe-assembly1,0.9884,heteromultimer,1ifu-assembly1,0.9088,12,12,2.0,0.0,12,11,75.0,12.912085,151.65,1023.7600000000002,996.0660000000004,2019.822,0.5068565447846397,0.4931454355878887,844.4099999999999,742.1400000000012,1586.5399999999972,0.5322336657128098,0.4677726373113836,1156.9800000000014,1239.66,2396.630000000001,0.4827528654819479,0.5172513070436402,0.724811,0.57524,0.94584
9lp2_A-9lp2_B,heterodimer,1,0.884373,0.902743,0.89481,0.9321246147155762,0.9220722913742064,0.9266104936599732,0.9449610048044336,0.939437462332705,0.9422055238545282,0.9346918927333476,0.9255453255659064,0.929729499698884,0.7754,0.7754,0.7754,0.7654,0.7462,0.686,0.6721,0.5641,1.0,0.0,0.2834,0.2834,0.2834,0.2737,0.2615,0.2093,0.1803,0.1026,0.0,0.0,7jzn-assembly1,0.8559,heteromultimer,7jzn-assembly1,0.8559,heteromultimer,9jm3-assembly2,0.7809,43,55,49.0,45.0,53,48,99.0,0.9091865,1364.6,1216.034,739.4800000000001,1955.5140000000004,0.6218487824684455,0.3781512175315543,1185.9300000000003,704.5699999999997,1912.039999999999,0.6202433003493656,0.3684912449530345,1265.9799999999996,809.8000000000002,2075.7700000000004,0.6098845247787564,0.3901202927106568,0.999615,0.99949,0.99978
9lp2_B-9jm8_B,hard_negative,0,0.0,0.013817,0.010197,0.1856507956981659,0.130659595131874,0.1638169556856155,0.5483503481167883,0.5132226249422716,0.536594573481153,0.2581907061818904,0.2071722010939536,0.238372479244723,0.7954,0.7954,0.7954,0.7933,0.824,0.741,0.7356,0.5854,1.0,1.0,0.2178,0.2178,0.2178,0.21,0.212,0.223,0.1609,0.122,0.0,0.0,9jm8-assembly1,0.9159,heteromultimer,9jm8-assembly1,0.9159,heteromultimer,9jm3-assembly2,0.7814,3,66,19.0,14.0,27,27,81.0,9.0811615,154.62,852.7399999999998,421.9120000000001,1274.6560000000002,0.6689961840684857,0.33100067782994,825.5299999999997,375.9999999999996,1230.7299999999996,0.6707645056186167,0.3055097381229024,891.5999999999995,482.13000000000056,1326.8799999999992,0.6719522488846015,0.3633561437356813,0.691141,0.59882,0.97895
9lp2_A-8qkd_A,hard_negative,0,0.0,0.011895,0.002379,0.2662219703197479,0.2112621366977691,0.2318172395229339,0.6521279710777553,0.539289223081804,0.6095220677091191,0.3434031704713494,0.2860239837421848,0.307358205160171,0.6824,0.6824,0.6761,0.6848,0.701,0.5,0.0,0.0,0.0,0.0,0.2804,0.2804,0.2746,0.2545,0.2371,0.0,0.0,0.0,0.0,0.0,8qkd-assembly1,0.9855,monomer,7qbi-assembly1,0.524,heteromultimer,5m0j-assembly1,0.497,4,4,1.0,0.0,4,5,75.0,12.897041,28.63,753.702,533.1559999999997,1286.856000000002,0.585692571663029,0.414308982512417,493.9899999999998,417.3799999999992,911.3700000000026,0.5420301304629276,0.4579698695370683,904.8600000000006,609.1700000000001,1514.0299999999988,0.5976499805155785,0.4023500194844227,0.878253,0.77633,0.97801
9lp2_B-9cic_A,hard_negative,0,0.0,0.013596,0.004921,0.2037280797958374,0.1111046075820922,0.1484553962945938,0.5723744618270276,0.5166874268007406,0.5393123611609211,0.2774573562020754,0.1931259527690047,0.2266267892678592,0.7573,0.7573,0.7573,0.759,0.7644,0.7427,0.6959,0.4865,0.6364,0.0,0.1289,0.1289,0.1289,0.1292,0.1204,0.165,0.1404,0.1622,0.3636,0.0,7jzn-assembly1,0.87,heteromultimer,7jzn-assembly1,0.87,heteromultimer,3ucw-assembly1,0.859,4,31,13.0,4.0,19,16,78.0,10.73237,195.87,541.6999999999998,279.40999999999985,821.1139999999996,0.6597135111567944,0.3402816174124421,494.6400000000003,236.40999999999983,731.0500000000011,0.676615826550851,0.3233841734491478,616.1799999999994,339.9200000000001,956.1099999999988,0.6444655949629229,0.3555239459894787,0.7408560000000001,0.58338,0.89654
9lp2_B-9d01_A,hard_negative,0,0.0,0.0,0.0,0.1336255073547363,0.0955704599618911,0.1142838731408119,0.7454504463608442,0.6551959595111574,0.6949716864493405,0.2559904951559579,0.2164360809416895,0.2304214358025176,0.7407,0.7407,0.7401,0.7518,0.7435,0.6602,0.6522,0.5833,0.5,0.0,0.2444,0.2444,0.245,0.2372,0.178,0.1942,0.1594,0.1042,0.0,0.0,9d01-assembly1,0.9831,monomer,7jzn-assembly1,0.8642,heteromultimer,9jm3-assembly2,0.7762,0,0,0.0,0.0,0,0,0.0,0.0,0.0,92.43199999999996,113.77199999999976,206.2,0.4482638215324926,0.5517555771096011,7.399999999999636,28.219999999999345,35.61999999999898,0.2077484559236341,0.7922515440763659,228.4600000000009,178.25,389.0099999999984,0.5872856738901362,0.4582144417881307,0.867779,0.8478,0.96221
9lp2_A-8akp_A,hard_negative,0,0.0,0.0,0.0,0.19154953956604,0.1424068957567215,0.1732486188411712,0.6802633388096095,0.6635343398976108,0.6737589102313377,0.2879789573683957,0.2466323845848993,0.2733506771192045,0.6856,0.6856,0.6856,0.6711,0.6272,0.622,0.2907,0.0588,0.0,0.0,0.4893,0.4893,0.4893,0.4901,0.5309,0.5387,0.2791,0.0588,0.0,0.0,8akp-assembly1,0.9883,monomer,1aq0-assembly1,0.7409,homomultimer,1aq0-assembly1,0.7409,0,0,0.0,0.0,0,0,0.0,0.0,0.0,772.7180000000001,634.4060000000002,1407.1239999999998,0.549147054559513,0.4508529454404873,703.8199999999997,494.9200000000001,1295.670000000002,0.5432093048384223,0.3819799794700806,882.9099999999999,897.7599999999984,1780.6599999999962,0.4958330057394459,0.5041726101557851,0.747016,0.69931,0.9201
9lx1_A-7vfc_A,hard_negative,0,0.0,0.0,0.0,0.1399836987257003,0.1189471557736396,0.1288102313876152,0.7444029618667556,0.7350968557633795,0.7387772693300823,0.2608675513539114,0.2427661027955843,0.2508036389761086,0.7474,0.7474,0.7468,0.7309,0.6028,0.4377,0.1514,0.0341,0.0488,0.0,0.2916,0.2916,0.2901,0.2873,0.3624,0.3793,0.1468,0.0341,0.0488,0.0,6haq-assembly1,0.9924,monomer,5tkf-assembly6,0.8518,homomultimer,5tkf-assembly6,0.8518,3,3,1.0,0.0,2,3,74.0,14.867829,41.95,852.384,559.5540000000001,1411.9420000000005,0.6036961858206639,0.3963009812017773,537.3999999999996,446.3500000000004,983.75,0.5462770012706477,0.4537229987293523,1011.21,653.7400000000007,1635.92,0.6181292483740036,0.3996161181475871,0.7996399999999999,0.75198,0.84711
9leq_A-9leq_B,heterodimer,1,0.744127,0.770329,0.757365,0.9186991453170776,0.9062568545341492,0.9127696752548218,0.8443454193089303,0.8394030454754207,0.8421480558932062,0.9031088986309332,0.893771408699354,0.8986453513824987,0.7542,0.7542,0.7533,0.7395,0.6652,0.5,1.0,1.0,1.0,1.0,0.1453,0.1453,0.1439,0.1442,0.1459,0.0,0.0,0.0,0.0,0.0,9hmf-assembly1,0.9502,heteromultimer,9hmf-assembly1,0.9502,heteromultimer,2fi7-assembly1,0.4986,175,209,193.0,191.0,195,129,97.0,0.95042557,1656.34,3365.144,1994.952000000001,5360.098000000001,0.6278138944474521,0.3721857324250416,3309.1800000000003,1941.7400000000016,5290.6500000000015,0.6254770207819453,0.367013504956858,3469.0899999999965,2038.2200000000007,5431.979999999996,0.6386418948523372,0.3752259765315783,0.991654,0.98583,0.9968
9lx1_A-9jwt_A,hard_negative,0,0.0,0.0,0.0,0.1628027707338333,0.1135435998439788,0.1330818489193916,0.7372827894226686,0.6148839105676642,0.6581181148891625,0.2532189987005995,0.2196639907381525,0.2380891021133458,0.676,0.676,0.676,0.6725,0.6648,0.5585,0.4023,0.3645,0.2804,0.0,0.5325,0.5325,0.5325,0.5323,0.5245,0.4894,0.3541,0.3194,0.254,0.0,9jwt-assembly1,0.9605,monomer,3g1w-assembly1,0.8894,homomultimer,3g1w-assembly1,0.8894,1,1,0.0,0.0,1,2,68.0,14.665209,20.01,839.8620000000003,552.1219999999997,1391.982,0.6033569399604307,0.3966444968397578,575.5200000000004,395.3899999999994,1061.0800000000015,0.5423907716666033,0.3726297734383824,1189.1200000000008,751.2599999999993,1728.4800000000032,0.6879570489678785,0.4346362121632868,0.7727689999999999,0.65309,0.90554
9m9g_A-9lx1_A,hard_negative,0,0.022911,0.099505,0.046874,0.3894347548484802,0.2975766360759735,0.3306439280509948,0.6360173723113964,0.5711641237951954,0.5942564662570474,0.4387512783410635,0.3522941336198179,0.3833664356922054,0.8819,0.8819,0.8819,0.8856,0.8823,0.8752,0.8708,0.8987,0.8985,0.8872,0.2782,0.2782,0.2782,0.268,0.2442,0.2065,0.0914,0.0731,0.0745,0.0671,7mc9-assembly7,0.9334,heteromultimer,7mc9-assembly7,0.9334,heteromultimer,4zpz-assembly1,0.9227,4,55,22.0,16.0,31,26,85.0,5.2078047,214.36,771.3959999999997,453.0279999999997,1224.4239999999995,0.6300072523896951,0.3699927476103048,643.2199999999993,423.77999999999975,1104.7799999999988,0.5822154637122323,0.3835876826155435,845.8599999999997,506.2499999999991,1286.4299999999985,0.6575250888116732,0.3935309344464912,0.730425,0.61004,0.95377
9m3b_A-8j3q_A,hard_negative,0,0.014001,0.014922,0.014379,0.3467841744422912,0.332721471786499,0.3392566621303558,0.8471128261116371,0.8363069507464072,0.8432483474930722,0.4464580696430366,0.4349448961612443,0.4400549992028991,0.9342,0.9342,0.9342,0.9332,0.9264,0.9478,0.9286,0.9444,1.0,1.0,0.7519,0.7519,0.7519,0.7576,0.8345,0.8846,0.8418,0.0,0.0,0.0,8umc-assembly1,0.9113,heteromultimer,8umc-assembly1,0.9113,heteromultimer,8tcr-assembly2,0.6997,1,9,2.0,1.0,3,5,63.0,9.069828,34.14,1090.128,921.3260000000002,2011.4520000000005,0.5419607328437366,0.4580402614628636,887.0500000000011,827.1900000000005,1755.7700000000004,0.5052199319956491,0.4711266282030108,1457.5100000000002,1094.0200000000004,2551.529999999999,0.5712298111329285,0.4287701888670723,0.926389,0.89839,0.98248
9lni_A-9avh_A,hard_negative,0,0.0,0.0,0.0,0.1561839133501052,0.1247129440307617,0.1389041543006897,0.7418535514782127,0.7333682734106798,0.7370251397217575,0.2733178409757267,0.2464440099067453,0.2585283513849032,0.642,0.642,0.6405,0.6165,0.512,0.4068,0.3907,0.2655,0.1572,0.1667,0.456,0.456,0.4536,0.4531,0.4519,0.3525,0.3405,0.2035,0.1572,0.1667,9avh-assembly1,0.993,monomer,8bxl-assembly2,0.9126,homomultimer,8bxl-assembly2,0.9126,0,0,0.0,0.0,0,0,0.0,0.0,0.0,1119.6059999999998,903.64,2023.2460000000008,0.5533711669268092,0.44662883307319,863.7799999999988,707.1100000000006,1570.9000000000017,0.5498631357820345,0.4501304984403844,1573.0,1075.66,2538.6100000000006,0.6196304276749873,0.4237200672809134,0.7803359999999999,0.73177,0.83105
9m9g_A-9omb_A,hard_negative,0,0.0,0.0,0.0,0.1426262259483337,0.1271432787179947,0.1336183309555053,0.6473240731564589,0.5839395030414781,0.6152794019143737,0.2418276397568219,0.2185025235826914,0.229950545147279,0.7671,0.7671,0.7643,0.7833,0.788,0.7878,0.7967,0.8171,0.8419,0.8668,0.1415,0.1415,0.1388,0.0834,0.0842,0.083,0.0844,0.0869,0.0899,0.0815,8ubs-assembly4,0.9835,monomer,7uyh-assembly1,0.9317,heteromultimer,1yj1-assembly4,0.9245,4,4,1.0,0.0,3,4,78.0,14.348524,13.97,783.7480000000002,480.7299999999999,1264.476,0.6198203840958628,0.3801811975869846,620.71,373.46,994.17,0.6243499602683645,0.3756500397316354,909.09,535.0,1444.09,0.6295244756213256,0.3704755243786744,0.712909,0.65147,0.86518
9m3b_A-7ldf_A,hard_negative,0,0.011028,0.01421,0.013078,0.321501612663269,0.2785062193870544,0.3062243819236755,0.8261283636622403,0.8123008067307246,0.82055815085034,0.4224269628630633,0.3858884852000828,0.4090911357090084,0.9544,0.9544,0.9544,0.9497,0.9492,0.958,0.9524,0.9444,1.0,1.0,0.6515,0.6515,0.6515,0.8101,0.8663,0.8979,0.8512,0.0,0.0,0.0,8umc-assembly1,0.9154,heteromultimer,8umc-assembly1,0.9154,heteromultimer,8tcr-assembly2,0.6985,2,2,0.0,0.0,2,3,60.0,13.173033,18.0,1259.5559999999998,1146.5199999999998,2406.074,0.5234901337199105,0.4765106975097191,1166.9500000000007,1077.6800000000003,2256.959999999999,0.5170450517510284,0.4774918474408056,1363.7900000000009,1174.7600000000002,2538.539999999997,0.5372340006460415,0.46276993862614,0.934428,0.90523,0.97547
9m3b_A-9hac_A,hard_negative,0,0.0,0.014183,0.007495,0.3036710023880005,0.256363183259964,0.2724076211452484,0.7610418707551809,0.7433709289927779,0.7538725003825943,0.3951451760614366,0.355583531669752,0.3687005969927176,0.7868,0.7868,0.7868,0.7883,0.7757,0.8462,0.8565,0.5312,0.9444,1.0,0.6309,0.6309,0.6309,0.6522,0.6765,0.7896,0.7668,0.0,0.0,0.0,8umc-assembly1,0.915,heteromultimer,8umc-assembly1,0.915,heteromultimer,8tcr-assembly2,0.6992,1,1,0.0,0.0,1,2,58.0,12.990563,3.71,1674.8459999999995,1164.27,2839.1200000000013,0.5899172983177882,0.4100812927949503,1358.380000000001,849.6800000000003,2208.07,0.6151888300642648,0.3848066410938061,1958.67,1279.7900000000009,3170.9500000000007,0.6176918589066367,0.4035982907330612,0.827583,0.78902,0.93049
9m3b_A-9m3b_B,heterodimer,1,0.854299,0.863216,0.858202,0.8989907503128052,0.8943731188774109,0.8969137310981751,0.9267103755325752,0.9251367232466552,0.925778220060144,0.9043516236863413,0.9005258397512598,0.9026866288905688,0.8428,0.8428,0.8464,0.8463,0.8584,0.9045,0.9574,0.9444,1.0,0.0,0.5807,0.5807,0.5832,0.5851,0.6319,0.804,0.867,0.0,0.0,0.0,8umc-assembly1,0.8519,heteromultimer,8umc-assembly1,0.8519,heteromultimer,8tcr-assembly2,0.6984,63,83,71.0,64.0,76,54,98.0,1.1372831,1397.42,1253.6499999999992,945.2039999999996,2198.86,0.570136343377932,0.4298609279353846,1209.2199999999991,929.5300000000008,2146.8099999999977,0.5632636330182925,0.4329819592791172,1302.5499999999993,977.289999999999,2250.55,0.5787696340894447,0.4342449623425382,0.9984340000000002,0.99621,0.99945
9m3b_A-8ah9_A,hard_negative,0,0.0,0.013184,0.005006,0.2752657830715179,0.2443395555019378,0.2561544209718704,0.7534557870309592,0.7449029525741968,0.7494200785953836,0.3707434883634962,0.34459606432274,0.3548075524965731,0.8235,0.8235,0.8235,0.842,0.831,0.8448,0.8661,0.5312,0.68,1.0,0.6824,0.6824,0.6824,0.7175,0.7483,0.7871,0.7723,0.0,0.0,0.0,8umc-assembly1,0.9127,heteromultimer,8umc-assembly1,0.9127,heteromultimer,8tcr-assembly2,0.6978,1,20,4.0,0.0,9,10,68.0,13.903566,94.84,1409.736,1245.0180000000005,2654.75,0.5310240135605989,0.4689774931726153,1220.2900000000009,970.3199999999996,2394.649999999998,0.5095901279936533,0.4052032656129291,1705.67,1468.3600000000006,3174.0200000000004,0.5373847675818048,0.4626183829969567,0.8337899999999999,0.79326,0.87622
9m3b_A-8agy_A,hard_negative,0,0.0,0.0,0.0,0.1376250088214874,0.1180776953697204,0.1285377472639083,0.5341289329274417,0.5183898042442138,0.5255385579747716,0.2147286191610229,0.1981401171446191,0.207937909406081,0.4716,0.4716,0.4716,0.4701,0.3929,0.7577,0.7193,0.8636,0.9,0.6667,0.276,0.276,0.276,0.2772,0.3138,0.683,0.6421,0.0455,0.0,0.0,8agy-assembly1,0.926,heteromultimer,8agy-assembly1,0.926,heteromultimer,3csv-assembly1,0.722,0,0,0.0,0.0,0,0,0.0,0.0,0.0,1726.676,1771.212,3497.891999999997,0.4936333082896789,0.5063655481644378,879.3400000000001,1074.0300000000025,1953.3799999999967,0.4501633066786807,0.549831573989702,2222.7699999999986,2212.379999999999,4435.149999999994,0.5011713245324287,0.498828675467572,0.6238769999999999,0.54707,0.84649
9n7y_A-7vbq_B,hard_negative,0,0.0,0.0,0.0,0.3064581155776977,0.1030796766281127,0.1612731784582138,0.5756241096467707,0.5646461875835579,0.5708384787038033,0.3594003715538829,0.1953929788192018,0.2431862385073317,0.7197,0.7197,0.7197,0.6951,0.6814,0.6505,0.6004,0.6524,0.8958,1.0,0.3841,0.3841,0.3841,0.4444,0.4509,0.4204,0.3874,0.6159,0.8542,0.8333,7vbq-assembly1,0.9549,heteromultimer,7vbq-assembly1,0.9549,heteromultimer,7eyt-assembly2,0.9211,0,0,0.0,0.0,0,0,0.0,0.0,0.0,1335.2580000000005,1075.386,2410.648,0.553900030199349,0.4460983104957671,1037.3600000000006,1002.3000000000012,2125.07,0.4881533314196712,0.4716550513630145,1569.75,1195.550000000001,2765.300000000003,0.5676599283983649,0.4323400716016344,0.6748719999999999,0.61639,0.80578
9n8r_A-7uwy_A,hard_negative,0,0.0,0.0,0.0,0.1334384828805923,0.1211054101586341,0.127395349740982,0.7906183357835432,0.7889099708463985,0.7897749066469796,0.2648744534611825,0.2546663222961871,0.2598712611221816,0.6009,0.6009,0.6009,0.6,0.5878,0.576,0.5,0.4733,0.0,0.0,0.485,0.485,0.485,0.4896,0.4965,0.4951,0.4611,0.4618,0.0,0.0,2pbl-assembly1,0.8737,monomer,4zrs-assembly1,0.7757,homomultimer,4zrs-assembly1,0.7757,0,0,0.0,0.0,0,0,0.0,0.0,0.0,817.7979999999998,833.1560000000002,1650.961999999999,0.4953463495828494,0.5046488047574691,562.5200000000004,586.3000000000002,1148.8199999999997,0.4896502498215565,0.5103497501784443,1066.9299999999994,944.3099999999996,1919.8399999999983,0.5557390199183266,0.4918691140928412,0.8315170000000001,0.8197,0.87194
9n8r_A-9vla_A,hard_negative,0,0.0,0.0,0.0,0.243433877825737,0.2002661377191543,0.2299017399549484,0.6940969000730999,0.6782389261825115,0.6866118738990827,0.3327032520467855,0.2958606954118258,0.3212437667437752,0.5157,0.5157,0.5144,0.4807,0.4718,0.4577,0.3844,0.4729,0.2,1.0,0.4161,0.4161,0.4159,0.4362,0.4541,0.4411,0.365,0.4535,0.0,0.0,9vla-assembly1,0.965,heteromultimer,9vla-assembly1,0.965,heteromultimer,4zrs-assembly1,0.7738,0,0,0.0,0.0,0,0,0.0,0.0,0.0,1269.6520000000005,980.6200000000003,2250.2639999999983,0.5642235755449145,0.435779979593506,871.9200000000019,702.6599999999999,1574.5699999999997,0.5537511828626241,0.4462551680776339,1700.5600000000013,1447.9400000000005,3148.479999999996,0.540120947250738,0.4598854050208362,0.781419,0.73761,0.88465
9o99_A-7vty_A,hard_negative,0,0.0,0.012376,0.004618,0.2963126897811889,0.1682564169168472,0.2231886327266693,0.4796851922566485,0.4370823397605429,0.4572704638880965,0.3305160189460073,0.2220216014855863,0.2700049989589548,0.8089,0.8089,0.8089,0.8034,0.8041,0.8295,0.8115,0.5821,0.3889,0.3333,0.1369,0.1369,0.1369,0.1288,0.1237,0.124,0.1571,0.403,0.1111,0.0,7vty-assembly1,0.9495,monomer,4rhw-assembly1,0.9331,heteromultimer,4lwd-assembly2,0.8347,42,42,8.0,0.0,33,26,78.0,10.071208,380.66,809.0680000000006,652.1140000000003,1461.1799999999998,0.5537086464364422,0.4462927223203167,719.2800000000007,541.9800000000014,1313.4399999999987,0.5476306492873686,0.4126416128639313,927.79,833.1399999999994,1760.9400000000005,0.5268720115392913,0.4731223096755137,0.485207,0.38853,0.80345
9n7y_A-9qs1_A,hard_negative,0,0.0,0.082175,0.016435,0.6080108880996704,0.1244877353310585,0.2287900313735008,0.8320599677174145,0.6898742075621033,0.7217263519133164,0.6528207040232192,0.2375650297772674,0.3273772954814639,0.6931,0.6931,0.6922,0.6873,0.686,0.686,0.689,0.6899,0.7191,0.6364,0.3744,0.3744,0.3755,0.4139,0.4221,0.4104,0.4094,0.669,0.6854,0.6364,9qs1-assembly1,0.987,monomer,5ts5-assembly1,0.978,homomultimer,5ts5-assembly1,0.978,66,66,13.0,0.0,66,45,91.0,5.706127,330.82,1208.7239999999997,1308.7240000000006,2517.454,0.4801374722239213,0.5198601444157472,1141.9400000000005,1186.2700000000004,2379.340000000004,0.4799398152428819,0.498571032303075,1346.3199999999997,1393.91,2740.25,0.4913128364200345,0.5086798649758233,0.751522,0.69153,0.93191
9o99_A-7ldf_A,hard_negative,0,0.0,0.0,0.0,0.2327087223529815,0.1840299069881439,0.2039245337247848,0.4850935832344115,0.4627555169390238,0.4703381576740614,0.2792090459663541,0.2409814985141475,0.2572072585146402,0.9505,0.9505,0.9504,0.949,0.958,0.9737,0.9487,0.0,0.0,0.0,0.2065,0.2065,0.2047,0.184,0.1129,0.0188,0.0641,0.0,0.0,0.0,5ktz-assembly1,0.6818,heteromultimer,5ktz-assembly1,0.6818,heteromultimer,6jri-assembly2,0.6372,14,14,3.0,0.0,10,11,67.0,12.201721,52.37,955.6599999999996,784.5060000000001,1740.1640000000014,0.5491781234412383,0.4508230258757217,684.5699999999997,527.6900000000005,1212.2500000000036,0.5647102495359849,0.4352979995875429,1187.5099999999993,992.380000000001,2089.9400000000005,0.5682029149162172,0.4748365981798524,0.544114,0.43101,0.74891
9omb_A-29sb_A,hard_negative,0,0.0,0.0,0.0,0.165594533085823,0.0783371850848198,0.1104542955756187,0.5509782419777305,0.4733860830090198,0.5295388121476615,0.2424228410083085,0.1707399383362825,0.1942711988900273,0.5664,0.5664,0.5627,0.5171,0.499,0.3923,0.3485,0.2325,0.1353,0.0357,0.2685,0.2685,0.2692,0.209,0.1965,0.1538,0.097,0.1053,0.1128,0.0238,9n0k-assembly1,0.9835,monomer,6w6x-assembly3,0.9327,homomultimer,6w6x-assembly3,0.9327,0,0,0.0,0.0,0,0,0.0,0.0,0.0,699.5379999999999,611.6940000000001,1311.2379999999998,0.5334943008058034,0.4665011233658574,487.8299999999999,457.0,944.8499999999984,0.516304175265916,0.4836746573530197,846.3800000000001,750.8600000000006,1563.1900000000005,0.5414440982861967,0.4803382826143977,0.5845309999999999,0.53024,0.6511
9omb_A-9frq_A,hard_negative,0,0.0,0.012396,0.002479,0.2315330803394317,0.1415612399578094,0.1810013830661773,0.6165104795903653,0.5545997517151082,0.5857438405241161,0.3085285601896185,0.2241689423092692,0.2619498745577651,0.6165,0.6165,0.5992,0.504,0.2405,0.2308,0.2388,0.2344,0.2778,0.0,0.1917,0.1917,0.1825,0.096,0.1519,0.141,0.1642,0.1562,0.2222,0.0,1mi8-assembly1,0.8859,homomultimer,1mi8-assembly1,0.8859,homomultimer,1mi8-assembly1,0.8859,1,40,12.0,0.0,30,27,80.0,9.440888,283.33,867.652,475.5220000000001,1343.1699999999994,0.6459733317450512,0.3540296462845361,765.6700000000001,352.21000000000004,1137.8099999999995,0.6729330907620784,0.3095508037370037,1037.2699999999995,674.1800000000003,1711.4599999999991,0.6060731772872284,0.3939209797482854,0.722978,0.61308,0.86808
9omb_A-9ups_A,hard_negative,0,0.0,0.0,0.0,0.1440635323524475,0.0838425979018211,0.1166074857115745,0.6849289950577586,0.6613914256069894,0.6715400235855729,0.2522366248935097,0.1993523634428547,0.2275939932863742,0.634,0.634,0.6314,0.6075,0.4054,0.2169,0.24,0.2273,0.2941,0.0,0.3775,0.3775,0.3776,0.414,0.1261,0.1566,0.1733,0.1515,0.2353,0.0,1mi8-assembly1,0.8819,homomultimer,1mi8-assembly1,0.8819,homomultimer,1mi8-assembly1,0.8819,3,3,1.0,0.0,3,4,58.0,13.214409,51.7,805.5159999999996,842.2479999999999,1647.7660000000003,0.4888533930181831,0.5111453932172406,724.25,616.9799999999996,1341.2200000000012,0.5399934388094417,0.4600140170889183,883.2699999999995,1047.92,1931.2000000000007,0.4573684755592374,0.542626346313173,0.7326060000000001,0.69708,0.77798
9omb_A-9lx1_A,hard_negative,0,0.0,0.012507,0.002501,0.1911762058734893,0.0904516279697418,0.1500746607780456,0.6651736146063012,0.6420998926676772,0.6534763598502115,0.2859756876200517,0.2007812809093289,0.2507550005924788,0.748,0.748,0.7433,0.7615,0.7514,0.6769,0.4135,0.2459,0.2703,0.0,0.5585,0.5585,0.5611,0.6077,0.596,0.5731,0.3558,0.1639,0.2162,0.0,1mi8-assembly1,0.8866,homomultimer,1mi8-assembly1,0.8866,homomultimer,1mi8-assembly1,0.8866,3,11,3.0,0.0,7,9,77.0,13.153502,77.78,841.1680000000002,741.9400000000002,1583.1039999999998,0.5313409605433379,0.4686615661384219,623.9299999999994,548.2399999999998,1172.1699999999985,0.5322862724690107,0.46771372753099,941.7200000000004,845.3999999999996,1778.699999999999,0.5294428515207741,0.4752909428234104,0.780152,0.68241,0.92695
9n7y_A-9b6m_B,hard_negative,0,0.0,0.0,0.0,0.187605082988739,0.158225804567337,0.1665474206209182,0.4747790697016618,0.3928308761760575,0.4172427882377004,0.2313049034872537,0.2059526498445865,0.2166864941442747,0.602,0.602,0.6035,0.5918,0.5976,0.6162,0.625,0.55,1.0,1.0,0.1884,0.1884,0.1894,0.2074,0.2271,0.2203,0.2093,0.3,0.0,0.0,3mmg-assembly1,0.9046,heteromultimer,3mmg-assembly1,0.9046,heteromultimer,6l0t-assembly1,0.719,0,0,0.0,0.0,0,0,0.0,0.0,0.0,2515.986,2109.0620000000004,4625.040000000003,0.5439922681749776,0.4560094615397919,614.820000000007,668.25,1283.0699999999997,0.4791788444901736,0.520821155509832,3687.369999999999,3040.149999999998,6727.510000000002,0.5481032358183039,0.4518982506157548,0.4902239999999999,0.41255,0.65982
9n2f_A-9n2f_B,heterodimer,1,0.726885,0.771698,0.751539,0.882053554058075,0.8650931715965271,0.8738194108009338,0.7567952624441131,0.7359575721471235,0.7481351474446981,0.8570018957352826,0.8392660517066464,0.8486825581296868,0.7312,0.7312,0.7303,0.7224,0.7914,0.8238,0.9444,0.9839,0.0,0.0,0.1883,0.1883,0.1889,0.197,0.2109,0.1429,0.0093,0.0,0.0,0.0,9hj3-assembly1,0.7701,heteromultimer,9hj3-assembly1,0.7701,heteromultimer,3q5m-assembly2,0.6311,50,58,54.0,53.0,54,43,98.0,1.0076951,1174.89,816.4340000000026,784.1279999999977,1600.5680000000025,0.5100901679903643,0.489906083340412,802.5200000000041,766.989999999998,1569.5299999999988,0.5113123036832712,0.4886749536485435,828.3300000000017,808.5899999999965,1636.9199999999985,0.5060296165970253,0.4939703834029747,0.984056,0.97715,0.99222
9omb_A-9b6m_A,hard_negative,0,0.0,0.0,0.0,0.1627154052257537,0.139925867319107,0.1526508659124374,0.5597812063051943,0.5190095484545355,0.5350868631501693,0.2364190653440894,0.2238969351163245,0.2291380653599838,0.5316,0.5316,0.5197,0.4027,0.3832,0.3787,0.3674,0.3523,0.3056,0.0,0.173,0.173,0.1638,0.094,0.0949,0.0919,0.1163,0.1244,0.2222,0.0,1mi8-assembly1,0.8835,homomultimer,1mi8-assembly1,0.8835,homomultimer,1mi8-assembly1,0.8835,0,0,0.0,0.0,0,0,0.0,0.0,0.0,1112.2,918.014,2030.2160000000003,0.5478234828215323,0.452175532061613,946.8099999999996,682.2299999999996,1629.0400000000009,0.5812073368364183,0.4187926631635805,1387.1200000000008,1180.619999999999,2567.75,0.5402083536169802,0.4597877519228893,0.66415,0.58659,0.80782
9nv3_A-9nv3_B,heterodimer,1,0.638639,0.762142,0.719285,0.9023110866546632,0.8716613054275513,0.8911895036697388,0.7554851703235047,0.7450971188534796,0.7497343246929233,0.8711473263772676,0.8469374145660666,0.8628984678743755,0.7566,0.7566,0.7542,0.7157,0.5959,0.9,1.0,1.0,0.0,0.0,0.34,0.34,0.3423,0.381,0.4249,0.7,0.0,0.0,0.0,0.0,9zn5-assembly1,0.7827,heteromultimer,9zn5-assembly1,0.7827,heteromultimer,5he8-assembly5,0.5366,67,77,71.0,70.0,70,49,96.0,1.2739007,1075.61,1551.328,650.8500000000007,2202.182,0.7044504041900262,0.2955477794296751,1526.9300000000003,635.7100000000028,2176.5,0.7015529519871354,0.2920790259591099,1574.050000000003,666.5800000000017,2219.909999999996,0.7090602772184483,0.3002734345086075,0.975724,0.95746,0.98671
9omd_A-9omd_B,heterodimer,1,0.877736,0.886885,0.880823,0.9249621629714966,0.9134056568145752,0.9189261436462404,0.934834197994659,0.9294194613351524,0.9319371052674418,0.926936569976129,0.9166084177186908,0.9215283359704806,0.6998,0.6998,0.6974,0.6958,0.6849,0.6794,0.6063,0.5125,0.4,0.0,0.3499,0.3499,0.3467,0.3479,0.3397,0.3206,0.2624,0.1125,0.4,0.0,4gpg-assembly1,0.8105,monomer,4nsy-assembly1,0.8059,homomultimer,4nsy-assembly1,0.8059,133,216,171.0,162.0,176,124,99.0,0.7994299,2177.3,2629.876,1688.158,4318.034000000001,0.609044764353407,0.3909552356465928,2552.9400000000005,1598.08,4159.93,0.6136978266461215,0.3841603103898382,2708.959999999999,1743.4900000000007,4433.260000000002,0.6110537166780198,0.3932749263521652,0.987922,0.98051,0.9928
9p6w_A-9lp2_A,hard_negative,0,0.0,0.013125,0.007323,0.2109270393848419,0.1067126095294952,0.1742600411176681,0.6195699502997706,0.5680469955742572,0.6011326634969039,0.2926556215678276,0.1989794867384476,0.2596345655935153,0.4611,0.4611,0.4479,0.3846,0.2545,0.1739,0.1739,0.8571,1.0,1.0,0.2515,0.2515,0.2454,0.2238,0.1727,0.1304,0.1304,0.2857,0.0,0.0,9lp2-assembly1,0.9899,heteromultimer,9lp2-assembly1,0.9899,heteromultimer,9gki-assembly1,0.7303,1,40,8.0,0.0,14,14,80.0,12.875242,81.82,1053.506,618.8720000000001,1672.3840000000007,0.6299426447514445,0.3700537675557765,874.2599999999993,548.0799999999999,1470.7000000000023,0.594451621676751,0.3726660773781186,1111.0500000000002,692.7200000000003,1801.460000000001,0.6167497474270867,0.3845325458239427,0.716922,0.63451,0.87701
9p6w_A-9lp2_B,hard_negative,0,0.0,0.014488,0.010272,0.2891616225242615,0.129191517829895,0.1990388125181198,0.6871002840850697,0.6198683500717734,0.6470939655350214,0.3687493548364231,0.2273268842782707,0.2886498431215001,0.5415,0.5415,0.5387,0.535,0.4924,0.4312,0.385,0.4046,0.7778,0.8,0.1877,0.1877,0.1827,0.1752,0.145,0.1422,0.1283,0.1374,0.0,0.0,9lns-assembly1,0.9769,monomer,9lp2-assembly2,0.9571,heteromultimer,9jm3-assembly2,0.7847,4,50,17.0,0.0,37,33,83.0,8.994879,428.97,805.0559999999999,536.326,1341.3859999999993,0.6001672896541341,0.3998297283555966,777.5099999999993,509.7300000000005,1287.2299999999996,0.6040179299736641,0.3959898386457747,840.2699999999995,596.4099999999999,1431.2299999999996,0.5870964135743381,0.4167114998986885,0.91106,0.82249,0.98766
9omb_A-8ga7_A,hard_negative,0,0.0,0.0,0.0,0.1886960566043853,0.1317057013511657,0.1583879262208938,0.7235237753692952,0.3140453583832734,0.6379860386736157,0.2956616003573673,0.1681736327575873,0.2543075487114382,0.6067,0.6067,0.6077,0.5521,0.405,0.2889,0.2785,0.2754,0.3143,0.0,0.2206,0.2206,0.2228,0.1562,0.1983,0.1889,0.1899,0.1739,0.2571,0.0,8ga7-assembly1,0.9667,monomer,1mi8-assembly1,0.8811,homomultimer,1mi8-assembly1,0.8811,0,0,0.0,0.0,0,0,0.0,0.0,0.0,490.686,440.33000000000027,931.018,0.5270424417143386,0.4729554100994828,297.4999999999982,341.3000000000029,699.0,0.4256080114449187,0.4882689556509341,637.3999999999996,576.4099999999999,1213.8100000000013,0.5251233718621522,0.4748766281378463,0.6395460000000001,0.35809,0.83342
9oq0_A-9oq0_B,heterodimer,1,0.0,0.254756,0.053755,0.5497251749038696,0.1991816461086273,0.3678972542285919,0.7236390099687767,0.5441401245725207,0.6295635869360074,0.5845079419168511,0.268173341801406,0.420230520770075,0.7481,0.7481,0.7479,0.7481,0.7443,0.7431,0.7376,0.6667,1.0,1.0,0.1011,0.1011,0.1003,0.0999,0.0923,0.0889,0.0386,0.2917,0.0,0.0,9opx-assembly1,0.984,heteromultimer,9opx-assembly1,0.984,heteromultimer,9lm0-assembly1,0.7783,19,87,40.0,0.0,45,44,82.0,5.0789576,307.12,1524.0639999999992,535.0999999999997,2059.172,0.7401343841116719,0.2598617308316157,1349.3799999999974,460.0100000000002,1904.7900000000009,0.7084140508927477,0.2415016878501042,1679.6800000000003,614.71,2139.6899999999987,0.7850109127957794,0.2872892802228362,0.938668,0.85136,0.99632
9p6h_A-9p6h_B,heterodimer,1,0.020094,0.622061,0.372601,0.7821093797683716,0.4950339794158935,0.6560615062713623,0.8645903660597156,0.7364094407749286,0.8037426051046943,0.7986055770266405,0.5433090716877006,0.6855977260380287,0.7258,0.7258,0.6821,0.32,0.2738,0.3462,0.34,1.0,1.0,1.0,0.3116,0.3116,0.3295,0.11,0.0833,0.0385,0.02,0.0,0.0,0.0,9mzu-assembly1,0.9781,heteromultimer,9mzu-assembly1,0.9781,heteromultimer,1y4j-assembly1,0.6308,42,140,60.0,46.0,79,69,91.0,2.0621471,725.09,1198.1919999999984,923.9160000000004,2122.1059999999984,0.5646240102992025,0.4353769321607879,1072.079999999998,666.7999999999993,1738.8699999999951,0.6165383266144111,0.3834674242467815,1313.3099999999977,1247.9300000000003,2560.5999999999985,0.5128915098023894,0.48735843161759,0.784775,0.64244,0.99777
9q1h_A-9q1h_B,heterodimer,1,0.811817,0.837447,0.828412,0.9126760363578796,0.9038199186325072,0.9084710955619812,0.8946860715310185,0.8865124565415972,0.8916950515998454,0.9090780433925074,0.9008952732291092,0.905115886769554,0.7827,0.7827,0.784,0.7974,0.7914,0.5938,0.0,0.0,0.0,0.0,0.3659,0.3659,0.3675,0.2484,0.0749,0.25,0.0,0.0,0.0,0.0,8dez-assembly1,0.9639,monomer,6e15-assembly1,0.5681,heteromultimer,9ftt-assembly1,0.5288,65,71,67.0,65.0,65,43,99.0,0.79953825,1990.11,996.024,670.1699999999997,1666.198,0.5977824964379985,0.4022151028869317,982.0999999999996,642.5699999999997,1630.789999999999,0.6022234622483582,0.3940237553578327,1008.2200000000004,700.4399999999996,1704.4800000000014,0.591511780719046,0.410940580118276,0.991395,0.98182,0.99841
9p3f_A-9p3f_B,heterodimer,1,0.860123,0.871407,0.867263,0.9010522961616516,0.8936784863471985,0.8984073042869568,0.917695017305466,0.911183210989976,0.915565939719892,0.9043808403904146,0.8971794312757541,0.901839031373544,0.7568,0.7568,0.7568,0.753,0.7477,0.7601,0.7448,0.2642,0.0909,0.0,0.1156,0.1156,0.1156,0.1046,0.0457,0.0432,0.0434,0.1554,0.0909,0.0,8ebg-assembly1,0.9751,monomer,7dxn-assembly2,0.8088,homomultimer,7dxn-assembly2,0.8088,47,61,52.0,49.0,54,44,98.0,1.0233703,1434.41,675.5359999999994,844.0820000000007,1519.618,0.4445432996976868,0.5554567003023133,664.5400000000009,794.9300000000003,1472.489999999998,0.4513035742178227,0.5398542604703607,684.4399999999987,889.2900000000009,1573.5699999999997,0.4349599954244163,0.5651416841958102,0.993849,0.99095,0.99814
9qu1_A-9qu1_B,heterodimer,1,0.822349,0.85216,0.840132,0.8936073184013367,0.8739871978759766,0.8862357497215271,0.9094780649581922,0.8981275356599583,0.9053647774262604,0.8967814677127078,0.878815265432773,0.8900615552624739,0.5113,0.5113,0.5094,0.5005,0.4859,0.4408,0.4356,0.4347,0.425,0.0,0.0778,0.0778,0.0781,0.0789,0.0763,0.0809,0.0782,0.0723,0.066,0.0,1xts-assembly1,0.8988,monomer,3rap-assembly1,0.8871,homomultimer,3rap-assembly1,0.8871,71,88,77.0,75.0,77,57,98.0,0.889035,1996.78,1521.3,1055.062,2576.362,0.5904837907095355,0.4095162092904646,1490.33,1039.2600000000002,2530.2599999999984,0.5890027111838313,0.4107324938939085,1547.6499999999996,1110.7800000000009,2636.16,0.5870850024277736,0.4213628914785144,0.994176,0.9909,0.99853
9qs1_A-7t03_A,hard_negative,0,0.0,0.0,0.0,0.2993600070476532,0.1565437316894531,0.2076221883296966,0.8203754422393162,0.8017386332950167,0.8074980668234788,0.4035630940859858,0.2855827120105658,0.3275973640284532,0.5895,0.5895,0.589,0.5815,0.571,0.5931,0.622,0.6679,0.6712,0.0,0.3567,0.3567,0.3571,0.3607,0.3586,0.3691,0.3937,0.65,0.6712,0.0,7t2y-assembly2,0.9666,monomer,7e0c-assembly1,0.8516,homomultimer,7e0c-assembly1,0.8516,0,0,0.0,0.0,0,0,0.0,0.0,0.0,492.2599999999995,727.7860000000001,1220.044000000001,0.403477251640104,0.5965243876450353,376.4899999999998,634.6900000000005,1011.1800000000004,0.3723273798927982,0.6276726201072018,575.8999999999996,789.0700000000015,1364.9599999999991,0.4219171257765795,0.5780902004454358,0.91524,0.83028,0.98828
9qs1_A-9v4l_A,hard_negative,0,0.0,0.0,0.0,0.2175489664077758,0.1312256455421447,0.1611829400062561,0.8472663349178897,0.8405882124001358,0.843996568108141,0.3434924401097987,0.2732331585912794,0.2977456656266331,0.6956,0.6956,0.6941,0.691,0.6878,0.6886,0.7316,0.6914,0.7313,0.0,0.4534,0.4534,0.4556,0.4601,0.4614,0.4429,0.4719,0.6875,0.7313,0.0,9v4l-assembly1,0.9063,monomer,7e0c-assembly1,0.8523,homomultimer,7e0c-assembly1,0.8523,0,0,0.0,0.0,0,0,0.0,0.0,0.0,458.1900000000005,507.7900000000001,965.986,0.4743236444420524,0.5256701442878055,353.2399999999998,477.2699999999986,830.5099999999984,0.4253290147018103,0.5746709852981897,646.0599999999995,545.5300000000007,1150.670000000002,0.561464190428184,0.4740976996011017,0.8900350000000001,0.87718,0.92417
9qs1_A-22gu_A,hard_negative,0,0.0,0.788436,0.296157,0.8600027561187744,0.122314229607582,0.4319967269897461,0.9079224525978437,0.6499256362072701,0.7562976529741847,0.8695866954145883,0.2278365109275197,0.4968569121866338,0.6967,0.6967,0.6966,0.6914,0.6866,0.6596,0.6562,0.6006,0.5595,0.0,0.2672,0.2672,0.2681,0.2707,0.2654,0.2609,0.3047,0.5912,0.5595,0.0,22gu-assembly1,0.9802,monomer,7e0c-assembly1,0.8522,homomultimer,7e0c-assembly1,0.8522,31,33,13.0,0.0,32,30,97.0,1.4238358,1477.4,649.7959999999991,567.0519999999997,1216.849999999998,0.5339984385914454,0.4659999178206029,559.4599999999991,435.8899999999994,1000.2799999999988,0.559303395049386,0.4357679849642099,787.0799999999981,672.3199999999997,1447.079999999998,0.5439091135251674,0.4646045830223627,0.722271,0.64158,0.99873
9qs1_A-9szu_A,hard_negative,0,0.0,0.0,0.0,0.2206408381462097,0.1176385432481765,0.1431750580668449,0.6474000012806638,0.606423107384783,0.6170509005232847,0.3059926707731005,0.2156111439387063,0.2379502265581329,0.7645,0.7645,0.7641,0.7061,0.6995,0.6907,0.704,0.6795,0.7313,0.0,0.6066,0.6066,0.6078,0.5341,0.5239,0.4936,0.4567,0.6757,0.7313,0.0,9szu-assembly1,0.932,monomer,7e0c-assembly1,0.8519,homomultimer,7e0c-assembly1,0.8519,0,0,0.0,0.0,0,0,0.0,0.0,0.0,1192.7459999999985,1423.2939999999994,2616.035999999998,0.45593638619652,0.5440651428344261,667.9499999999971,794.4899999999998,1462.4199999999985,0.456742932946758,0.543270743015003,2020.0200000000004,2413.8399999999983,4433.859999999997,0.455589486361771,0.5444105136382295,0.682959,0.65603,0.71174
9rdc_A-9rdc_B,heterodimer,1,0.0,0.0,0.0,0.216299757361412,0.1733900308609008,0.2018512934446334,0.6599499748253295,0.6241966795933167,0.643180998645701,0.3011541995625391,0.263551360607384,0.2901172344848469,0.7743,0.7743,0.7739,0.7595,0.6737,0.6375,0.7237,0.8621,0.85,0.0,0.0953,0.0953,0.0936,0.0928,0.1057,0.0875,0.0395,0.0,0.0,0.0,1py1-assembly2,0.8174,heteromultimer,1py1-assembly2,0.8174,heteromultimer,1dvp-assembly1,0.6715,0,0,0.0,0.0,0,0,0.0,0.0,0.0,291.29599999999994,245.90199999999967,537.1940000000017,0.5422547534037965,0.4577526926957466,33.470000000001164,96.11999999999898,129.60000000000582,0.2582561728395036,0.7416666666666255,729.0900000000001,480.7199999999975,1209.800000000003,0.6026533311291109,0.3973549346999474,0.8368550000000001,0.76758,0.91584
9st8_A-9st8_B,heterodimer,1,0.70784,0.746897,0.726839,0.8161273002624512,0.8017503619194031,0.8085520386695861,0.8559662007079605,0.8490030331868881,0.852985371786809,0.8240578756047613,0.8115599295299687,0.8174387052930306,0.9091,0.9091,0.9091,0.9194,0.9375,1.0,1.0,1.0,0.0,0.0,0.3939,0.3939,0.3939,0.3065,0.1562,0.2308,0.0,0.0,0.0,0.0,6fxc-assembly1,0.703,heteromultimer,6fxc-assembly1,0.703,heteromultimer,3csx-assembly2,0.595,70,80,75.0,74.0,76,55,96.0,1.0163692,736.57,2217.91,862.7780000000006,3080.682,0.7199412337917384,0.2800607138289511,2126.949999999999,802.3300000000017,2954.3099999999977,0.7199481435597485,0.2715794889500433,2329.3899999999994,932.5699999999996,3261.959999999999,0.7141074691289899,0.2858925308710101,0.983537,0.96587,0.9959
9r8g_A-9r8g_B,heterodimer,1,0.0,0.681431,0.258771,0.84281325340271,0.1899442374706268,0.4625040888786316,0.7216268423407831,0.5104989787607049,0.5956756843404258,0.8185759711903247,0.2543698043836768,0.4891384079709905,0.8739,0.8739,0.8981,0.9516,0.0,0.0,0.0,0.0,0.0,0.0,0.3992,0.3992,0.4398,0.8548,0.0,0.0,0.0,0.0,0.0,0.0,6rpt-assembly1,0.3889,heteromultimer,6rpt-assembly1,0.3889,heteromultimer,5l0g-assembly2,0.3672,56,82,28.0,0.0,74,67,94.0,1.6478944,1101.2,1126.0740000000003,1228.7620000000002,2354.8359999999984,0.4781963584725226,0.5218036415274784,476.17000000000553,643.9500000000007,1120.1100000000006,0.4251100338359672,0.5748988938586392,1669.4300000000003,1621.5,3256.62999999999,0.5126250142017992,0.4979073459373662,0.720019,0.61362,0.85981
9r8p_A-7fia_A,hard_negative,0,0.0,0.0,0.0,0.1883745044469833,0.1516521275043487,0.1620809018611907,0.7402126982650024,0.7232253302471983,0.7329612016818359,0.2987421432105872,0.2677539528726129,0.2762569618253198,0.31,0.31,0.31,0.2527,0.1951,0.1594,0.1594,0.1618,0.1618,0.1,0.14,0.14,0.14,0.0659,0.0244,0.0145,0.0145,0.0147,0.0147,0.0167,2bxe-assembly1,0.9699,monomer,9v61-assembly1,0.9686,homomultimer,9v61-assembly1,0.9686,0,0,0.0,0.0,0,0,0.0,0.0,0.0,1275.0479999999995,1239.1679999999992,2514.2179999999994,0.5071350217045617,0.4928641828194689,1097.7599999999984,1028.920000000002,2210.019999999997,0.4967194867014778,0.46557044732627,1572.4199999999985,1565.7799999999988,3138.2000000000044,0.5010579312981952,0.4989420687018025,0.813074,0.78,0.88896
9tpf_A-9m9g_A,hard_negative,0,0.0,0.015788,0.00872,0.3933806419372558,0.1393579095602035,0.2901668816804886,0.7936120559158983,0.7303635221163184,0.7677335603408599,0.4734269247329844,0.2575590320714265,0.3856802174125628,0.7238,0.7238,0.7244,0.6962,0.6955,0.6955,0.6977,0.6999,0.7063,0.6867,0.0564,0.0564,0.0566,0.0577,0.0572,0.0572,0.0576,0.0613,0.0658,0.0775,5yt6-assembly2,0.9337,heteromultimer,5yt6-assembly2,0.9337,heteromultimer,3nob-assembly2,0.9209,25,40,19.0,0.0,36,29,84.0,6.715701,291.18,1037.6660000000002,714.566,1752.2359999999996,0.5921953435496133,0.4078023736528642,916.2999999999992,519.5100000000002,1435.8099999999995,0.6381763603819444,0.3618236396180556,1174.75,862.8899999999994,2037.64,0.5765248032037064,0.4234751967962936,0.923367,0.82358,0.9932
9tpf_A-7ur8_A,hard_negative,0,0.0,0.0,0.0,0.1984374076128006,0.1083044707775116,0.1493900328874588,0.7637900111197011,0.7456011302864226,0.7539926023264284,0.3115079283141807,0.2357638026792938,0.2703105467752527,0.7096,0.7096,0.7102,0.6404,0.6238,0.379,0.3706,0.3789,0.3692,0.4356,0.0947,0.0947,0.0954,0.092,0.0501,0.0538,0.0423,0.0387,0.0436,0.0417,1m2t-assembly1,0.9303,heteromultimer,1m2t-assembly1,0.9303,heteromultimer,1ifu-assembly1,0.9094,0,0,0.0,0.0,0,0,0.0,0.0,0.0,755.5320000000004,662.3279999999999,1417.8620000000003,0.5328670914376717,0.4671314979878151,637.4800000000005,583.4300000000003,1262.5300000000009,0.5049226553032404,0.4621117914029765,900.6300000000001,730.5199999999995,1603.0599999999995,0.5618192706448919,0.4557034671191345,0.815686,0.7686,0.92926
9szu_A-7s9v_B,hard_negative,0,0.0,0.011392,0.002278,0.2577639520168304,0.141052097082138,0.1938580304384231,0.5938992595175084,0.5654609142860653,0.5766702233087899,0.3193033444706774,0.2265856757482008,0.2704204690124965,0.8098,0.8098,0.8088,0.7243,0.7014,0.6901,0.1304,0.25,1.0,0.0,0.6975,0.6975,0.7059,0.6912,0.6682,0.669,0.0435,0.0,0.0,0.0,7s9v-assembly1,0.8903,heteromultimer,7s9v-assembly1,0.8903,heteromultimer,9qup-assembly1,0.6225,20,20,4.0,0.0,19,19,74.0,10.625306,198.21,1506.999999999999,1332.265999999999,2839.2760000000026,0.5307691115622426,0.469227366413127,1222.7099999999991,870.3999999999978,2093.1200000000026,0.5841566656474534,0.4158385567955954,1740.9699999999975,1935.7899999999968,3377.900000000001,0.5154001006542517,0.5730749874182174,0.6454730000000001,0.60963,0.75167
9tpe_B-9n7y_A,hard_negative,0,0.0,0.0,0.0,0.1928332149982452,0.1254728883504867,0.1554961174726486,0.5886949149604912,0.5502686428734049,0.5682979325064375,0.2720055549906944,0.2104320392550704,0.2380564804794064,0.5645,0.5645,0.5641,0.5776,0.6241,0.6515,0.6243,0.88,0.9688,0.9672,0.2029,0.2029,0.2031,0.2392,0.2571,0.2573,0.2108,0.04,0.0156,0.0164,2q3n-assembly1,0.9536,heteromultimer,2q3n-assembly1,0.9536,heteromultimer,1q31-assembly3,0.9302,0,0,0.0,0.0,0,0,0.0,0.0,0.0,1129.6539999999998,1102.572,2232.224,0.5060665954671215,0.4939343005003083,921.16,802.4599999999991,1723.6100000000006,0.5344364444392871,0.465569357337216,1271.1400000000012,1422.66,2687.0200000000004,0.4730668175153147,0.5294564238450029,0.665897,0.54022,0.8983
9tpf_A-7s5l_A,hard_negative,0,0.0,0.0,0.0,0.1568294614553451,0.105580985546112,0.1291562661528587,0.6325415424808791,0.6056043296275263,0.6183341239008486,0.2519718776604519,0.2055856543623949,0.2269918377024567,0.5505,0.5505,0.5469,0.4466,0.4399,0.4405,0.3737,0.3612,0.3671,0.4377,0.2466,0.2466,0.2478,0.2659,0.2686,0.2689,0.1526,0.1165,0.0434,0.0453,7s5l-assembly1,0.9616,monomer,1m2t-assembly1,0.929,heteromultimer,1ifu-assembly1,0.9092,0,0,0.0,0.0,0,0,0.0,0.0,0.0,1263.7719999999997,1069.6719999999998,2333.446,0.5415904203482745,0.4584087225502539,1195.9899999999998,851.119999999999,2073.0800000000017,0.5769145426129232,0.4105582032531297,1396.9599999999991,1299.9699999999991,2696.9300000000003,0.517981556807184,0.4820184431928152,0.703461,0.66371,0.81396
9udh_A-9fw5_A,hard_negative,0,0.0,0.0,0.0,0.208942249417305,0.176518052816391,0.193868002295494,0.5795245591064357,0.5532875224018119,0.5667332090732026,0.2830587113551311,0.2518719467334752,0.2684410436510358,0.4945,0.4945,0.4812,0.3602,0.1389,0.1647,0.0,0.0,0.0,0.0,0.1807,0.1807,0.1823,0.1149,0.0278,0.0471,0.0,0.0,0.0,0.0,9fw5-assembly1,0.9837,monomer,4kt3-assembly1,0.5935,heteromultimer,4qdn-assembly2,0.5734,3,17,4.0,0.0,13,13,77.0,13.607355,168.93,1092.937999999999,1110.4520000000005,2203.3900000000003,0.4960256695364864,0.5039743304635131,912.4299999999984,982.5200000000004,1894.9500000000007,0.4815061083405885,0.5184938916594106,1309.34,1210.0100000000002,2519.3600000000006,0.5197113552648291,0.480284675473136,0.641207,0.57415,0.75371
9ukw_A-9b6m_A,hard_negative,0,0.0,0.0,0.0,0.1189644336700439,0.0965526476502418,0.1041132241487503,0.5082229426295907,0.4653643039775894,0.4876623163671701,0.1954353784294566,0.1745465451064309,0.1808230425924342,0.6993,0.6993,0.6989,0.6611,0.5825,0.5751,0.4825,0.0,0.0,0.0,0.2336,0.2336,0.2325,0.2387,0.2646,0.3114,0.0965,0.0,0.0,0.0,3k3q-assembly1,0.6649,heteromultimer,3k3q-assembly1,0.6649,heteromultimer,4rjv-assembly2,0.6426,0,0,0.0,0.0,0,0,0.0,0.0,0.0,652.7340000000004,713.0399999999997,1365.7759999999994,0.477921708977168,0.5220768266538584,425.5200000000041,473.8599999999988,899.3999999999978,0.4731154102735213,0.526862352679564,863.0,986.9000000000016,1849.9000000000008,0.466511703335315,0.5334882966646849,0.58758,0.54063,0.65239
9ups_A-7fia_A,hard_negative,0,0.0,0.0,0.0,0.220516562461853,0.1254773736000061,0.1545139908790588,0.5625017257856976,0.5422392962876992,0.5522855424526089,0.2889135951266219,0.2106656569430212,0.2340683011937688,0.937,0.937,0.9366,0.9439,0.9667,0.0,0.0,0.0,0.0,0.0,0.4237,0.4237,0.4195,0.4143,0.0167,0.0,0.0,0.0,0.0,0.0,7fia-assembly1,0.6333,monomer,9r9p-assembly1,0.4552,heteromultimer,5suy-assembly1,0.442,11,11,2.0,0.0,11,11,68.0,13.099157,94.2,575.3359999999999,492.1279999999997,1067.4679999999996,0.5389725968366266,0.4610236559784461,160.42000000000007,191.0699999999997,351.4899999999998,0.456399897578879,0.543600102421121,894.9499999999998,813.9200000000001,1566.6399999999976,0.5712544043302872,0.5195322473574027,0.6638539999999999,0.54207,0.77819
9ups_A-9m3b_B,hard_negative,0,0.0,0.0,0.0,0.2032593786716461,0.1277734935283661,0.1590224683284759,0.6432467436028759,0.5761562828637696,0.6072686887350025,0.291256851657892,0.2218908802995738,0.2486717124097812,0.8708,0.8708,0.8748,0.8677,0.8396,0.6885,1.0,1.0,1.0,1.0,0.4043,0.4043,0.4061,0.4038,0.0751,0.1639,0.0,0.0,0.0,0.0,9m3b-assembly1,0.9778,heteromultimer,9m3b-assembly1,0.9778,heteromultimer,6dps-assembly7,0.5688,2,46,13.0,2.0,24,18,80.0,10.455348,199.42,818.5820000000003,820.3339999999998,1638.914,0.499466109875198,0.5005351104450874,782.9800000000005,667.9799999999996,1537.5300000000009,0.5092453480582494,0.4344500595110334,869.5500000000002,951.37,1734.3600000000006,0.5013664983048501,0.5485424018081595,0.791593,0.70734,0.9743
9ups_A-9fdg_A,hard_negative,0,0.0,0.014918,0.010642,0.2596221268177032,0.2062260210514068,0.2310264766216278,0.6927042911572805,0.6726442466614561,0.6813458690924765,0.3462385596856187,0.2995096661734167,0.3210903551157976,0.7277,0.7277,0.7277,0.6717,0.5556,0.4426,0.2381,0.4286,0.0,0.0,0.5399,0.5399,0.5399,0.4498,0.4211,0.3934,0.2381,0.4286,0.0,0.0,4pr7-assembly1,0.8574,monomer,8xua-assembly2,0.7779,homomultimer,8xua-assembly2,0.7779,4,17,4.0,1.0,8,12,67.0,11.138029,77.6,1409.422,1549.314,2958.7340000000004,0.4763598214641802,0.5236408545006073,1325.5499999999993,1389.2700000000004,2714.800000000001,0.4882680123766019,0.5117393546485929,1516.38,1760.79,3258.449999999999,0.4653685034295449,0.5403765594070802,0.905441,0.84764,0.9828
9ups_A-9n7y_A,hard_negative,0,0.0,0.179154,0.043185,0.5421695709228516,0.1890901029109954,0.2855951100587844,0.8004859226469649,0.7099132605514965,0.7372912693100143,0.5938328412676743,0.2932547344390957,0.3759343419090304,0.8471,0.8471,0.8471,0.8359,0.7864,0.731,0.6635,0.7097,0.8889,0.8667,0.3309,0.3309,0.3309,0.3936,0.228,0.2929,0.1955,0.129,0.0556,0.0667,9n7y-assembly2,0.9419,heteromultimer,9n7y-assembly2,0.9419,heteromultimer,1q31-assembly3,0.9276,1,37,8.0,2.0,20,23,80.0,5.9474907,109.54,1064.3200000000002,1082.014,2146.34,0.4958767017341149,0.5041205028094338,789.5799999999999,1018.1899999999996,1807.7799999999988,0.4367677482879556,0.5632267200654948,1251.34,1133.8200000000006,2385.17,0.524633464281372,0.4753623431453526,0.8014469999999999,0.75727,0.88833
9v4l_A-9jm8_B,hard_negative,0,0.0,0.0,0.0,0.116612434387207,0.0732017233967781,0.0916580289602279,0.5057205891331871,0.4670957549223856,0.4871248969917306,0.1927901877655496,0.1519805297018996,0.1707514025665285,0.8,0.8,0.8,0.796,0.8538,0.7826,0.75,0.5,1.0,1.0,0.2683,0.2683,0.2683,0.2537,0.269,0.2754,0.2188,0.0,0.0,0.0,9jm8-assembly1,0.9219,heteromultimer,9jm8-assembly1,0.9219,heteromultimer,8fvt-assembly1,0.6672,13,13,3.0,0.0,13,13,78.0,12.877903,174.34,648.286,515.3639999999998,1163.65,0.5571142525673527,0.4428857474326471,496.8500000000004,302.5499999999997,847.5100000000002,0.5862467699496174,0.3569869382072184,901.65,721.9899999999998,1623.63,0.5553297241366568,0.4446764349020403,0.63037,0.57351,0.738
9v4l_A-9ups_A,hard_negative,0,0.0,0.0,0.0,0.1092079877853393,0.0676891207695007,0.0830356359481811,0.4571985861695945,0.4128764513849904,0.4452235494755559,0.1785091004808486,0.1398093748831687,0.1554732186536561,0.9145,0.9145,0.9145,0.9034,0.8194,0.6667,0.3333,0.0,0.0,0.0,0.5726,0.5726,0.5726,0.628,0.125,0.5,0.0,0.0,0.0,0.0,9v39-assembly2,0.7532,monomer,1xg2-assembly1,0.6601,heteromultimer,9k7z-assembly1,0.5772,2,2,0.0,0.0,2,4,63.0,14.684235,14.75,782.2099999999999,765.69,1547.9059999999995,0.5053343032458044,0.4946618205498267,666.8800000000001,599.1800000000003,1266.0699999999997,0.5267323291761121,0.4732597723664571,977.65,979.1700000000004,1956.83,0.4996090615945177,0.5003858280995286,0.5494720000000001,0.49553,0.62703
9uml_A-9dsh_A,hard_negative,0,0.0,0.0,0.0,0.1499584317207336,0.1313793361186981,0.1391766011714935,0.6754453291277777,0.6698594189765518,0.6725115612225215,0.2550558112021425,0.2397110376000686,0.2458435931816991,0.776,0.776,0.7748,0.8064,0.804,0.7996,0.7626,0.2985,0.4286,0.0,0.3505,0.3505,0.3523,0.2632,0.242,0.2269,0.0386,0.0896,0.0,0.0,3oh0-assembly1,0.8924,monomer,4z0b-assembly1,0.8388,heteromultimer,1jvg-assembly1,0.7809,0,0,0.0,0.0,0,0,0.0,0.0,0.0,1781.3080000000002,1793.9660000000017,3575.2699999999995,0.4982303434425932,0.5017707753540297,1468.3300000000015,1383.550000000003,3043.4100000000035,0.4824621066501063,0.4546051961451139,2038.0800000000013,2146.600000000002,4096.300000000003,0.4975416839586945,0.5240338842369945,0.7015279999999999,0.6802,0.80761
9udh_A-7ver_A,hard_negative,0,0.0,0.0,0.0,0.2319145053625106,0.1282288283109665,0.1974512755870819,0.6827610027657197,0.6478201596799568,0.6645170249749807,0.3220838048431525,0.2321470945847645,0.2908644254646617,0.4444,0.4444,0.4411,0.3386,0.2653,0.2881,0.3123,0.0979,0.0,0.0,0.2126,0.2126,0.2114,0.1139,0.0178,0.0117,0.0131,0.014,0.0,0.0,7ver-assembly1,0.9773,monomer,5u4o-assembly1,0.7757,homomultimer,5u4o-assembly1,0.7757,0,0,0.0,0.0,0,0,0.0,0.0,0.0,1006.9239999999992,986.0519999999996,1992.978,0.5052358831858651,0.4947631132907638,872.859999999997,709.7599999999984,1582.619999999999,0.5515284780932868,0.4484715219067109,1168.1899999999987,1238.1499999999996,2378.2700000000004,0.4911931782345984,0.5206095186837488,0.857399,0.76676,0.9529
9v3a_A-8h2f_A,hard_negative,0,0.0,0.0,0.0,0.2069644182920456,0.1615955233573913,0.1833064973354339,0.6283911788757826,0.6108786326327166,0.6196181426388685,0.291249770408793,0.2514521452124564,0.2705688263961209,0.5655,0.5655,0.5625,0.6159,0.5914,0.6408,0.7174,0.722,0.4444,0.0,0.4155,0.4155,0.4149,0.4778,0.54,0.6052,0.6826,0.6878,0.0,0.0,8h18-assembly1,0.9675,monomer,8fyc-assembly1,0.8678,heteromultimer,9l87-assembly1,0.793,26,26,5.0,0.0,16,16,78.0,12.804934,202.27,899.8519999999996,816.3360000000002,1716.1879999999996,0.5243318331091931,0.4756681668908071,596.4099999999999,438.0100000000002,1034.4300000000003,0.5765590711792965,0.4234312616610114,1164.300000000001,1027.1000000000004,2191.400000000001,0.5313041891028568,0.4686958108971432,0.68349,0.60997,0.9108
9v8i_A-9v8i_B,heterodimer,1,0.813159,0.841664,0.825387,0.9086152911186218,0.9030313491821288,0.906465744972229,0.8661617639452295,0.8425019678743358,0.8530346708128851,0.9001245856839434,0.8909254729205704,0.8957795301403604,0.4469,0.4469,0.4205,0.3422,0.9739,1.0,1.0,0.0,0.0,0.0,0.1298,0.1298,0.1042,0.0937,0.2288,0.3182,0.0,0.0,0.0,0.0,8hhj-assembly1,0.6603,heteromultimer,8hhj-assembly1,0.6603,heteromultimer,1i8f-assembly1,0.5141,69,86,79.0,78.0,80,61,99.0,0.82514185,1710.81,1092.996,1271.06,2364.0619999999994,0.4623381281878395,0.5376593338076583,1059.6999999999998,1260.5999999999997,2325.209999999999,0.4557437822820305,0.5421445804895041,1122.21,1279.7600000000002,2401.98,0.467202058301901,0.532793778466099,0.92549,0.91276,0.96597
9uml_A-7vbq_B,hard_negative,0,0.0,0.0,0.0,0.1920818835496902,0.1449840068817138,0.1652820080518722,0.6911934635390525,0.6756236799525329,0.6833513278073433,0.2919041995475627,0.2514525325070753,0.2688958720029665,0.6358,0.6358,0.6334,0.6096,0.5901,0.5212,0.4337,0.5276,0.8218,1.0,0.5282,0.5282,0.5316,0.5428,0.53,0.4869,0.3978,0.5176,0.8119,0.9231,7vbq-assembly1,0.9512,heteromultimer,7vbq-assembly1,0.9512,heteromultimer,7eyt-assembly2,0.9171,0,0,0.0,0.0,0,0,0.0,0.0,0.0,732.4079999999994,747.8580000000002,1480.2640000000015,0.4947820118573435,0.5052193392529978,407.239999999998,585.7099999999991,998.6299999999974,0.4077986841973494,0.586513523527233,915.1100000000006,1088.6399999999994,1992.1900000000023,0.4593487568956774,0.5464539024892194,0.8037449999999999,0.75631,0.87185
9v3a_A-7vbq_B,hard_negative,0,0.0,0.0,0.0,0.1299841701984405,0.1043324321508407,0.1157377153635025,0.6749949118622666,0.6664484959896977,0.6706514908667675,0.2389863185312057,0.2167556449186121,0.2267204704641555,0.6758,0.6758,0.6751,0.6687,0.6259,0.5519,0.5354,0.6781,0.8925,1.0,0.5176,0.5176,0.5186,0.53,0.542,0.5296,0.5118,0.6644,0.8817,0.9231,7vbq-assembly1,0.9582,heteromultimer,7vbq-assembly1,0.9582,heteromultimer,7eyt-assembly2,0.9175,0,0,0.0,0.0,0,0,0.0,0.0,0.0,695.8899999999998,727.2560000000001,1423.137999999999,0.4889827971707594,0.5110228242095992,275.5799999999999,504.7299999999996,780.3099999999977,0.353167330932579,0.6468326690674233,929.2299999999996,855.6800000000003,1764.4699999999975,0.526634060086032,0.484950155004053,0.791739,0.73376,0.88091
9v4l_A-7s9v_B,hard_negative,0,0.0,0.0,0.0,0.1750984936952591,0.1322099268436432,0.1544676959514618,0.745758864123044,0.7281958870321059,0.7384479512012776,0.2873423024036212,0.2534086449069253,0.2712637470014249,0.8333,0.8333,0.8115,0.8333,0.7407,0.75,0.7273,0.6667,1.0,0.0,0.3889,0.3889,0.4344,0.5208,0.3704,0.4167,0.4545,0.0,0.0,0.0,7s9v-assembly1,0.8839,heteromultimer,7s9v-assembly1,0.8839,heteromultimer,4mbq-assembly1,0.6727,0,0,0.0,0.0,0,0,0.0,0.0,0.0,543.268,583.4239999999998,1126.6940000000018,0.48217883471466,0.5178193901804738,318.3799999999974,336.3099999999977,654.6999999999971,0.4862990682755442,0.5136856575530765,834.5099999999984,775.6599999999999,1610.1700000000055,0.5182744679133231,0.4817255320866723,0.8868170000000001,0.84215,0.94736
9v4l_A-8k7o_A,hard_negative,0,0.0,0.0,0.0,0.1801334023475647,0.1456566303968429,0.164868077635765,0.7399398574353568,0.7326747544633743,0.7352767943745121,0.2909570334461366,0.2632356886007038,0.2789498209835145,0.7025,0.7025,0.7025,0.7035,0.6851,0.6573,0.6325,0.2222,0.0,0.0,0.5413,0.5413,0.5413,0.5428,0.5126,0.4757,0.4217,0.2222,0.0,0.0,8k7o-assembly1,0.9721,monomer,8k7m-assembly1,0.7733,homomultimer,8k7m-assembly1,0.7733,0,0,0.0,0.0,0,0,0.0,0.0,0.0,590.176,478.6739999999998,1068.8480000000004,0.5521608311003995,0.4478410400730502,499.3700000000008,417.2300000000005,916.59,0.5448128388919808,0.4551980711114025,829.25,594.9599999999991,1424.210000000001,0.5822526172404346,0.4177473827595641,0.8284640000000001,0.7733,0.96159
9uml_A-9vsj_A,hard_negative,0,0.0,0.0,0.0,0.1971270740032196,0.1385662853717804,0.1580770075321197,0.6830439265031538,0.6607479436174213,0.6672770725368435,0.2943104445032065,0.2430026170209085,0.2599170205330645,0.5365,0.5365,0.5351,0.5113,0.5019,0.4981,0.449,0.4623,0.5556,0.0,0.4504,0.4504,0.4518,0.4382,0.4287,0.4256,0.3688,0.3808,0.5185,0.0,3oh0-assembly1,0.8897,monomer,7yre-assembly2,0.8108,homomultimer,7yre-assembly2,0.8108,0,0,0.0,0.0,0,0,0.0,0.0,0.0,1840.806,1494.3259999999996,3335.131999999999,0.5519439710332306,0.4480560289667695,1433.66,1087.1899999999987,2520.8499999999985,0.5687208679612038,0.4312791320387961,2599.2700000000004,1865.2999999999995,4464.57,0.5821994055418552,0.4178005944581447,0.6961759999999999,0.66027,0.76887
9v3a_A-7eet_A,hard_negative,0,0.0,0.011003,0.002201,0.245311439037323,0.1330561935901641,0.1865317106246948,0.7566142137459857,0.7297346211846818,0.7421369836176971,0.347384419096431,0.2523918791090677,0.2976527652232952,0.7126,0.7126,0.7126,0.7033,0.5853,0.5487,0.0435,0.0,0.0,0.0,0.5688,0.5688,0.5688,0.5777,0.4763,0.4481,0.0435,0.0,0.0,0.0,7eet-assembly1,0.9739,monomer,3tp4-assembly3,0.6873,homomultimer,3tp4-assembly3,0.6873,0,0,0.0,0.0,0,0,0.0,0.0,0.0,785.2380000000005,802.2799999999992,1587.5160000000003,0.4946331249574809,0.5053681348723408,636.5699999999997,688.3599999999988,1324.9300000000003,0.4804555712377254,0.5195444287622731,882.4800000000014,884.869999999999,1732.1600000000035,0.5094679475337149,0.5108477276925902,0.82555,0.77095,0.94974
9w4x_A-9n7y_A,hard_negative,0,0.0,0.01332,0.004908,0.2310190796852111,0.1287360191345214,0.180398753285408,0.715866377689315,0.6896036717994806,0.7057278147249051,0.327988539286032,0.2409095496675133,0.2854645655733074,0.557,0.557,0.5572,0.7735,0.7487,0.75,0.681,0.7353,0.8889,0.9286,0.2005,0.2005,0.2011,0.2735,0.3194,0.3211,0.2222,0.2059,0.0556,0.0714,9n7y-assembly2,0.9258,heteromultimer,9n7y-assembly2,0.9258,heteromultimer,1q31-assembly3,0.9106,5,24,6.0,0.0,15,15,67.0,9.795496,238.99,1075.542,800.012,1875.5500000000004,0.5734541867718801,0.4265479459358587,827.3699999999999,602.4699999999993,1529.2400000000016,0.5410334545264308,0.3939669378253241,1280.579999999999,918.3899999999994,2198.97,0.5823544659545148,0.4176455340454847,0.775002,0.72289,0.8816
9vsj_A-9dcz_B,hard_negative,0,0.015219,0.557711,0.323802,0.8236799836158752,0.2496279180049896,0.6331266164779663,0.6292079207034401,0.5838815512799073,0.6060137644612446,0.7847855710333883,0.3164786446599731,0.6277040460746219,0.4995,0.4995,0.4995,0.4942,0.4903,0.4702,0.4732,0.4772,0.8333,0.8333,0.3866,0.3866,0.3866,0.3801,0.3828,0.3631,0.3659,0.3706,0.0,0.0,9dd0-assembly1,0.949,heteromultimer,9dd0-assembly1,0.949,heteromultimer,6s68-assembly1,0.7979,17,43,22.0,0.0,33,31,94.0,1.646261,740.59,983.3939999999992,559.4159999999999,1542.81,0.6374044762478848,0.3625955237521146,705.6899999999987,360.1899999999987,1091.6800000000003,0.6464256925106244,0.3299410083540952,1985.82,1133.1000000000004,3118.9199999999983,0.6367011657881577,0.3632988342118429,0.731034,0.60778,0.88567
9vla_A-8znu_A,hard_negative,0,0.0,0.0,0.0,0.1815555989742279,0.1527502685785293,0.166564193367958,0.7077991215768094,0.6941420195237327,0.7007833473522721,0.2866487949765252,0.2613883116053904,0.2734080241648208,0.9091,0.9091,0.9086,0.8993,0.9548,0.9598,0.9594,0.8852,0.0,0.0,0.1085,0.1085,0.1091,0.0933,0.0769,0.0854,0.0863,0.1311,0.0,0.0,5u3k-assembly2,0.7344,heteromultimer,5u3k-assembly2,0.7344,heteromultimer,2q20-assembly1,0.7137,0,0,0.0,0.0,0,0,0.0,0.0,0.0,1078.0139999999983,896.1200000000001,1974.1319999999992,0.5460698676684229,0.4539311454350573,978.619999999999,816.4999999999964,1801.969999999994,0.5430834031643159,0.4531152016959212,1210.1100000000006,1020.710000000001,2108.8900000000067,0.573813712426915,0.4840034330856506,0.811511,0.73701,0.8997
9vll_A-9vll_B,heterodimer,1,0.877721,0.895703,0.888013,0.9183687567710876,0.9014683961868286,0.911592137813568,0.9342997345295018,0.9248701208203378,0.9301942202495872,0.9215549523227704,0.9061487411135304,0.915312554300772,0.9028,0.9028,0.9022,0.9099,0.8636,0.6667,0.6667,0.6667,0.6667,0.6667,0.5225,0.5225,0.522,0.7027,0.5909,0.1111,0.0,0.0,0.0,0.0,9vlk-assembly2,0.9663,monomer,9zef-assembly1,0.9397,heteromultimer,2pg3-assembly1,0.5375,154,217,187.0,178.0,190,126,98.0,0.9699578,1046.92,3278.92,1907.728000000001,5186.650000000001,0.6321845507215639,0.3678150636730839,3141.32,1835.7200000000007,4977.049999999999,0.6311610291236777,0.3688369616539921,3460.379999999999,1984.2400000000016,5444.619999999999,0.6355595064485675,0.3644404935514327,0.994051,0.98871,0.9985
9wno_A-9wno_B,heterodimer,1,0.835687,0.85281,0.84583,0.8683836460113525,0.8607394695281982,0.8657494783401489,0.8544152739500953,0.8339580650812398,0.8463105424276641,0.865333910045146,0.8553831886388067,0.861861691157652,0.7666,0.7666,0.7549,0.6731,0.8696,0.875,0.9167,0.9167,1.0,0.0,0.2865,0.2865,0.2925,0.1058,0.0,0.0,0.0,0.0,0.0,0.0,9ub8-assembly1,0.8005,heteromultimer,9ub8-assembly1,0.8005,heteromultimer,9ard-assembly1,0.3575,124,174,150.0,147.0,150,111,98.0,1.0498681,1093.85,3339.7479999999987,1505.9479999999996,4845.700000000002,0.6892188951028743,0.3107802794229934,3262.649999999998,1457.7599999999984,4741.860000000001,0.6880527894117493,0.307423669193101,3415.1800000000003,1552.7800000000025,4948.409999999996,0.6901570403422519,0.3137937236405236,0.977592,0.97104,0.98697
9x1x_A-8oys_A,hard_negative,0,0.0,0.0,0.0,0.1712972819805145,0.1486805081367492,0.1595485419034958,0.6483773853901895,0.5873631884181872,0.624494763161533,0.2667133026624495,0.2410618791883066,0.2525377861551032,0.8021,0.8021,0.8021,0.7623,0.7213,0.6948,0.5276,0.3333,0.0,0.0,0.6232,0.6232,0.6232,0.5511,0.4963,0.4838,0.3865,0.1818,0.0,0.0,8oys-assembly1,0.9538,monomer,5j0j-assembly1,0.7681,homomultimer,5j0j-assembly1,0.7681,0,0,0.0,0.0,0,0,0.0,0.0,0.0,614.9539999999997,250.0300000000001,864.9880000000005,0.7109393425111092,0.2890560331472806,473.1099999999988,191.46000000000004,664.5799999999999,0.7118932257967421,0.2880917271058413,758.8199999999997,326.3800000000001,1085.2000000000007,0.6992443789163281,0.3007556210836711,0.8195309999999999,0.74424,0.98577
9x1x_A-8dj8_A,hard_negative,0,0.0,0.010727,0.002145,0.1957610696554184,0.1640798896551132,0.1769543051719665,0.681841764193851,0.6748496454794649,0.6795396859452255,0.2921907988348293,0.2662338408199836,0.2774713813266184,0.5727,0.5727,0.5727,0.5727,0.553,0.5407,0.5266,0.5112,0.5079,0.5,0.4154,0.4154,0.4154,0.4154,0.4134,0.4154,0.419,0.43,0.4385,0.4336,8u23-assembly3,0.9763,monomer,7swu-assembly2,0.9629,homomultimer,7swu-assembly2,0.9629,5,5,1.0,0.0,3,4,82.0,14.735766,100.89,926.0780000000008,758.2040000000004,1684.2779999999996,0.5498367846638149,0.4501655902410413,754.4700000000012,592.3500000000013,1346.8199999999997,0.5601862164209036,0.4398137835790984,1043.08,1165.6500000000003,2189.159999999998,0.476474994975242,0.5324645069341672,0.8173829999999999,0.7018,0.93396
9y5f_A-7ypl_A,hard_negative,0,0.0,0.012312,0.004669,0.15132637321949,0.1084681749343872,0.1275207668542862,0.5448312956609671,0.4848134490314479,0.519190005958217,0.2294742224415067,0.1871907998900957,0.2058546146750723,0.6622,0.6622,0.6622,0.6622,0.6632,0.636,0.6218,0.6771,0.8128,0.0,0.0811,0.0811,0.0811,0.0811,0.0812,0.0809,0.0777,0.0752,0.0443,0.0,5oc7-assembly3,0.8975,heteromultimer,5oc7-assembly3,0.8975,heteromultimer,2ck2-assembly1,0.8841,1,62,14.0,2.0,37,29,73.0,9.166538,175.86,869.508,624.2880000000005,1493.794,0.5820802600626326,0.4179210788100638,716.6999999999998,280.130000000001,996.84,0.7189719513663173,0.2810180169335108,1011.3500000000004,1046.34,2057.6900000000005,0.4914977474741093,0.5085022525258907,0.655237,0.58975,0.78209
9yj4_A-9yj4_B,heterodimer,1,0.014496,0.731276,0.210331,0.8364819288253784,0.2002767622470855,0.4430002450942993,0.8765364089125646,0.578718383795486,0.6926177065193647,0.8444928248428156,0.2759650865567656,0.4929237373793124,0.9143,0.9143,0.9118,0.8689,0.6842,0.6875,0.7097,0.6842,0.6842,0.7647,0.0619,0.0619,0.0637,0.0328,0.1053,0.125,0.129,0.0,0.0,0.0,9b9f-assembly2,0.9639,heteromultimer,9b9f-assembly2,0.9639,heteromultimer,3hh7-assembly1,0.6593,4,79,42.0,25.0,48,34,97.0,0.983032,1234.46,847.4740000000002,545.7119999999999,1393.1899999999994,0.6082975042887191,0.391699624602531,797.3699999999999,482.04,1337.7799999999988,0.596039707575237,0.3603283051024835,898.3900000000003,603.6700000000001,1502.0599999999995,0.5981052687642309,0.4018947312357697,0.8282999999999999,0.60813,0.98814
9y5g_B-9kvu_A,hard_negative,0,0.0,0.0,0.0,0.1482575535774231,0.111752301454544,0.1280884847044944,0.5975884272605165,0.5499226388200967,0.5717466510904561,0.2341402783781287,0.2024061667860147,0.2168201179816868,0.7771,0.7771,0.7771,0.7651,0.7744,0.8353,0.8189,0.5556,0.0,0.0,0.1893,0.1893,0.1893,0.1767,0.1704,0.1365,0.1654,0.0,0.0,0.0,9kvu-assembly1,0.9688,monomer,7wjx-assembly1,0.7717,heteromultimer,6h2d-assembly1,0.6999,0,0,0.0,0.0,0,0,0.0,0.0,0.0,301.434,498.27400000000017,799.7119999999995,0.3769281941498942,0.6230668040494584,148.6200000000008,356.6999999999989,505.3299999999981,0.2941048423802295,0.7058753685710333,431.9899999999998,606.9000000000015,1038.91,0.4158108017056336,0.584169947348665,0.769638,0.71434,0.8418
9zdo_A-9lx1_A,hard_negative,0,0.0,0.015253,0.008193,0.2782049179077148,0.1126502752304077,0.1830902606248855,0.5846673927278765,0.5229495809354183,0.5425553965424067,0.3394974128717472,0.1954136506688477,0.2549832878083898,0.884,0.884,0.882,0.8812,0.8474,0.802,0.52,0.0714,0.0909,0.0,0.6857,0.6857,0.6867,0.6906,0.6526,0.6931,0.5,0.0714,0.0909,0.0,9zdp-assembly1,0.8868,homomultimer,9zdp-assembly1,0.8868,homomultimer,9zdp-assembly1,0.8868,1,92,19.0,11.0,28,23,82.0,7.081384,144.03,416.25200000000007,392.3320000000001,808.5840000000001,0.5147912894640507,0.4852087105359493,297.96000000000004,311.8600000000006,695.4799999999996,0.4284235348248695,0.4484097314085247,532.1900000000005,486.8900000000003,895.3400000000001,0.594399892778163,0.5438045882011305,0.6108079999999999,0.57844,0.66413
9zdo_A-9omb_A,hard_negative,0,0.0,0.013708,0.002742,0.2498506158590316,0.1577139794826507,0.1868872195482254,0.753257210434841,0.5867671775044352,0.7007958203062125,0.3505319347741935,0.2511754951322347,0.2896689396998228,0.6168,0.6168,0.5872,0.494,0.25,0.2222,0.2262,0.2078,0.2157,0.0,0.3583,0.3583,0.3557,0.3452,0.1731,0.1556,0.1667,0.1429,0.1765,0.0,8ubs-assembly4,0.9843,monomer,9zdp-assembly1,0.894,homomultimer,9zdp-assembly1,0.894,1,72,16.0,0.0,29,23,76.0,10.495157,262.28,553.5599999999998,338.7459999999999,892.298,0.6203757040809235,0.3796332615337028,429.22000000000025,238.10999999999967,667.3299999999999,0.6431900259242058,0.3568099740757941,627.3999999999996,417.9200000000001,965.08,0.6501015459858247,0.4330418203672235,0.784464,0.73883,0.90667
9zdo_A-7mwq_A,hard_negative,0,0.011239,0.014007,0.012911,0.3014598786830902,0.2301915884017944,0.2661128520965576,0.78382451410901,0.7583035774237324,0.7671557127331983,0.3979328057682741,0.3371518777595875,0.3663214242238857,0.7488,0.7488,0.7451,0.7424,0.7299,0.5682,0.4348,0.2,0.2727,1.0,0.3237,0.3237,0.3284,0.3283,0.292,0.2955,0.1304,0.0667,0.0909,0.0,7mwq-assembly1,0.9708,heteromultimer,7mwq-assembly1,0.9708,heteromultimer,9zdp-assembly1,0.869,10,115,41.0,29.0,51,34,79.0,9.371313,241.63,599.832,484.6199999999999,1084.4500000000005,0.5531209368804462,0.4468809073724005,567.9299999999994,463.02999999999975,1036.8500000000004,0.5477455755413022,0.4465737570526109,632.2900000000009,521.71,1153.9899999999998,0.547916359760484,0.4520923058258738,0.905745,0.8473,0.96464
9vap_A-9vap_B,heterodimer,1,0.918594,0.930582,0.925055,0.8963884115219116,0.8856561183929443,0.8911195993423462,0.9131281904519176,0.9095576998584912,0.9109136258414476,0.8997363673079128,0.8904364346860538,0.8950784046421665,0.9386,0.9386,0.9473,0.9546,0.9597,0.9671,0.8819,0.7581,0.0,0.0,0.0879,0.0879,0.0849,0.0062,0.0021,0.0,0.0,0.0,0.0,0.0,2v3v-assembly1,0.8231,monomer,3o5a-assembly1,0.7866,heteromultimer,4dhv-assembly1,0.4745,113,138,127.0,124.0,124,86,98.0,0.9266408,1768.34,2025.1100000000013,1581.154000000001,3606.268000000001,0.5615528296843165,0.4384460611357781,1952.5300000000025,1509.3400000000038,3461.8899999999994,0.5640069441836693,0.4359872786252607,2076.05,1654.8499999999983,3721.849999999999,0.5578005561750206,0.4446310302672056,0.970585,0.95968,0.98232
9ve6_A-9ve6_B,heterodimer,1,0.016672,0.524738,0.376717,0.7199432849884033,0.202589601278305,0.5931190073490142,0.72215141419563,0.3615362001921032,0.6293067574900176,0.7203849108298488,0.2343789210610647,0.6003565573772149,0.8548,0.8548,0.8512,0.8824,0.8571,1.0,1.0,1.0,0.0,0.0,0.379,0.379,0.3884,0.3088,0.3929,0.0,0.0,0.0,0.0,0.0,9ve5-assembly1,0.7349,heteromultimer,9ve5-assembly1,0.7349,heteromultimer,9hau-assembly1,0.4448,13,149,83.0,22.0,96,66,93.0,0.970961,1764.0,2146.752,779.7580000000003,2926.5200000000004,0.7335511119008241,0.2664454710714433,1842.7700000000004,646.3499999999995,2489.130000000001,0.7403269415418238,0.2596690409902252,2278.49,943.1600000000004,3221.67,0.7072387923033705,0.2927549997361617,0.77648,0.62166,0.91231
7f4t_A-7f4t_B,heterodimer,1,0.811139,0.823055,0.817135,0.9058666825294496,0.8825079798698425,0.8954945087432862,0.8659105896718858,0.8596663872171675,0.8630483581153877,0.8978754639579368,0.8779396613393076,0.8890052786177065,0.7769,0.7769,0.7766,0.7661,0.9203,0.9512,0.9643,0.9765,1.0,1.0,0.1909,0.1909,0.1935,0.1976,0.1884,0.1626,0.1071,0.0,0.0,0.0,7f4l-assembly2,0.9121,heteromultimer,7f4l-assembly2,0.9121,heteromultimer,5hfj-assembly3,0.653,94,105,98.0,96.0,102,73,98.0,0.9157745,1639.28,2183.88,1138.03,3321.906,0.6574177595633349,0.3425834445646565,2164.5599999999995,1121.5,3292.6800000000003,0.6573854732315315,0.3406040064628205,2200.67,1163.17,3342.220000000001,0.6584455840728616,0.3480231702281716,0.993031,0.98888,0.99555
8pfd_A-8pfd_B,heterodimer,1,0.0,0.012104,0.002421,0.2165544629096985,0.1196492984890937,0.1820542052388191,0.6895221333009977,0.6553045455832462,0.674775584759579,0.3111479969879583,0.2267803479079242,0.2805984811429711,0.7288,0.7288,0.7288,0.7678,0.7969,0.8587,0.8801,0.8974,0.9877,0.9844,0.208,0.208,0.208,0.2017,0.0917,0.0139,0.0158,0.0214,0.0,0.0,8j4a-assembly1,0.9799,heteromultimer,8j4a-assembly1,0.9799,heteromultimer,1bhq-assembly1,0.7787,14,29,9.0,0.0,24,19,79.0,12.313802,166.65,901.2319999999996,654.03,1555.2659999999992,0.5794712930135425,0.4205261350791442,686.5199999999995,427.1599999999999,1113.6900000000005,0.6164372491447344,0.3835537716958935,1213.3599999999997,985.6000000000004,2198.98,0.5517830994370116,0.4482078054370665,0.7022470000000001,0.64833,0.84468
9y5f_A-9y5f_B,heterodimer,1,0.836629,0.854613,0.847043,0.8972821235656738,0.8901231288909912,0.8934895396232605,0.8877366915067773,0.8802771982461798,0.8850491849615262,0.8953730371538946,0.8885537230354665,0.8918014686909137,0.7815,0.7815,0.7815,0.7817,0.7745,0.7692,0.88,1.0,1.0,1.0,0.1387,0.1387,0.1387,0.131,0.1225,0.1615,0.32,0.0,0.0,0.0,9y5g-assembly1,0.942,heteromultimer,9y5g-assembly1,0.942,heteromultimer,6h2d-assembly1,0.6853,190,219,205.0,201.0,203,146,99.0,0.8815749,1481.52,4425.388,2339.2180000000003,6764.598,0.6541982243438561,0.3458029582837,4381.41,2281.120000000001,6698.029999999999,0.6541341260042133,0.3405658081555325,4472.939999999999,2426.6399999999994,6883.5,0.649806057964698,0.352529962954892,0.997676,0.9959,0.9993
8ezs_A-8ezs_B,heterodimer,1,0.843196,0.851622,0.848682,0.932422697544098,0.9290482997894288,0.9301781415939332,0.9314971967658732,0.9279460014128332,0.9291525439139312,0.932237597388453,0.9290028276893876,0.9299730220579328,0.8109,0.8109,0.8036,0.6839,0.5287,0.6061,0.7857,0.625,0.7143,0.6,0.1834,0.1834,0.1667,0.1484,0.1494,0.2121,0.4286,0.0,0.0,0.0,7vkc-assembly1,0.9746,monomer,7ab3-assembly1,0.9156,heteromultimer,3akk-assembly2,0.6841,104,127,114.0,113.0,115,79,98.0,0.9740414,1368.77,1741.8799999999997,1413.08,3154.962000000001,0.5521080761036105,0.4478912899743323,1717.9599999999991,1365.2700000000004,3083.2400000000016,0.5571930826014188,0.4428036740571605,1756.5299999999988,1445.449999999999,3201.9900000000016,0.5485744802450969,0.4514223966970535,0.999364,0.99899,0.99961
9tpf_A-9tpf_B,heterodimer,1,0.865694,0.87863,0.87202,0.9214584231376648,0.9142773151397704,0.9178800344467164,0.932357145451122,0.9287295833075008,0.9305637355642192,0.9235195024550004,0.9171677687733166,0.920416774670217,0.5066,0.5066,0.5035,0.3895,0.3845,0.3671,0.3548,0.3762,0.3815,0.4674,0.1409,0.1409,0.1405,0.1443,0.1291,0.1063,0.086,0.0668,0.0736,0.0825,9tpe-assembly1,0.9865,heteromultimer,9tpe-assembly1,0.9865,heteromultimer,3ca6-assembly4,0.9573,98,132,115.0,113.0,117,93,97.0,1.0855998,1034.93,1896.326,1566.5819999999997,3462.9080000000004,0.5476108519198316,0.4523891480801683,1878.1200000000008,1523.84,3401.959999999999,0.5520699831861636,0.4479300168138369,1925.210000000001,1604.6799999999985,3502.880000000001,0.5496077513360436,0.4581030466359104,0.998687,0.99794,0.99947
9gjc_A-9gjc_B,heterodimer,1,0.0,0.0,0.0,0.2022871822118759,0.1716731637716293,0.1841064542531967,0.3240932087899129,0.2941562340026969,0.3122978519001488,0.2262214810887612,0.1961697778178428,0.2097447337825871,0.7563,0.7563,0.7514,0.7449,0.5152,0.6296,1.0,1.0,0.0,0.0,0.4365,0.4365,0.4282,0.5204,0.1818,0.1481,0.0,0.0,0.0,0.0,9gji-assembly1,0.7338,heteromultimer,9gji-assembly1,0.7338,heteromultimer,4g9m-assembly1,0.5539,0,0,0.0,0.0,0,0,0.0,0.0,0.0,1989.1800000000003,1593.4100000000003,3582.587999999997,0.5552354889817087,0.4447650692739443,1329.5499999999956,1044.9000000000017,2374.449999999997,0.559940196677124,0.4400598033228759,2345.5999999999985,1932.610000000004,4195.449999999997,0.5590818624938922,0.4606442693870754,0.440475,0.34087,0.53696
8glc_A-8glc_B,heterodimer,1,0.873471,0.880678,0.876291,0.9438822269439696,0.939700961112976,0.9423195481300354,0.9203271184929136,0.91764850035609,0.9187473134408448,0.9386852900381027,0.935738145716553,0.9376051011921972,0.3972,0.3972,0.3934,0.298,0.2828,0.2832,0.2747,0.2689,0.2533,0.4783,0.2661,0.2661,0.2665,0.2209,0.2085,0.2089,0.2039,0.2091,0.1689,0.0,8gkm-assembly1,0.9497,heteromultimer,8gkm-assembly1,0.9497,heteromultimer,6vhw-assembly3,0.8988,77,98,87.0,83.0,88,62,99.0,0.88157904,1214.99,1519.9879999999998,938.2980000000005,2458.28,0.6183136176513658,0.3816888230795516,1507.2600000000002,921.7999999999992,2451.709999999999,0.614779072565679,0.3759824775360869,1535.3399999999983,947.1100000000006,2476.170000000002,0.6200462811519392,0.3824898936664283,0.997935,0.99647,0.99905
9q8z_A-9q8z_B,heterodimer,1,0.866668,0.878756,0.872329,0.9025874137878418,0.8933785557746887,0.8976023197174072,0.8903009828911133,0.8801877588095739,0.8851890856468219,0.9001301276084962,0.8907403963816658,0.8951196729032903,0.7217,0.7217,0.7071,0.5346,0.3857,0.1429,1.0,1.0,1.0,1.0,0.393,0.393,0.3867,0.3808,0.3571,0.0,0.0,0.0,0.0,0.0,9o4g-assembly1,0.9108,heteromultimer,9o4g-assembly1,0.9108,heteromultimer,9sp7-assembly1,0.4951,527,652,585.0,562.0,580,415,99.0,0.8767907,1669.5,12526.238,7046.591999999999,19572.832,0.6399808673573656,0.3600190304601807,12256.660000000003,6673.93,18930.59,0.6474526150532025,0.3525473849467978,12745.309999999998,7278.899999999994,20019.98000000001,0.6366295071223843,0.3635817817999813,0.987914,0.97823,0.99669
8p97_A-8p97_B,heterodimer,1,0.830407,0.840493,0.836212,0.8857724070549011,0.879469633102417,0.8821570158004761,0.8820911541582297,0.8729041729550981,0.8779998424485835,0.8842784598509847,0.8781565410729533,0.8813255811300976,0.6685,0.6685,0.6687,0.6677,0.6744,0.6623,0.6299,0.5226,0.2549,0.2174,0.1082,0.1082,0.1084,0.1036,0.1024,0.0658,0.035,0.0185,0.0196,0.0435,8p98-assembly1,0.9595,heteromultimer,8p98-assembly1,0.9595,heteromultimer,8puj-assembly1,0.9401,164,236,199.0,192.0,198,159,97.0,1.0682747,1502.21,4011.132,2646.28,6657.410000000002,0.6025063801087809,0.397493920308348,3855.1699999999983,2535.300000000003,6390.460000000006,0.6032695611896475,0.3967320036429303,4096.349999999999,2762.6699999999983,6799.880000000005,0.6024150426183985,0.4062821696853468,0.9875609999999998,0.98342,0.99587
8zht_A-8zht_B,heterodimer,1,0.852593,0.871484,0.860675,0.9592026472091675,0.9525117874145508,0.9554445505142212,0.8305110582195461,0.8180100503093779,0.8233262092975486,0.9321976730708215,0.9256114399935162,0.9290208822708867,0.8114,0.8114,0.8082,0.8014,0.7991,0.8398,0.7279,0.5667,0.0,0.0,0.17,0.17,0.1288,0.1165,0.1144,0.1277,0.2653,0.2333,0.0,0.0,8fwd-assembly1,0.7701,heteromultimer,8fwd-assembly1,0.7701,heteromultimer,6v8e-assembly1,0.7344,146,161,153.0,150.0,155,116,99.0,0.9448004,1310.45,3099.7780000000007,1667.4219999999993,4767.207999999999,0.650233705756808,0.3497646121356567,3084.380000000001,1645.8199999999997,4751.870000000003,0.6469894782769223,0.34631927142953334,3117.0000000000036,1683.760000000002,4793.169999999998,0.6536765200996565,0.35300842409088673,0.993787,0.98656,0.99864
9gvh_B-9uml_A,hard_negative,0,0.0,0.0,0.0,0.21506816148757935,0.1380145102739334,0.17358821332454683,0.8505627624730092,0.8393850745301931,0.8447411897256,0.34150705594456376,0.27872243449835976,0.3078188086047574,0.6914,0.6914,0.6886,0.6678,0.5545,0.5288,0.1505,0.125,0.0,0.0,0.5297,0.5297,0.5272,0.4732,0.5213,0.5079,0.1398,0.1071,0.0,0.0,9umk-assembly1,0.9822,monomer,1jvg-assembly1,0.7783,homomultimer,1jvg-assembly1,0.7783,0,0,0.0,0.0,0,0,0.0,0.0,0.0,539.3339999999996,499.9539999999994,1039.2900000000002,0.5195515325511477,0.48044762750169373,390.40999999999985,365.34000000000015,775.5200000000004,0.5034170621002677,0.4536004624105008,655.6700000000001,635.4399999999987,1286.75,0.5463902147971362,0.4965958324736958,0.9081629999999998,0.88492,0.94612
9cic_A-9hsa_A,hard_negative,0,0.0,0.0,0.0,0.24324169754981995,0.11955674737691879,0.16811202913522721,0.4852853179946793,0.4233138381990789,0.4564481249150331,0.2874462175572776,0.18030816554135082,0.2257792482911884,0.7891,0.7891,0.7891,0.7877,0.7902,0.8288,0.4444,0.5,0.0,0.0,0.1353,0.1353,0.1353,0.1343,0.1638,0.1667,0.3889,0.5,0.0,0.0,3ucw-assembly2,0.7479,homomultimer,3ucw-assembly2,0.7479,homomultimer,3ucw-assembly2,0.7479,1,30,6.0,0.0,15,14,67.0,10.470547,178.87,1492.232,756.6200000000002,2248.8500000000013,0.6700826581581307,0.32991841905082064,1084.8400000000001,524.7300000000005,1609.5699999999997,0.6247434502202124,0.2813765897018096,1950.54,1106.9400000000005,3057.4800000000014,0.7186234102981899,0.3752565497797866,0.616209,0.52145,0.87865
7q58_A-7ver_A,hard_negative,0,0.0,0.0,0.0,0.19437304139137268,0.13040602207183838,0.16976009011268617,0.6066301219962726,0.57490449552072,0.589818687341888,0.2768244575123527,0.2196581272644661,0.2537718095585265,0.5761,0.5761,0.5766,0.5453,0.4889,0.4365,0.3792,0.3133,0.4146,0.3448,0.2612,0.2612,0.2614,0.2052,0.0903,0.0907,0.0415,0.0558,0.0366,0.0172,7ver-assembly1,0.9871,monomer,6gy5-assembly1,0.9704,heteromultimer,9j7f-assembly2,0.9694,0,0,0.0,0.0,0,0,0.0,0.0,0.0,769.7280000000006,901.9839999999997,1671.7180000000008,0.4614223559346288,0.5385740292938661,661.1800000000003,693.0200000000004,1359.7300000000032,0.3926787309359167,0.4791246488244851,927.9200000000019,1101.4400000000023,1921.0,0.520875351175515,0.6073157552298721,0.809382,0.66094,0.96212
9m9g_A-8bl3_A,hard_negative,0,0.0,0.0,0.0,0.12168394029140472,0.08732567727565765,0.09976867735385894,0.5170595907109262,0.38892500059206814,0.43791513180933095,0.17513215235153742,0.157365492554775,0.1673979682449534,0.8193,0.8193,0.8177,0.8438,0.8612,0.8676,0.8679,0.8864,0.8843,0.8721,0.133,0.133,0.1329,0.0952,0.0799,0.0791,0.0737,0.078,0.0794,0.0754,3n32-assembly1,0.927,monomer,7uyh-assembly1,0.9262,heteromultimer,2zcb-assembly4,0.9183,0,0,0.0,0.0,0,0,0.0,0.0,0.0,686.6220000000003,754.7980000000003,1441.4219999999993,0.4743816326916459,0.5256175899245626,517.8900000000003,592.5100000000002,1110.3899999999994,0.44010451362674124,0.490411044477762,815.7399999999998,833.1600000000008,1640.2099999999991,0.5095827086456772,0.559895486373258,0.581722,0.40793,0.73008
9lp2_A-7y6b_A,hard_negative,0,0.0,0.014648,0.010881,0.2351167649030685,0.1308090090751648,0.1887728214263916,0.7050820756226795,0.6701374878332333,0.691724007555987,0.3291098270469907,0.2386747048267785,0.2893630586523107,0.7968,0.7968,0.7968,0.7866,0.791,0.8598,0.8636,1.0,1.0,0.0,0.3745,0.3745,0.3745,0.3598,0.3842,0.4486,0.4318,0.0,0.0,0.0,7y6b-assembly1,0.8217,heteromultimer,7y6b-assembly1,0.8217,heteromultimer,1mft-assembly1,0.6966,2,105,24.0,2.0,44,37,70.0,8.607161,248.28,1106.746,966.6760000000002,2073.42,0.5337780092793548,0.4662229553105498,885.4200000000001,842.5800000000008,1748.2300000000014,0.5064665404437627,0.4819617556042398,1266.2800000000009,1097.0300000000009,2234.6100000000006,0.5666671141720481,0.4909268283951116,0.786492,0.74004,0.83067
